INFO:     Started server process [79224]
INFO:     Waiting for application startup.
INFO:     Application startup complete.
INFO:     Uvicorn running on http://0.0.0.0:8000 (Press CTRL+C to quit)
ERROR:    Exception in ASGI application
Traceback (most recent call last):
  File "C:\Users\zqmco\AppData\Local\hermes\hermes-agent\venv\Lib\site-packages\uvicorn\protocols\http\httptools_impl.py", line 399, in run_asgi
    result = await app(  # type: ignore[func-returns-value]
             ^^^^^^^^^^^^^^^^^^^^^^^^^^^^^^^^^^^^^^^^^^^^^^
  File "C:\Users\zqmco\AppData\Local\hermes\hermes-agent\venv\Lib\site-packages\uvicorn\middleware\proxy_headers.py", line 70, in __call__
    return await self.app(scope, receive, send)
           ^^^^^^^^^^^^^^^^^^^^^^^^^^^^^^^^^^^^
  File "C:\Users\zqmco\AppData\Local\hermes\hermes-agent\venv\Lib\site-packages\fastapi\applications.py", line 1054, in __call__
    await super().__call__(scope, receive, send)
  File "C:\Users\zqmco\AppData\Local\hermes\hermes-agent\venv\Lib\site-packages\starlette\applications.py", line 113, in __call__
    await self.middleware_stack(scope, receive, send)
  File "C:\Users\zqmco\AppData\Local\hermes\hermes-agent\venv\Lib\site-packages\starlette\middleware\errors.py", line 187, in __call__
    raise exc
  File "C:\Users\zqmco\AppData\Local\hermes\hermes-agent\venv\Lib\site-packages\starlette\middleware\errors.py", line 165, in __call__
    await self.app(scope, receive, _send)
  File "C:\Users\zqmco\AppData\Local\hermes\hermes-agent\venv\Lib\site-packages\starlette\middleware\cors.py", line 85, in __call__
    await self.app(scope, receive, send)
  File "C:\Users\zqmco\AppData\Local\hermes\hermes-agent\venv\Lib\site-packages\starlette\middleware\exceptions.py", line 62, in __call__
    await wrap_app_handling_exceptions(self.app, conn)(scope, receive, send)
  File "C:\Users\zqmco\AppData\Local\hermes\hermes-agent\venv\Lib\site-packages\starlette\_exception_handler.py", line 62, in wrapped_app
    raise exc
  File "C:\Users\zqmco\AppData\Local\hermes\hermes-agent\venv\Lib\site-packages\starlette\_exception_handler.py", line 51, in wrapped_app
    await app(scope, receive, sender)
  File "C:\Users\zqmco\AppData\Local\hermes\hermes-agent\venv\Lib\site-packages\starlette\routing.py", line 715, in __call__
    await self.middleware_stack(scope, receive, send)
  File "C:\Users\zqmco\AppData\Local\hermes\hermes-agent\venv\Lib\site-packages\starlette\routing.py", line 735, in app
    await route.handle(scope, receive, send)
  File "C:\Users\zqmco\AppData\Local\hermes\hermes-agent\venv\Lib\site-packages\starlette\routing.py", line 288, in handle
    await self.app(scope, receive, send)
  File "C:\Users\zqmco\AppData\Local\hermes\hermes-agent\venv\Lib\site-packages\starlette\routing.py", line 76, in app
    await wrap_app_handling_exceptions(app, request)(scope, receive, send)
  File "C:\Users\zqmco\AppData\Local\hermes\hermes-agent\venv\Lib\site-packages\starlette\_exception_handler.py", line 62, in wrapped_app
    raise exc
  File "C:\Users\zqmco\AppData\Local\hermes\hermes-agent\venv\Lib\site-packages\starlette\_exception_handler.py", line 51, in wrapped_app
    await app(scope, receive, sender)
  File "C:\Users\zqmco\AppData\Local\hermes\hermes-agent\venv\Lib\site-packages\starlette\routing.py", line 73, in app
    response = await f(request)
               ^^^^^^^^^^^^^^^^
  File "C:\Users\zqmco\AppData\Local\hermes\hermes-agent\venv\Lib\site-packages\fastapi\routing.py", line 301, in app
    raw_response = await run_endpoint_function(
                   ^^^^^^^^^^^^^^^^^^^^^^^^^^^^
  File "C:\Users\zqmco\AppData\Local\hermes\hermes-agent\venv\Lib\site-packages\fastapi\routing.py", line 214, in run_endpoint_function
    return await run_in_threadpool(dependant.call, **values)
           ^^^^^^^^^^^^^^^^^^^^^^^^^^^^^^^^^^^^^^^^^^^^^^^^^
  File "C:\Users\zqmco\AppData\Local\hermes\hermes-agent\venv\Lib\site-packages\starlette\concurrency.py", line 39, in run_in_threadpool
    return await anyio.to_thread.run_sync(func, *args)
           ^^^^^^^^^^^^^^^^^^^^^^^^^^^^^^^^^^^^^^^^^^^
  File "C:\Users\zqmco\AppData\Local\hermes\hermes-agent\venv\Lib\site-packages\anyio\to_thread.py", line 63, in run_sync
    return await get_async_backend().run_sync_in_worker_thread(
           ^^^^^^^^^^^^^^^^^^^^^^^^^^^^^^^^^^^^^^^^^^^^^^^^^^^^
  File "C:\Users\zqmco\AppData\Local\hermes\hermes-agent\venv\Lib\site-packages\anyio\_backends\_asyncio.py", line 2502, in run_sync_in_worker_thread
    return await future
           ^^^^^^^^^^^^
  File "C:\Users\zqmco\AppData\Local\hermes\hermes-agent\venv\Lib\site-packages\anyio\_backends\_asyncio.py", line 986, in run
    result = context.run(func, *args)
             ^^^^^^^^^^^^^^^^^^^^^^^^
  File "C:\Users\zqmco\Docker\volusia-portal\backend\gamification\routes.py", line 383, in get_missions
    return MissionsResponse(missions=results, available=[m.to_dict() for m in MISSION_CATALOG])
                                                        ^^^^^^^^^^^^^^^^^^^^^^^^^^^^^^^^^^^^^^
  File "C:\Users\zqmco\Docker\volusia-portal\backend\gamification\routes.py", line 383, in <listcomp>
    return MissionsResponse(missions=results, available=[m.to_dict() for m in MISSION_CATALOG])
                                                         ^^^^^^^^^
AttributeError: 'dict' object has no attribute 'to_dict'
INFO:     Started server process [81472]
INFO:     Waiting for application startup.
INFO:     Application startup complete.
INFO:     Uvicorn running on http://0.0.0.0:8000 (Press CTRL+C to quit)
INFO:     Started server process [40584]
INFO:     Waiting for application startup.
INFO:     Application startup complete.
INFO:     Uvicorn running on http://0.0.0.0:8000 (Press CTRL+C to quit)
INFO:     Started server process [37356]
INFO:     Waiting for application startup.
INFO:     Application startup complete.
INFO:     Uvicorn running on http://0.0.0.0:8000 (Press CTRL+C to quit)
Exception in callback _ProactorBasePipeTransport._call_connection_lost(None)
handle: <Handle _ProactorBasePipeTransport._call_connection_lost(None)>
Traceback (most recent call last):
  File "C:\Users\zqmco\AppData\Roaming\uv\python\cpython-3.11-windows-x86_64-none\Lib\asyncio\events.py", line 84, in _run
    self._context.run(self._callback, *self._args)
  File "C:\Users\zqmco\AppData\Roaming\uv\python\cpython-3.11-windows-x86_64-none\Lib\asyncio\proactor_events.py", line 165, in _call_connection_lost
    self._sock.shutdown(socket.SHUT_RDWR)
ConnectionResetError: [WinError 10054] An existing connection was forcibly closed by the remote host
ERROR:    Exception in ASGI application
Traceback (most recent call last):
  File "C:\Users\zqmco\AppData\Local\hermes\hermes-agent\venv\Lib\site-packages\starlette\responses.py", line 315, in __call__
    stat_result = await anyio.to_thread.run_sync(os.stat, self.path)
                  ^^^^^^^^^^^^^^^^^^^^^^^^^^^^^^^^^^^^^^^^^^^^^^^^^^
  File "C:\Users\zqmco\AppData\Local\hermes\hermes-agent\venv\Lib\site-packages\anyio\to_thread.py", line 63, in run_sync
    return await get_async_backend().run_sync_in_worker_thread(
           ^^^^^^^^^^^^^^^^^^^^^^^^^^^^^^^^^^^^^^^^^^^^^^^^^^^^
  File "C:\Users\zqmco\AppData\Local\hermes\hermes-agent\venv\Lib\site-packages\anyio\_backends\_asyncio.py", line 2502, in run_sync_in_worker_thread
    return await future
           ^^^^^^^^^^^^
  File "C:\Users\zqmco\AppData\Local\hermes\hermes-agent\venv\Lib\site-packages\anyio\_backends\_asyncio.py", line 986, in run
    result = context.run(func, *args)
             ^^^^^^^^^^^^^^^^^^^^^^^^
FileNotFoundError: [WinError 3] The system cannot find the path specified: 'dist/index.html'

During handling of the above exception, another exception occurred:

Traceback (most recent call last):
  File "C:\Users\zqmco\AppData\Local\hermes\hermes-agent\venv\Lib\site-packages\uvicorn\protocols\http\httptools_impl.py", line 422, in run_asgi
    result = await app(  # type: ignore[func-returns-value]
             ^^^^^^^^^^^^^^^^^^^^^^^^^^^^^^^^^^^^^^^^^^^^^^
  File "C:\Users\zqmco\AppData\Local\hermes\hermes-agent\venv\Lib\site-packages\uvicorn\middleware\proxy_headers.py", line 63, in __call__
    return await self.app(scope, receive, send)
           ^^^^^^^^^^^^^^^^^^^^^^^^^^^^^^^^^^^^
  File "C:\Users\zqmco\AppData\Local\hermes\hermes-agent\venv\Lib\site-packages\fastapi\applications.py", line 1054, in __call__
    await super().__call__(scope, receive, send)
  File "C:\Users\zqmco\AppData\Local\hermes\hermes-agent\venv\Lib\site-packages\starlette\applications.py", line 113, in __call__
    await self.middleware_stack(scope, receive, send)
  File "C:\Users\zqmco\AppData\Local\hermes\hermes-agent\venv\Lib\site-packages\starlette\middleware\errors.py", line 187, in __call__
    raise exc
  File "C:\Users\zqmco\AppData\Local\hermes\hermes-agent\venv\Lib\site-packages\starlette\middleware\errors.py", line 165, in __call__
    await self.app(scope, receive, _send)
  File "C:\Users\zqmco\AppData\Local\hermes\hermes-agent\venv\Lib\site-packages\starlette\middleware\cors.py", line 85, in __call__
    await self.app(scope, receive, send)
  File "C:\Users\zqmco\AppData\Local\hermes\hermes-agent\venv\Lib\site-packages\starlette\middleware\exceptions.py", line 62, in __call__
    await wrap_app_handling_exceptions(self.app, conn)(scope, receive, send)
  File "C:\Users\zqmco\AppData\Local\hermes\hermes-agent\venv\Lib\site-packages\starlette\_exception_handler.py", line 62, in wrapped_app
    raise exc
  File "C:\Users\zqmco\AppData\Local\hermes\hermes-agent\venv\Lib\site-packages\starlette\_exception_handler.py", line 51, in wrapped_app
    await app(scope, receive, sender)
  File "C:\Users\zqmco\AppData\Local\hermes\hermes-agent\venv\Lib\site-packages\starlette\routing.py", line 715, in __call__
    await self.middleware_stack(scope, receive, send)
  File "C:\Users\zqmco\AppData\Local\hermes\hermes-agent\venv\Lib\site-packages\starlette\routing.py", line 735, in app
    await route.handle(scope, receive, send)
  File "C:\Users\zqmco\AppData\Local\hermes\hermes-agent\venv\Lib\site-packages\starlette\routing.py", line 288, in handle
    await self.app(scope, receive, send)
  File "C:\Users\zqmco\AppData\Local\hermes\hermes-agent\venv\Lib\site-packages\starlette\routing.py", line 76, in app
    await wrap_app_handling_exceptions(app, request)(scope, receive, send)
  File "C:\Users\zqmco\AppData\Local\hermes\hermes-agent\venv\Lib\site-packages\starlette\_exception_handler.py", line 62, in wrapped_app
    raise exc
  File "C:\Users\zqmco\AppData\Local\hermes\hermes-agent\venv\Lib\site-packages\starlette\_exception_handler.py", line 51, in wrapped_app
    await app(scope, receive, sender)
  File "C:\Users\zqmco\AppData\Local\hermes\hermes-agent\venv\Lib\site-packages\starlette\routing.py", line 74, in app
    await response(scope, receive, send)
  File "C:\Users\zqmco\AppData\Local\hermes\hermes-agent\venv\Lib\site-packages\starlette\responses.py", line 318, in __call__
    raise RuntimeError(f"File at path {self.path} does not exist.")
RuntimeError: File at path dist/index.html does not exist.
ERROR:    Exception in ASGI application
Traceback (most recent call last):
  File "C:\Users\zqmco\AppData\Local\hermes\hermes-agent\venv\Lib\site-packages\starlette\responses.py", line 315, in __call__
    stat_result = await anyio.to_thread.run_sync(os.stat, self.path)
                  ^^^^^^^^^^^^^^^^^^^^^^^^^^^^^^^^^^^^^^^^^^^^^^^^^^
  File "C:\Users\zqmco\AppData\Local\hermes\hermes-agent\venv\Lib\site-packages\anyio\to_thread.py", line 63, in run_sync
    return await get_async_backend().run_sync_in_worker_thread(
           ^^^^^^^^^^^^^^^^^^^^^^^^^^^^^^^^^^^^^^^^^^^^^^^^^^^^
  File "C:\Users\zqmco\AppData\Local\hermes\hermes-agent\venv\Lib\site-packages\anyio\_backends\_asyncio.py", line 2502, in run_sync_in_worker_thread
    return await future
           ^^^^^^^^^^^^
  File "C:\Users\zqmco\AppData\Local\hermes\hermes-agent\venv\Lib\site-packages\anyio\_backends\_asyncio.py", line 986, in run
    result = context.run(func, *args)
             ^^^^^^^^^^^^^^^^^^^^^^^^
FileNotFoundError: [WinError 3] The system cannot find the path specified: 'dist/index.html'

During handling of the above exception, another exception occurred:

Traceback (most recent call last):
  File "C:\Users\zqmco\AppData\Local\hermes\hermes-agent\venv\Lib\site-packages\uvicorn\protocols\http\httptools_impl.py", line 422, in run_asgi
    result = await app(  # type: ignore[func-returns-value]
             ^^^^^^^^^^^^^^^^^^^^^^^^^^^^^^^^^^^^^^^^^^^^^^
  File "C:\Users\zqmco\AppData\Local\hermes\hermes-agent\venv\Lib\site-packages\uvicorn\middleware\proxy_headers.py", line 63, in __call__
    return await self.app(scope, receive, send)
           ^^^^^^^^^^^^^^^^^^^^^^^^^^^^^^^^^^^^
  File "C:\Users\zqmco\AppData\Local\hermes\hermes-agent\venv\Lib\site-packages\fastapi\applications.py", line 1054, in __call__
    await super().__call__(scope, receive, send)
  File "C:\Users\zqmco\AppData\Local\hermes\hermes-agent\venv\Lib\site-packages\starlette\applications.py", line 113, in __call__
    await self.middleware_stack(scope, receive, send)
  File "C:\Users\zqmco\AppData\Local\hermes\hermes-agent\venv\Lib\site-packages\starlette\middleware\errors.py", line 187, in __call__
    raise exc
  File "C:\Users\zqmco\AppData\Local\hermes\hermes-agent\venv\Lib\site-packages\starlette\middleware\errors.py", line 165, in __call__
    await self.app(scope, receive, _send)
  File "C:\Users\zqmco\AppData\Local\hermes\hermes-agent\venv\Lib\site-packages\starlette\middleware\cors.py", line 85, in __call__
    await self.app(scope, receive, send)
  File "C:\Users\zqmco\AppData\Local\hermes\hermes-agent\venv\Lib\site-packages\starlette\middleware\exceptions.py", line 62, in __call__
    await wrap_app_handling_exceptions(self.app, conn)(scope, receive, send)
  File "C:\Users\zqmco\AppData\Local\hermes\hermes-agent\venv\Lib\site-packages\starlette\_exception_handler.py", line 62, in wrapped_app
    raise exc
  File "C:\Users\zqmco\AppData\Local\hermes\hermes-agent\venv\Lib\site-packages\starlette\_exception_handler.py", line 51, in wrapped_app
    await app(scope, receive, sender)
  File "C:\Users\zqmco\AppData\Local\hermes\hermes-agent\venv\Lib\site-packages\starlette\routing.py", line 715, in __call__
    await self.middleware_stack(scope, receive, send)
  File "C:\Users\zqmco\AppData\Local\hermes\hermes-agent\venv\Lib\site-packages\starlette\routing.py", line 735, in app
    await route.handle(scope, receive, send)
  File "C:\Users\zqmco\AppData\Local\hermes\hermes-agent\venv\Lib\site-packages\starlette\routing.py", line 288, in handle
    await self.app(scope, receive, send)
  File "C:\Users\zqmco\AppData\Local\hermes\hermes-agent\venv\Lib\site-packages\starlette\routing.py", line 76, in app
    await wrap_app_handling_exceptions(app, request)(scope, receive, send)
  File "C:\Users\zqmco\AppData\Local\hermes\hermes-agent\venv\Lib\site-packages\starlette\_exception_handler.py", line 62, in wrapped_app
    raise exc
  File "C:\Users\zqmco\AppData\Local\hermes\hermes-agent\venv\Lib\site-packages\starlette\_exception_handler.py", line 51, in wrapped_app
    await app(scope, receive, sender)
  File "C:\Users\zqmco\AppData\Local\hermes\hermes-agent\venv\Lib\site-packages\starlette\routing.py", line 74, in app
    await response(scope, receive, send)
  File "C:\Users\zqmco\AppData\Local\hermes\hermes-agent\venv\Lib\site-packages\starlette\responses.py", line 318, in __call__
    raise RuntimeError(f"File at path {self.path} does not exist.")
RuntimeError: File at path dist/index.html does not exist.
INFO:     Started server process [8736]
INFO:     Waiting for application startup.
INFO:     Application startup complete.
INFO:     Uvicorn running on http://0.0.0.0:8000 (Press CTRL+C to quit)
ERROR:    Exception in ASGI application
Traceback (most recent call last):
  File "C:\Users\zqmco\AppData\Local\hermes\hermes-agent\venv\Lib\site-packages\starlette\responses.py", line 315, in __call__
    stat_result = await anyio.to_thread.run_sync(os.stat, self.path)
                  ^^^^^^^^^^^^^^^^^^^^^^^^^^^^^^^^^^^^^^^^^^^^^^^^^^
  File "C:\Users\zqmco\AppData\Local\hermes\hermes-agent\venv\Lib\site-packages\anyio\to_thread.py", line 63, in run_sync
    return await get_async_backend().run_sync_in_worker_thread(
           ^^^^^^^^^^^^^^^^^^^^^^^^^^^^^^^^^^^^^^^^^^^^^^^^^^^^
  File "C:\Users\zqmco\AppData\Local\hermes\hermes-agent\venv\Lib\site-packages\anyio\_backends\_asyncio.py", line 2502, in run_sync_in_worker_thread
    return await future
           ^^^^^^^^^^^^
  File "C:\Users\zqmco\AppData\Local\hermes\hermes-agent\venv\Lib\site-packages\anyio\_backends\_asyncio.py", line 986, in run
    result = context.run(func, *args)
             ^^^^^^^^^^^^^^^^^^^^^^^^
FileNotFoundError: [WinError 3] The system cannot find the path specified: 'dist/index.html'

During handling of the above exception, another exception occurred:

Traceback (most recent call last):
  File "C:\Users\zqmco\AppData\Local\hermes\hermes-agent\venv\Lib\site-packages\uvicorn\protocols\http\httptools_impl.py", line 422, in run_asgi
    result = await app(  # type: ignore[func-returns-value]
             ^^^^^^^^^^^^^^^^^^^^^^^^^^^^^^^^^^^^^^^^^^^^^^
  File "C:\Users\zqmco\AppData\Local\hermes\hermes-agent\venv\Lib\site-packages\uvicorn\middleware\proxy_headers.py", line 63, in __call__
    return await self.app(scope, receive, send)
           ^^^^^^^^^^^^^^^^^^^^^^^^^^^^^^^^^^^^
  File "C:\Users\zqmco\AppData\Local\hermes\hermes-agent\venv\Lib\site-packages\fastapi\applications.py", line 1054, in __call__
    await super().__call__(scope, receive, send)
  File "C:\Users\zqmco\AppData\Local\hermes\hermes-agent\venv\Lib\site-packages\starlette\applications.py", line 113, in __call__
    await self.middleware_stack(scope, receive, send)
  File "C:\Users\zqmco\AppData\Local\hermes\hermes-agent\venv\Lib\site-packages\starlette\middleware\errors.py", line 187, in __call__
    raise exc
  File "C:\Users\zqmco\AppData\Local\hermes\hermes-agent\venv\Lib\site-packages\starlette\middleware\errors.py", line 165, in __call__
    await self.app(scope, receive, _send)
  File "C:\Users\zqmco\AppData\Local\hermes\hermes-agent\venv\Lib\site-packages\starlette\middleware\cors.py", line 85, in __call__
    await self.app(scope, receive, send)
  File "C:\Users\zqmco\AppData\Local\hermes\hermes-agent\venv\Lib\site-packages\starlette\middleware\exceptions.py", line 62, in __call__
    await wrap_app_handling_exceptions(self.app, conn)(scope, receive, send)
  File "C:\Users\zqmco\AppData\Local\hermes\hermes-agent\venv\Lib\site-packages\starlette\_exception_handler.py", line 62, in wrapped_app
    raise exc
  File "C:\Users\zqmco\AppData\Local\hermes\hermes-agent\venv\Lib\site-packages\starlette\_exception_handler.py", line 51, in wrapped_app
    await app(scope, receive, sender)
  File "C:\Users\zqmco\AppData\Local\hermes\hermes-agent\venv\Lib\site-packages\starlette\routing.py", line 715, in __call__
    await self.middleware_stack(scope, receive, send)
  File "C:\Users\zqmco\AppData\Local\hermes\hermes-agent\venv\Lib\site-packages\starlette\routing.py", line 735, in app
    await route.handle(scope, receive, send)
  File "C:\Users\zqmco\AppData\Local\hermes\hermes-agent\venv\Lib\site-packages\starlette\routing.py", line 288, in handle
    await self.app(scope, receive, send)
  File "C:\Users\zqmco\AppData\Local\hermes\hermes-agent\venv\Lib\site-packages\starlette\routing.py", line 76, in app
    await wrap_app_handling_exceptions(app, request)(scope, receive, send)
  File "C:\Users\zqmco\AppData\Local\hermes\hermes-agent\venv\Lib\site-packages\starlette\_exception_handler.py", line 62, in wrapped_app
    raise exc
  File "C:\Users\zqmco\AppData\Local\hermes\hermes-agent\venv\Lib\site-packages\starlette\_exception_handler.py", line 51, in wrapped_app
    await app(scope, receive, sender)
  File "C:\Users\zqmco\AppData\Local\hermes\hermes-agent\venv\Lib\site-packages\starlette\routing.py", line 74, in app
    await response(scope, receive, send)
  File "C:\Users\zqmco\AppData\Local\hermes\hermes-agent\venv\Lib\site-packages\starlette\responses.py", line 318, in __call__
    raise RuntimeError(f"File at path {self.path} does not exist.")
RuntimeError: File at path dist/index.html does not exist.
ERROR:    Exception in ASGI application
Traceback (most recent call last):
  File "C:\Users\zqmco\AppData\Local\hermes\hermes-agent\venv\Lib\site-packages\starlette\responses.py", line 315, in __call__
    stat_result = await anyio.to_thread.run_sync(os.stat, self.path)
                  ^^^^^^^^^^^^^^^^^^^^^^^^^^^^^^^^^^^^^^^^^^^^^^^^^^
  File "C:\Users\zqmco\AppData\Local\hermes\hermes-agent\venv\Lib\site-packages\anyio\to_thread.py", line 63, in run_sync
    return await get_async_backend().run_sync_in_worker_thread(
           ^^^^^^^^^^^^^^^^^^^^^^^^^^^^^^^^^^^^^^^^^^^^^^^^^^^^
  File "C:\Users\zqmco\AppData\Local\hermes\hermes-agent\venv\Lib\site-packages\anyio\_backends\_asyncio.py", line 2502, in run_sync_in_worker_thread
    return await future
           ^^^^^^^^^^^^
  File "C:\Users\zqmco\AppData\Local\hermes\hermes-agent\venv\Lib\site-packages\anyio\_backends\_asyncio.py", line 986, in run
    result = context.run(func, *args)
             ^^^^^^^^^^^^^^^^^^^^^^^^
FileNotFoundError: [WinError 3] The system cannot find the path specified: 'dist/index.html'

During handling of the above exception, another exception occurred:

Traceback (most recent call last):
  File "C:\Users\zqmco\AppData\Local\hermes\hermes-agent\venv\Lib\site-packages\uvicorn\protocols\http\httptools_impl.py", line 422, in run_asgi
    result = await app(  # type: ignore[func-returns-value]
             ^^^^^^^^^^^^^^^^^^^^^^^^^^^^^^^^^^^^^^^^^^^^^^
  File "C:\Users\zqmco\AppData\Local\hermes\hermes-agent\venv\Lib\site-packages\uvicorn\middleware\proxy_headers.py", line 63, in __call__
    return await self.app(scope, receive, send)
           ^^^^^^^^^^^^^^^^^^^^^^^^^^^^^^^^^^^^
  File "C:\Users\zqmco\AppData\Local\hermes\hermes-agent\venv\Lib\site-packages\fastapi\applications.py", line 1054, in __call__
    await super().__call__(scope, receive, send)
  File "C:\Users\zqmco\AppData\Local\hermes\hermes-agent\venv\Lib\site-packages\starlette\applications.py", line 113, in __call__
    await self.middleware_stack(scope, receive, send)
  File "C:\Users\zqmco\AppData\Local\hermes\hermes-agent\venv\Lib\site-packages\starlette\middleware\errors.py", line 187, in __call__
    raise exc
  File "C:\Users\zqmco\AppData\Local\hermes\hermes-agent\venv\Lib\site-packages\starlette\middleware\errors.py", line 165, in __call__
    await self.app(scope, receive, _send)
  File "C:\Users\zqmco\AppData\Local\hermes\hermes-agent\venv\Lib\site-packages\starlette\middleware\cors.py", line 85, in __call__
    await self.app(scope, receive, send)
  File "C:\Users\zqmco\AppData\Local\hermes\hermes-agent\venv\Lib\site-packages\starlette\middleware\exceptions.py", line 62, in __call__
    await wrap_app_handling_exceptions(self.app, conn)(scope, receive, send)
  File "C:\Users\zqmco\AppData\Local\hermes\hermes-agent\venv\Lib\site-packages\starlette\_exception_handler.py", line 62, in wrapped_app
    raise exc
  File "C:\Users\zqmco\AppData\Local\hermes\hermes-agent\venv\Lib\site-packages\starlette\_exception_handler.py", line 51, in wrapped_app
    await app(scope, receive, sender)
  File "C:\Users\zqmco\AppData\Local\hermes\hermes-agent\venv\Lib\site-packages\starlette\routing.py", line 715, in __call__
    await self.middleware_stack(scope, receive, send)
  File "C:\Users\zqmco\AppData\Local\hermes\hermes-agent\venv\Lib\site-packages\starlette\routing.py", line 735, in app
    await route.handle(scope, receive, send)
  File "C:\Users\zqmco\AppData\Local\hermes\hermes-agent\venv\Lib\site-packages\starlette\routing.py", line 288, in handle
    await self.app(scope, receive, send)
  File "C:\Users\zqmco\AppData\Local\hermes\hermes-agent\venv\Lib\site-packages\starlette\routing.py", line 76, in app
    await wrap_app_handling_exceptions(app, request)(scope, receive, send)
  File "C:\Users\zqmco\AppData\Local\hermes\hermes-agent\venv\Lib\site-packages\starlette\_exception_handler.py", line 62, in wrapped_app
    raise exc
  File "C:\Users\zqmco\AppData\Local\hermes\hermes-agent\venv\Lib\site-packages\starlette\_exception_handler.py", line 51, in wrapped_app
    await app(scope, receive, sender)
  File "C:\Users\zqmco\AppData\Local\hermes\hermes-agent\venv\Lib\site-packages\starlette\routing.py", line 74, in app
    await response(scope, receive, send)
  File "C:\Users\zqmco\AppData\Local\hermes\hermes-agent\venv\Lib\site-packages\starlette\responses.py", line 318, in __call__
    raise RuntimeError(f"File at path {self.path} does not exist.")
RuntimeError: File at path dist/index.html does not exist.
INFO:     Started server process [24312]
INFO:     Waiting for application startup.
INFO:     Application startup complete.
INFO:     Uvicorn running on http://0.0.0.0:8000 (Press CTRL+C to quit)
ERROR:    Exception in ASGI application
Traceback (most recent call last):
  File "C:\Users\zqmco\AppData\Local\hermes\hermes-agent\venv\Lib\site-packages\starlette\responses.py", line 315, in __call__
    stat_result = await anyio.to_thread.run_sync(os.stat, self.path)
                  ^^^^^^^^^^^^^^^^^^^^^^^^^^^^^^^^^^^^^^^^^^^^^^^^^^
  File "C:\Users\zqmco\AppData\Local\hermes\hermes-agent\venv\Lib\site-packages\anyio\to_thread.py", line 63, in run_sync
    return await get_async_backend().run_sync_in_worker_thread(
           ^^^^^^^^^^^^^^^^^^^^^^^^^^^^^^^^^^^^^^^^^^^^^^^^^^^^
  File "C:\Users\zqmco\AppData\Local\hermes\hermes-agent\venv\Lib\site-packages\anyio\_backends\_asyncio.py", line 2502, in run_sync_in_worker_thread
    return await future
           ^^^^^^^^^^^^
  File "C:\Users\zqmco\AppData\Local\hermes\hermes-agent\venv\Lib\site-packages\anyio\_backends\_asyncio.py", line 986, in run
    result = context.run(func, *args)
             ^^^^^^^^^^^^^^^^^^^^^^^^
FileNotFoundError: [WinError 3] The system cannot find the path specified: 'dist/index.html'

During handling of the above exception, another exception occurred:

Traceback (most recent call last):
  File "C:\Users\zqmco\AppData\Local\hermes\hermes-agent\venv\Lib\site-packages\uvicorn\protocols\http\httptools_impl.py", line 422, in run_asgi
    result = await app(  # type: ignore[func-returns-value]
             ^^^^^^^^^^^^^^^^^^^^^^^^^^^^^^^^^^^^^^^^^^^^^^
  File "C:\Users\zqmco\AppData\Local\hermes\hermes-agent\venv\Lib\site-packages\uvicorn\middleware\proxy_headers.py", line 63, in __call__
    return await self.app(scope, receive, send)
           ^^^^^^^^^^^^^^^^^^^^^^^^^^^^^^^^^^^^
  File "C:\Users\zqmco\AppData\Local\hermes\hermes-agent\venv\Lib\site-packages\fastapi\applications.py", line 1054, in __call__
    await super().__call__(scope, receive, send)
  File "C:\Users\zqmco\AppData\Local\hermes\hermes-agent\venv\Lib\site-packages\starlette\applications.py", line 113, in __call__
    await self.middleware_stack(scope, receive, send)
  File "C:\Users\zqmco\AppData\Local\hermes\hermes-agent\venv\Lib\site-packages\starlette\middleware\errors.py", line 187, in __call__
    raise exc
  File "C:\Users\zqmco\AppData\Local\hermes\hermes-agent\venv\Lib\site-packages\starlette\middleware\errors.py", line 165, in __call__
    await self.app(scope, receive, _send)
  File "C:\Users\zqmco\AppData\Local\hermes\hermes-agent\venv\Lib\site-packages\starlette\middleware\cors.py", line 85, in __call__
    await self.app(scope, receive, send)
  File "C:\Users\zqmco\AppData\Local\hermes\hermes-agent\venv\Lib\site-packages\starlette\middleware\exceptions.py", line 62, in __call__
    await wrap_app_handling_exceptions(self.app, conn)(scope, receive, send)
  File "C:\Users\zqmco\AppData\Local\hermes\hermes-agent\venv\Lib\site-packages\starlette\_exception_handler.py", line 62, in wrapped_app
    raise exc
  File "C:\Users\zqmco\AppData\Local\hermes\hermes-agent\venv\Lib\site-packages\starlette\_exception_handler.py", line 51, in wrapped_app
    await app(scope, receive, sender)
  File "C:\Users\zqmco\AppData\Local\hermes\hermes-agent\venv\Lib\site-packages\starlette\routing.py", line 715, in __call__
    await self.middleware_stack(scope, receive, send)
  File "C:\Users\zqmco\AppData\Local\hermes\hermes-agent\venv\Lib\site-packages\starlette\routing.py", line 735, in app
    await route.handle(scope, receive, send)
  File "C:\Users\zqmco\AppData\Local\hermes\hermes-agent\venv\Lib\site-packages\starlette\routing.py", line 288, in handle
    await self.app(scope, receive, send)
  File "C:\Users\zqmco\AppData\Local\hermes\hermes-agent\venv\Lib\site-packages\starlette\routing.py", line 76, in app
    await wrap_app_handling_exceptions(app, request)(scope, receive, send)
  File "C:\Users\zqmco\AppData\Local\hermes\hermes-agent\venv\Lib\site-packages\starlette\_exception_handler.py", line 62, in wrapped_app
    raise exc
  File "C:\Users\zqmco\AppData\Local\hermes\hermes-agent\venv\Lib\site-packages\starlette\_exception_handler.py", line 51, in wrapped_app
    await app(scope, receive, sender)
  File "C:\Users\zqmco\AppData\Local\hermes\hermes-agent\venv\Lib\site-packages\starlette\routing.py", line 74, in app
    await response(scope, receive, send)
  File "C:\Users\zqmco\AppData\Local\hermes\hermes-agent\venv\Lib\site-packages\starlette\responses.py", line 318, in __call__
    raise RuntimeError(f"File at path {self.path} does not exist.")
RuntimeError: File at path dist/index.html does not exist.
ERROR:    Exception in ASGI application
Traceback (most recent call last):
  File "C:\Users\zqmco\AppData\Local\hermes\hermes-agent\venv\Lib\site-packages\starlette\responses.py", line 315, in __call__
    stat_result = await anyio.to_thread.run_sync(os.stat, self.path)
                  ^^^^^^^^^^^^^^^^^^^^^^^^^^^^^^^^^^^^^^^^^^^^^^^^^^
  File "C:\Users\zqmco\AppData\Local\hermes\hermes-agent\venv\Lib\site-packages\anyio\to_thread.py", line 63, in run_sync
    return await get_async_backend().run_sync_in_worker_thread(
           ^^^^^^^^^^^^^^^^^^^^^^^^^^^^^^^^^^^^^^^^^^^^^^^^^^^^
  File "C:\Users\zqmco\AppData\Local\hermes\hermes-agent\venv\Lib\site-packages\anyio\_backends\_asyncio.py", line 2502, in run_sync_in_worker_thread
    return await future
           ^^^^^^^^^^^^
  File "C:\Users\zqmco\AppData\Local\hermes\hermes-agent\venv\Lib\site-packages\anyio\_backends\_asyncio.py", line 986, in run
    result = context.run(func, *args)
             ^^^^^^^^^^^^^^^^^^^^^^^^
FileNotFoundError: [WinError 3] The system cannot find the path specified: 'dist/index.html'

During handling of the above exception, another exception occurred:

Traceback (most recent call last):
  File "C:\Users\zqmco\AppData\Local\hermes\hermes-agent\venv\Lib\site-packages\uvicorn\protocols\http\httptools_impl.py", line 422, in run_asgi
    result = await app(  # type: ignore[func-returns-value]
             ^^^^^^^^^^^^^^^^^^^^^^^^^^^^^^^^^^^^^^^^^^^^^^
  File "C:\Users\zqmco\AppData\Local\hermes\hermes-agent\venv\Lib\site-packages\uvicorn\middleware\proxy_headers.py", line 63, in __call__
    return await self.app(scope, receive, send)
           ^^^^^^^^^^^^^^^^^^^^^^^^^^^^^^^^^^^^
  File "C:\Users\zqmco\AppData\Local\hermes\hermes-agent\venv\Lib\site-packages\fastapi\applications.py", line 1054, in __call__
    await super().__call__(scope, receive, send)
  File "C:\Users\zqmco\AppData\Local\hermes\hermes-agent\venv\Lib\site-packages\starlette\applications.py", line 113, in __call__
    await self.middleware_stack(scope, receive, send)
  File "C:\Users\zqmco\AppData\Local\hermes\hermes-agent\venv\Lib\site-packages\starlette\middleware\errors.py", line 187, in __call__
    raise exc
  File "C:\Users\zqmco\AppData\Local\hermes\hermes-agent\venv\Lib\site-packages\starlette\middleware\errors.py", line 165, in __call__
    await self.app(scope, receive, _send)
  File "C:\Users\zqmco\AppData\Local\hermes\hermes-agent\venv\Lib\site-packages\starlette\middleware\cors.py", line 85, in __call__
    await self.app(scope, receive, send)
  File "C:\Users\zqmco\AppData\Local\hermes\hermes-agent\venv\Lib\site-packages\starlette\middleware\exceptions.py", line 62, in __call__
    await wrap_app_handling_exceptions(self.app, conn)(scope, receive, send)
  File "C:\Users\zqmco\AppData\Local\hermes\hermes-agent\venv\Lib\site-packages\starlette\_exception_handler.py", line 62, in wrapped_app
    raise exc
  File "C:\Users\zqmco\AppData\Local\hermes\hermes-agent\venv\Lib\site-packages\starlette\_exception_handler.py", line 51, in wrapped_app
    await app(scope, receive, sender)
  File "C:\Users\zqmco\AppData\Local\hermes\hermes-agent\venv\Lib\site-packages\starlette\routing.py", line 715, in __call__
    await self.middleware_stack(scope, receive, send)
  File "C:\Users\zqmco\AppData\Local\hermes\hermes-agent\venv\Lib\site-packages\starlette\routing.py", line 735, in app
    await route.handle(scope, receive, send)
  File "C:\Users\zqmco\AppData\Local\hermes\hermes-agent\venv\Lib\site-packages\starlette\routing.py", line 288, in handle
    await self.app(scope, receive, send)
  File "C:\Users\zqmco\AppData\Local\hermes\hermes-agent\venv\Lib\site-packages\starlette\routing.py", line 76, in app
    await wrap_app_handling_exceptions(app, request)(scope, receive, send)
  File "C:\Users\zqmco\AppData\Local\hermes\hermes-agent\venv\Lib\site-packages\starlette\_exception_handler.py", line 62, in wrapped_app
    raise exc
  File "C:\Users\zqmco\AppData\Local\hermes\hermes-agent\venv\Lib\site-packages\starlette\_exception_handler.py", line 51, in wrapped_app
    await app(scope, receive, sender)
  File "C:\Users\zqmco\AppData\Local\hermes\hermes-agent\venv\Lib\site-packages\starlette\routing.py", line 74, in app
    await response(scope, receive, send)
  File "C:\Users\zqmco\AppData\Local\hermes\hermes-agent\venv\Lib\site-packages\starlette\responses.py", line 318, in __call__
    raise RuntimeError(f"File at path {self.path} does not exist.")
RuntimeError: File at path dist/index.html does not exist.
INFO:     Started server process [30124]
INFO:     Waiting for application startup.
INFO:     Application startup complete.
INFO:     Uvicorn running on http://0.0.0.0:8000 (Press CTRL+C to quit)
INFO:     Started server process [28552]
INFO:     Waiting for application startup.
INFO:     Application startup complete.
INFO:     Uvicorn running on http://0.0.0.0:8000 (Press CTRL+C to quit)
INFO:     Started server process [29876]
INFO:     Waiting for application startup.
INFO:     Application startup complete.
INFO:     Uvicorn running on http://0.0.0.0:8000 (Press CTRL+C to quit)
INFO:     Started server process [8536]
INFO:     Waiting for application startup.
INFO:     Application startup complete.
INFO:     Uvicorn running on http://0.0.0.0:8000 (Press CTRL+C to quit)
ERROR:    Exception in ASGI application
Traceback (most recent call last):
  File "C:\Users\zqmco\AppData\Local\hermes\hermes-agent\venv\Lib\site-packages\uvicorn\protocols\http\httptools_impl.py", line 422, in run_asgi
    result = await app(  # type: ignore[func-returns-value]
             ^^^^^^^^^^^^^^^^^^^^^^^^^^^^^^^^^^^^^^^^^^^^^^
  File "C:\Users\zqmco\AppData\Local\hermes\hermes-agent\venv\Lib\site-packages\uvicorn\middleware\proxy_headers.py", line 63, in __call__
    return await self.app(scope, receive, send)
           ^^^^^^^^^^^^^^^^^^^^^^^^^^^^^^^^^^^^
  File "C:\Users\zqmco\AppData\Local\hermes\hermes-agent\venv\Lib\site-packages\fastapi\applications.py", line 1054, in __call__
    await super().__call__(scope, receive, send)
  File "C:\Users\zqmco\AppData\Local\hermes\hermes-agent\venv\Lib\site-packages\starlette\applications.py", line 113, in __call__
    await self.middleware_stack(scope, receive, send)
  File "C:\Users\zqmco\AppData\Local\hermes\hermes-agent\venv\Lib\site-packages\starlette\middleware\errors.py", line 187, in __call__
    raise exc
  File "C:\Users\zqmco\AppData\Local\hermes\hermes-agent\venv\Lib\site-packages\starlette\middleware\errors.py", line 165, in __call__
    await self.app(scope, receive, _send)
  File "C:\Users\zqmco\AppData\Local\hermes\hermes-agent\venv\Lib\site-packages\starlette\middleware\cors.py", line 85, in __call__
    await self.app(scope, receive, send)
  File "C:\Users\zqmco\AppData\Local\hermes\hermes-agent\venv\Lib\site-packages\starlette\middleware\exceptions.py", line 62, in __call__
    await wrap_app_handling_exceptions(self.app, conn)(scope, receive, send)
  File "C:\Users\zqmco\AppData\Local\hermes\hermes-agent\venv\Lib\site-packages\starlette\_exception_handler.py", line 62, in wrapped_app
    raise exc
  File "C:\Users\zqmco\AppData\Local\hermes\hermes-agent\venv\Lib\site-packages\starlette\_exception_handler.py", line 51, in wrapped_app
    await app(scope, receive, sender)
  File "C:\Users\zqmco\AppData\Local\hermes\hermes-agent\venv\Lib\site-packages\starlette\routing.py", line 715, in __call__
    await self.middleware_stack(scope, receive, send)
  File "C:\Users\zqmco\AppData\Local\hermes\hermes-agent\venv\Lib\site-packages\starlette\routing.py", line 735, in app
    await route.handle(scope, receive, send)
  File "C:\Users\zqmco\AppData\Local\hermes\hermes-agent\venv\Lib\site-packages\starlette\routing.py", line 288, in handle
    await self.app(scope, receive, send)
  File "C:\Users\zqmco\AppData\Local\hermes\hermes-agent\venv\Lib\site-packages\starlette\routing.py", line 76, in app
    await wrap_app_handling_exceptions(app, request)(scope, receive, send)
  File "C:\Users\zqmco\AppData\Local\hermes\hermes-agent\venv\Lib\site-packages\starlette\_exception_handler.py", line 62, in wrapped_app
    raise exc
  File "C:\Users\zqmco\AppData\Local\hermes\hermes-agent\venv\Lib\site-packages\starlette\_exception_handler.py", line 51, in wrapped_app
    await app(scope, receive, sender)
  File "C:\Users\zqmco\AppData\Local\hermes\hermes-agent\venv\Lib\site-packages\starlette\routing.py", line 73, in app
    response = await f(request)
               ^^^^^^^^^^^^^^^^
  File "C:\Users\zqmco\AppData\Local\hermes\hermes-agent\venv\Lib\site-packages\fastapi\routing.py", line 301, in app
    raw_response = await run_endpoint_function(
                   ^^^^^^^^^^^^^^^^^^^^^^^^^^^^
  File "C:\Users\zqmco\AppData\Local\hermes\hermes-agent\venv\Lib\site-packages\fastapi\routing.py", line 214, in run_endpoint_function
    return await run_in_threadpool(dependant.call, **values)
           ^^^^^^^^^^^^^^^^^^^^^^^^^^^^^^^^^^^^^^^^^^^^^^^^^
  File "C:\Users\zqmco\AppData\Local\hermes\hermes-agent\venv\Lib\site-packages\starlette\concurrency.py", line 39, in run_in_threadpool
    return await anyio.to_thread.run_sync(func, *args)
           ^^^^^^^^^^^^^^^^^^^^^^^^^^^^^^^^^^^^^^^^^^^
  File "C:\Users\zqmco\AppData\Local\hermes\hermes-agent\venv\Lib\site-packages\anyio\to_thread.py", line 63, in run_sync
    return await get_async_backend().run_sync_in_worker_thread(
           ^^^^^^^^^^^^^^^^^^^^^^^^^^^^^^^^^^^^^^^^^^^^^^^^^^^^
  File "C:\Users\zqmco\AppData\Local\hermes\hermes-agent\venv\Lib\site-packages\anyio\_backends\_asyncio.py", line 2502, in run_sync_in_worker_thread
    return await future
           ^^^^^^^^^^^^
  File "C:\Users\zqmco\AppData\Local\hermes\hermes-agent\venv\Lib\site-packages\anyio\_backends\_asyncio.py", line 986, in run
    result = context.run(func, *args)
             ^^^^^^^^^^^^^^^^^^^^^^^^
  File "C:\Users\zqmco\Docker\volusia-portal\backend\main.py", line 182, in refresh_data
    sys.path.insert(0, str(Path(__file__).parent / "scripts"))
    ^^^
NameError: name 'sys' is not defined
ERROR:    Exception in ASGI application
Traceback (most recent call last):
  File "C:\Users\zqmco\AppData\Local\hermes\hermes-agent\venv\Lib\site-packages\uvicorn\protocols\http\httptools_impl.py", line 422, in run_asgi
    result = await app(  # type: ignore[func-returns-value]
             ^^^^^^^^^^^^^^^^^^^^^^^^^^^^^^^^^^^^^^^^^^^^^^
  File "C:\Users\zqmco\AppData\Local\hermes\hermes-agent\venv\Lib\site-packages\uvicorn\middleware\proxy_headers.py", line 63, in __call__
    return await self.app(scope, receive, send)
           ^^^^^^^^^^^^^^^^^^^^^^^^^^^^^^^^^^^^
  File "C:\Users\zqmco\AppData\Local\hermes\hermes-agent\venv\Lib\site-packages\fastapi\applications.py", line 1054, in __call__
    await super().__call__(scope, receive, send)
  File "C:\Users\zqmco\AppData\Local\hermes\hermes-agent\venv\Lib\site-packages\starlette\applications.py", line 113, in __call__
    await self.middleware_stack(scope, receive, send)
  File "C:\Users\zqmco\AppData\Local\hermes\hermes-agent\venv\Lib\site-packages\starlette\middleware\errors.py", line 187, in __call__
    raise exc
  File "C:\Users\zqmco\AppData\Local\hermes\hermes-agent\venv\Lib\site-packages\starlette\middleware\errors.py", line 165, in __call__
    await self.app(scope, receive, _send)
  File "C:\Users\zqmco\AppData\Local\hermes\hermes-agent\venv\Lib\site-packages\starlette\middleware\cors.py", line 85, in __call__
    await self.app(scope, receive, send)
  File "C:\Users\zqmco\AppData\Local\hermes\hermes-agent\venv\Lib\site-packages\starlette\middleware\exceptions.py", line 62, in __call__
    await wrap_app_handling_exceptions(self.app, conn)(scope, receive, send)
  File "C:\Users\zqmco\AppData\Local\hermes\hermes-agent\venv\Lib\site-packages\starlette\_exception_handler.py", line 62, in wrapped_app
    raise exc
  File "C:\Users\zqmco\AppData\Local\hermes\hermes-agent\venv\Lib\site-packages\starlette\_exception_handler.py", line 51, in wrapped_app
    await app(scope, receive, sender)
  File "C:\Users\zqmco\AppData\Local\hermes\hermes-agent\venv\Lib\site-packages\starlette\routing.py", line 715, in __call__
    await self.middleware_stack(scope, receive, send)
  File "C:\Users\zqmco\AppData\Local\hermes\hermes-agent\venv\Lib\site-packages\starlette\routing.py", line 735, in app
    await route.handle(scope, receive, send)
  File "C:\Users\zqmco\AppData\Local\hermes\hermes-agent\venv\Lib\site-packages\starlette\routing.py", line 288, in handle
    await self.app(scope, receive, send)
  File "C:\Users\zqmco\AppData\Local\hermes\hermes-agent\venv\Lib\site-packages\starlette\routing.py", line 76, in app
    await wrap_app_handling_exceptions(app, request)(scope, receive, send)
  File "C:\Users\zqmco\AppData\Local\hermes\hermes-agent\venv\Lib\site-packages\starlette\_exception_handler.py", line 62, in wrapped_app
    raise exc
  File "C:\Users\zqmco\AppData\Local\hermes\hermes-agent\venv\Lib\site-packages\starlette\_exception_handler.py", line 51, in wrapped_app
    await app(scope, receive, sender)
  File "C:\Users\zqmco\AppData\Local\hermes\hermes-agent\venv\Lib\site-packages\starlette\routing.py", line 73, in app
    response = await f(request)
               ^^^^^^^^^^^^^^^^
  File "C:\Users\zqmco\AppData\Local\hermes\hermes-agent\venv\Lib\site-packages\fastapi\routing.py", line 301, in app
    raw_response = await run_endpoint_function(
                   ^^^^^^^^^^^^^^^^^^^^^^^^^^^^
  File "C:\Users\zqmco\AppData\Local\hermes\hermes-agent\venv\Lib\site-packages\fastapi\routing.py", line 214, in run_endpoint_function
    return await run_in_threadpool(dependant.call, **values)
           ^^^^^^^^^^^^^^^^^^^^^^^^^^^^^^^^^^^^^^^^^^^^^^^^^
  File "C:\Users\zqmco\AppData\Local\hermes\hermes-agent\venv\Lib\site-packages\starlette\concurrency.py", line 39, in run_in_threadpool
    return await anyio.to_thread.run_sync(func, *args)
           ^^^^^^^^^^^^^^^^^^^^^^^^^^^^^^^^^^^^^^^^^^^
  File "C:\Users\zqmco\AppData\Local\hermes\hermes-agent\venv\Lib\site-packages\anyio\to_thread.py", line 63, in run_sync
    return await get_async_backend().run_sync_in_worker_thread(
           ^^^^^^^^^^^^^^^^^^^^^^^^^^^^^^^^^^^^^^^^^^^^^^^^^^^^
  File "C:\Users\zqmco\AppData\Local\hermes\hermes-agent\venv\Lib\site-packages\anyio\_backends\_asyncio.py", line 2502, in run_sync_in_worker_thread
    return await future
           ^^^^^^^^^^^^
  File "C:\Users\zqmco\AppData\Local\hermes\hermes-agent\venv\Lib\site-packages\anyio\_backends\_asyncio.py", line 986, in run
    result = context.run(func, *args)
             ^^^^^^^^^^^^^^^^^^^^^^^^
  File "C:\Users\zqmco\Docker\volusia-portal\backend\main.py", line 182, in refresh_data
    sys.path.insert(0, str(Path(__file__).parent / "scripts"))
    ^^^
NameError: name 'sys' is not defined
ERROR:    Exception in ASGI application
Traceback (most recent call last):
  File "C:\Users\zqmco\AppData\Local\hermes\hermes-agent\venv\Lib\site-packages\uvicorn\protocols\http\httptools_impl.py", line 422, in run_asgi
    result = await app(  # type: ignore[func-returns-value]
             ^^^^^^^^^^^^^^^^^^^^^^^^^^^^^^^^^^^^^^^^^^^^^^
  File "C:\Users\zqmco\AppData\Local\hermes\hermes-agent\venv\Lib\site-packages\uvicorn\middleware\proxy_headers.py", line 63, in __call__
    return await self.app(scope, receive, send)
           ^^^^^^^^^^^^^^^^^^^^^^^^^^^^^^^^^^^^
  File "C:\Users\zqmco\AppData\Local\hermes\hermes-agent\venv\Lib\site-packages\fastapi\applications.py", line 1054, in __call__
    await super().__call__(scope, receive, send)
  File "C:\Users\zqmco\AppData\Local\hermes\hermes-agent\venv\Lib\site-packages\starlette\applications.py", line 113, in __call__
    await self.middleware_stack(scope, receive, send)
  File "C:\Users\zqmco\AppData\Local\hermes\hermes-agent\venv\Lib\site-packages\starlette\middleware\errors.py", line 187, in __call__
    raise exc
  File "C:\Users\zqmco\AppData\Local\hermes\hermes-agent\venv\Lib\site-packages\starlette\middleware\errors.py", line 165, in __call__
    await self.app(scope, receive, _send)
  File "C:\Users\zqmco\AppData\Local\hermes\hermes-agent\venv\Lib\site-packages\starlette\middleware\cors.py", line 85, in __call__
    await self.app(scope, receive, send)
  File "C:\Users\zqmco\AppData\Local\hermes\hermes-agent\venv\Lib\site-packages\starlette\middleware\exceptions.py", line 62, in __call__
    await wrap_app_handling_exceptions(self.app, conn)(scope, receive, send)
  File "C:\Users\zqmco\AppData\Local\hermes\hermes-agent\venv\Lib\site-packages\starlette\_exception_handler.py", line 62, in wrapped_app
    raise exc
  File "C:\Users\zqmco\AppData\Local\hermes\hermes-agent\venv\Lib\site-packages\starlette\_exception_handler.py", line 51, in wrapped_app
    await app(scope, receive, sender)
  File "C:\Users\zqmco\AppData\Local\hermes\hermes-agent\venv\Lib\site-packages\starlette\routing.py", line 715, in __call__
    await self.middleware_stack(scope, receive, send)
  File "C:\Users\zqmco\AppData\Local\hermes\hermes-agent\venv\Lib\site-packages\starlette\routing.py", line 735, in app
    await route.handle(scope, receive, send)
  File "C:\Users\zqmco\AppData\Local\hermes\hermes-agent\venv\Lib\site-packages\starlette\routing.py", line 288, in handle
    await self.app(scope, receive, send)
  File "C:\Users\zqmco\AppData\Local\hermes\hermes-agent\venv\Lib\site-packages\starlette\routing.py", line 76, in app
    await wrap_app_handling_exceptions(app, request)(scope, receive, send)
  File "C:\Users\zqmco\AppData\Local\hermes\hermes-agent\venv\Lib\site-packages\starlette\_exception_handler.py", line 62, in wrapped_app
    raise exc
  File "C:\Users\zqmco\AppData\Local\hermes\hermes-agent\venv\Lib\site-packages\starlette\_exception_handler.py", line 51, in wrapped_app
    await app(scope, receive, sender)
  File "C:\Users\zqmco\AppData\Local\hermes\hermes-agent\venv\Lib\site-packages\starlette\routing.py", line 73, in app
    response = await f(request)
               ^^^^^^^^^^^^^^^^
  File "C:\Users\zqmco\AppData\Local\hermes\hermes-agent\venv\Lib\site-packages\fastapi\routing.py", line 301, in app
    raw_response = await run_endpoint_function(
                   ^^^^^^^^^^^^^^^^^^^^^^^^^^^^
  File "C:\Users\zqmco\AppData\Local\hermes\hermes-agent\venv\Lib\site-packages\fastapi\routing.py", line 214, in run_endpoint_function
    return await run_in_threadpool(dependant.call, **values)
           ^^^^^^^^^^^^^^^^^^^^^^^^^^^^^^^^^^^^^^^^^^^^^^^^^
  File "C:\Users\zqmco\AppData\Local\hermes\hermes-agent\venv\Lib\site-packages\starlette\concurrency.py", line 39, in run_in_threadpool
    return await anyio.to_thread.run_sync(func, *args)
           ^^^^^^^^^^^^^^^^^^^^^^^^^^^^^^^^^^^^^^^^^^^
  File "C:\Users\zqmco\AppData\Local\hermes\hermes-agent\venv\Lib\site-packages\anyio\to_thread.py", line 63, in run_sync
    return await get_async_backend().run_sync_in_worker_thread(
           ^^^^^^^^^^^^^^^^^^^^^^^^^^^^^^^^^^^^^^^^^^^^^^^^^^^^
  File "C:\Users\zqmco\AppData\Local\hermes\hermes-agent\venv\Lib\site-packages\anyio\_backends\_asyncio.py", line 2502, in run_sync_in_worker_thread
    return await future
           ^^^^^^^^^^^^
  File "C:\Users\zqmco\AppData\Local\hermes\hermes-agent\venv\Lib\site-packages\anyio\_backends\_asyncio.py", line 986, in run
    result = context.run(func, *args)
             ^^^^^^^^^^^^^^^^^^^^^^^^
  File "C:\Users\zqmco\Docker\volusia-portal\backend\main.py", line 182, in refresh_data
NameError: name 'sys' is not defined
ERROR:    Exception in ASGI application
Traceback (most recent call last):
  File "C:\Users\zqmco\AppData\Local\hermes\hermes-agent\venv\Lib\site-packages\uvicorn\protocols\http\httptools_impl.py", line 422, in run_asgi
    result = await app(  # type: ignore[func-returns-value]
             ^^^^^^^^^^^^^^^^^^^^^^^^^^^^^^^^^^^^^^^^^^^^^^
  File "C:\Users\zqmco\AppData\Local\hermes\hermes-agent\venv\Lib\site-packages\uvicorn\middleware\proxy_headers.py", line 63, in __call__
    return await self.app(scope, receive, send)
           ^^^^^^^^^^^^^^^^^^^^^^^^^^^^^^^^^^^^
  File "C:\Users\zqmco\AppData\Local\hermes\hermes-agent\venv\Lib\site-packages\fastapi\applications.py", line 1054, in __call__
    await super().__call__(scope, receive, send)
  File "C:\Users\zqmco\AppData\Local\hermes\hermes-agent\venv\Lib\site-packages\starlette\applications.py", line 113, in __call__
    await self.middleware_stack(scope, receive, send)
  File "C:\Users\zqmco\AppData\Local\hermes\hermes-agent\venv\Lib\site-packages\starlette\middleware\errors.py", line 187, in __call__
    raise exc
  File "C:\Users\zqmco\AppData\Local\hermes\hermes-agent\venv\Lib\site-packages\starlette\middleware\errors.py", line 165, in __call__
    await self.app(scope, receive, _send)
  File "C:\Users\zqmco\AppData\Local\hermes\hermes-agent\venv\Lib\site-packages\starlette\middleware\cors.py", line 85, in __call__
    await self.app(scope, receive, send)
  File "C:\Users\zqmco\AppData\Local\hermes\hermes-agent\venv\Lib\site-packages\starlette\middleware\exceptions.py", line 62, in __call__
    await wrap_app_handling_exceptions(self.app, conn)(scope, receive, send)
  File "C:\Users\zqmco\AppData\Local\hermes\hermes-agent\venv\Lib\site-packages\starlette\_exception_handler.py", line 62, in wrapped_app
    raise exc
  File "C:\Users\zqmco\AppData\Local\hermes\hermes-agent\venv\Lib\site-packages\starlette\_exception_handler.py", line 51, in wrapped_app
    await app(scope, receive, sender)
  File "C:\Users\zqmco\AppData\Local\hermes\hermes-agent\venv\Lib\site-packages\starlette\routing.py", line 715, in __call__
    await self.middleware_stack(scope, receive, send)
  File "C:\Users\zqmco\AppData\Local\hermes\hermes-agent\venv\Lib\site-packages\starlette\routing.py", line 735, in app
    await route.handle(scope, receive, send)
  File "C:\Users\zqmco\AppData\Local\hermes\hermes-agent\venv\Lib\site-packages\starlette\routing.py", line 288, in handle
    await self.app(scope, receive, send)
  File "C:\Users\zqmco\AppData\Local\hermes\hermes-agent\venv\Lib\site-packages\starlette\routing.py", line 76, in app
    await wrap_app_handling_exceptions(app, request)(scope, receive, send)
  File "C:\Users\zqmco\AppData\Local\hermes\hermes-agent\venv\Lib\site-packages\starlette\_exception_handler.py", line 62, in wrapped_app
    raise exc
  File "C:\Users\zqmco\AppData\Local\hermes\hermes-agent\venv\Lib\site-packages\starlette\_exception_handler.py", line 51, in wrapped_app
    await app(scope, receive, sender)
  File "C:\Users\zqmco\AppData\Local\hermes\hermes-agent\venv\Lib\site-packages\starlette\routing.py", line 73, in app
    response = await f(request)
               ^^^^^^^^^^^^^^^^
  File "C:\Users\zqmco\AppData\Local\hermes\hermes-agent\venv\Lib\site-packages\fastapi\routing.py", line 301, in app
    raw_response = await run_endpoint_function(
                   ^^^^^^^^^^^^^^^^^^^^^^^^^^^^
  File "C:\Users\zqmco\AppData\Local\hermes\hermes-agent\venv\Lib\site-packages\fastapi\routing.py", line 214, in run_endpoint_function
    return await run_in_threadpool(dependant.call, **values)
           ^^^^^^^^^^^^^^^^^^^^^^^^^^^^^^^^^^^^^^^^^^^^^^^^^
  File "C:\Users\zqmco\AppData\Local\hermes\hermes-agent\venv\Lib\site-packages\starlette\concurrency.py", line 39, in run_in_threadpool
    return await anyio.to_thread.run_sync(func, *args)
           ^^^^^^^^^^^^^^^^^^^^^^^^^^^^^^^^^^^^^^^^^^^
  File "C:\Users\zqmco\AppData\Local\hermes\hermes-agent\venv\Lib\site-packages\anyio\to_thread.py", line 63, in run_sync
    return await get_async_backend().run_sync_in_worker_thread(
           ^^^^^^^^^^^^^^^^^^^^^^^^^^^^^^^^^^^^^^^^^^^^^^^^^^^^
  File "C:\Users\zqmco\AppData\Local\hermes\hermes-agent\venv\Lib\site-packages\anyio\_backends\_asyncio.py", line 2502, in run_sync_in_worker_thread
    return await future
           ^^^^^^^^^^^^
  File "C:\Users\zqmco\AppData\Local\hermes\hermes-agent\venv\Lib\site-packages\anyio\_backends\_asyncio.py", line 986, in run
    result = context.run(func, *args)
             ^^^^^^^^^^^^^^^^^^^^^^^^
  File "C:\Users\zqmco\Docker\volusia-portal\backend\main.py", line 182, in refresh_data
NameError: name 'sys' is not defined
ERROR:    Exception in ASGI application
Traceback (most recent call last):
  File "C:\Users\zqmco\AppData\Local\hermes\hermes-agent\venv\Lib\site-packages\uvicorn\protocols\http\httptools_impl.py", line 422, in run_asgi
    result = await app(  # type: ignore[func-returns-value]
             ^^^^^^^^^^^^^^^^^^^^^^^^^^^^^^^^^^^^^^^^^^^^^^
  File "C:\Users\zqmco\AppData\Local\hermes\hermes-agent\venv\Lib\site-packages\uvicorn\middleware\proxy_headers.py", line 63, in __call__
    return await self.app(scope, receive, send)
           ^^^^^^^^^^^^^^^^^^^^^^^^^^^^^^^^^^^^
  File "C:\Users\zqmco\AppData\Local\hermes\hermes-agent\venv\Lib\site-packages\fastapi\applications.py", line 1054, in __call__
    await super().__call__(scope, receive, send)
  File "C:\Users\zqmco\AppData\Local\hermes\hermes-agent\venv\Lib\site-packages\starlette\applications.py", line 113, in __call__
    await self.middleware_stack(scope, receive, send)
  File "C:\Users\zqmco\AppData\Local\hermes\hermes-agent\venv\Lib\site-packages\starlette\middleware\errors.py", line 187, in __call__
    raise exc
  File "C:\Users\zqmco\AppData\Local\hermes\hermes-agent\venv\Lib\site-packages\starlette\middleware\errors.py", line 165, in __call__
    await self.app(scope, receive, _send)
  File "C:\Users\zqmco\AppData\Local\hermes\hermes-agent\venv\Lib\site-packages\starlette\middleware\cors.py", line 85, in __call__
    await self.app(scope, receive, send)
  File "C:\Users\zqmco\AppData\Local\hermes\hermes-agent\venv\Lib\site-packages\starlette\middleware\exceptions.py", line 62, in __call__
    await wrap_app_handling_exceptions(self.app, conn)(scope, receive, send)
  File "C:\Users\zqmco\AppData\Local\hermes\hermes-agent\venv\Lib\site-packages\starlette\_exception_handler.py", line 62, in wrapped_app
    raise exc
  File "C:\Users\zqmco\AppData\Local\hermes\hermes-agent\venv\Lib\site-packages\starlette\_exception_handler.py", line 51, in wrapped_app
    await app(scope, receive, sender)
  File "C:\Users\zqmco\AppData\Local\hermes\hermes-agent\venv\Lib\site-packages\starlette\routing.py", line 715, in __call__
    await self.middleware_stack(scope, receive, send)
  File "C:\Users\zqmco\AppData\Local\hermes\hermes-agent\venv\Lib\site-packages\starlette\routing.py", line 735, in app
    await route.handle(scope, receive, send)
  File "C:\Users\zqmco\AppData\Local\hermes\hermes-agent\venv\Lib\site-packages\starlette\routing.py", line 288, in handle
    await self.app(scope, receive, send)
  File "C:\Users\zqmco\AppData\Local\hermes\hermes-agent\venv\Lib\site-packages\starlette\routing.py", line 76, in app
    await wrap_app_handling_exceptions(app, request)(scope, receive, send)
  File "C:\Users\zqmco\AppData\Local\hermes\hermes-agent\venv\Lib\site-packages\starlette\_exception_handler.py", line 62, in wrapped_app
    raise exc
  File "C:\Users\zqmco\AppData\Local\hermes\hermes-agent\venv\Lib\site-packages\starlette\_exception_handler.py", line 51, in wrapped_app
    await app(scope, receive, sender)
  File "C:\Users\zqmco\AppData\Local\hermes\hermes-agent\venv\Lib\site-packages\starlette\routing.py", line 73, in app
    response = await f(request)
               ^^^^^^^^^^^^^^^^
  File "C:\Users\zqmco\AppData\Local\hermes\hermes-agent\venv\Lib\site-packages\fastapi\routing.py", line 301, in app
    raw_response = await run_endpoint_function(
                   ^^^^^^^^^^^^^^^^^^^^^^^^^^^^
  File "C:\Users\zqmco\AppData\Local\hermes\hermes-agent\venv\Lib\site-packages\fastapi\routing.py", line 214, in run_endpoint_function
    return await run_in_threadpool(dependant.call, **values)
           ^^^^^^^^^^^^^^^^^^^^^^^^^^^^^^^^^^^^^^^^^^^^^^^^^
  File "C:\Users\zqmco\AppData\Local\hermes\hermes-agent\venv\Lib\site-packages\starlette\concurrency.py", line 39, in run_in_threadpool
    return await anyio.to_thread.run_sync(func, *args)
           ^^^^^^^^^^^^^^^^^^^^^^^^^^^^^^^^^^^^^^^^^^^
  File "C:\Users\zqmco\AppData\Local\hermes\hermes-agent\venv\Lib\site-packages\anyio\to_thread.py", line 63, in run_sync
    return await get_async_backend().run_sync_in_worker_thread(
           ^^^^^^^^^^^^^^^^^^^^^^^^^^^^^^^^^^^^^^^^^^^^^^^^^^^^
  File "C:\Users\zqmco\AppData\Local\hermes\hermes-agent\venv\Lib\site-packages\anyio\_backends\_asyncio.py", line 2502, in run_sync_in_worker_thread
    return await future
           ^^^^^^^^^^^^
  File "C:\Users\zqmco\AppData\Local\hermes\hermes-agent\venv\Lib\site-packages\anyio\_backends\_asyncio.py", line 986, in run
    result = context.run(func, *args)
             ^^^^^^^^^^^^^^^^^^^^^^^^
  File "C:\Users\zqmco\Docker\volusia-portal\backend\main.py", line 182, in refresh_data
NameError: name 'sys' is not defined
INFO:     Started server process [10024]
INFO:     Waiting for application startup.
INFO:     Application startup complete.
INFO:     Uvicorn running on http://0.0.0.0:8000 (Press CTRL+C to quit)
ERROR:    Exception in ASGI application
Traceback (most recent call last):
  File "C:\Users\zqmco\AppData\Local\hermes\hermes-agent\venv\Lib\site-packages\uvicorn\protocols\http\httptools_impl.py", line 422, in run_asgi
    result = await app(  # type: ignore[func-returns-value]
             ^^^^^^^^^^^^^^^^^^^^^^^^^^^^^^^^^^^^^^^^^^^^^^
  File "C:\Users\zqmco\AppData\Local\hermes\hermes-agent\venv\Lib\site-packages\uvicorn\middleware\proxy_headers.py", line 63, in __call__
    return await self.app(scope, receive, send)
           ^^^^^^^^^^^^^^^^^^^^^^^^^^^^^^^^^^^^
  File "C:\Users\zqmco\AppData\Local\hermes\hermes-agent\venv\Lib\site-packages\fastapi\applications.py", line 1054, in __call__
    await super().__call__(scope, receive, send)
  File "C:\Users\zqmco\AppData\Local\hermes\hermes-agent\venv\Lib\site-packages\starlette\applications.py", line 113, in __call__
    await self.middleware_stack(scope, receive, send)
  File "C:\Users\zqmco\AppData\Local\hermes\hermes-agent\venv\Lib\site-packages\starlette\middleware\errors.py", line 187, in __call__
    raise exc
  File "C:\Users\zqmco\AppData\Local\hermes\hermes-agent\venv\Lib\site-packages\starlette\middleware\errors.py", line 165, in __call__
    await self.app(scope, receive, _send)
  File "C:\Users\zqmco\AppData\Local\hermes\hermes-agent\venv\Lib\site-packages\starlette\middleware\cors.py", line 85, in __call__
    await self.app(scope, receive, send)
  File "C:\Users\zqmco\AppData\Local\hermes\hermes-agent\venv\Lib\site-packages\starlette\middleware\exceptions.py", line 62, in __call__
    await wrap_app_handling_exceptions(self.app, conn)(scope, receive, send)
  File "C:\Users\zqmco\AppData\Local\hermes\hermes-agent\venv\Lib\site-packages\starlette\_exception_handler.py", line 62, in wrapped_app
    raise exc
  File "C:\Users\zqmco\AppData\Local\hermes\hermes-agent\venv\Lib\site-packages\starlette\_exception_handler.py", line 51, in wrapped_app
    await app(scope, receive, sender)
  File "C:\Users\zqmco\AppData\Local\hermes\hermes-agent\venv\Lib\site-packages\starlette\routing.py", line 715, in __call__
    await self.middleware_stack(scope, receive, send)
  File "C:\Users\zqmco\AppData\Local\hermes\hermes-agent\venv\Lib\site-packages\starlette\routing.py", line 735, in app
    await route.handle(scope, receive, send)
  File "C:\Users\zqmco\AppData\Local\hermes\hermes-agent\venv\Lib\site-packages\starlette\routing.py", line 288, in handle
    await self.app(scope, receive, send)
  File "C:\Users\zqmco\AppData\Local\hermes\hermes-agent\venv\Lib\site-packages\starlette\routing.py", line 76, in app
    await wrap_app_handling_exceptions(app, request)(scope, receive, send)
  File "C:\Users\zqmco\AppData\Local\hermes\hermes-agent\venv\Lib\site-packages\starlette\_exception_handler.py", line 62, in wrapped_app
    raise exc
  File "C:\Users\zqmco\AppData\Local\hermes\hermes-agent\venv\Lib\site-packages\starlette\_exception_handler.py", line 51, in wrapped_app
    await app(scope, receive, sender)
  File "C:\Users\zqmco\AppData\Local\hermes\hermes-agent\venv\Lib\site-packages\starlette\routing.py", line 73, in app
    response = await f(request)
               ^^^^^^^^^^^^^^^^
  File "C:\Users\zqmco\AppData\Local\hermes\hermes-agent\venv\Lib\site-packages\fastapi\routing.py", line 301, in app
    raw_response = await run_endpoint_function(
                   ^^^^^^^^^^^^^^^^^^^^^^^^^^^^
  File "C:\Users\zqmco\AppData\Local\hermes\hermes-agent\venv\Lib\site-packages\fastapi\routing.py", line 214, in run_endpoint_function
    return await run_in_threadpool(dependant.call, **values)
           ^^^^^^^^^^^^^^^^^^^^^^^^^^^^^^^^^^^^^^^^^^^^^^^^^
  File "C:\Users\zqmco\AppData\Local\hermes\hermes-agent\venv\Lib\site-packages\starlette\concurrency.py", line 39, in run_in_threadpool
    return await anyio.to_thread.run_sync(func, *args)
           ^^^^^^^^^^^^^^^^^^^^^^^^^^^^^^^^^^^^^^^^^^^
  File "C:\Users\zqmco\AppData\Local\hermes\hermes-agent\venv\Lib\site-packages\anyio\to_thread.py", line 63, in run_sync
    return await get_async_backend().run_sync_in_worker_thread(
           ^^^^^^^^^^^^^^^^^^^^^^^^^^^^^^^^^^^^^^^^^^^^^^^^^^^^
  File "C:\Users\zqmco\AppData\Local\hermes\hermes-agent\venv\Lib\site-packages\anyio\_backends\_asyncio.py", line 2502, in run_sync_in_worker_thread
    return await future
           ^^^^^^^^^^^^
  File "C:\Users\zqmco\AppData\Local\hermes\hermes-agent\venv\Lib\site-packages\anyio\_backends\_asyncio.py", line 986, in run
    result = context.run(func, *args)
             ^^^^^^^^^^^^^^^^^^^^^^^^
  File "C:\Users\zqmco\Docker\volusia-portal\backend\main.py", line 34, in health
    try: indicator_count = conn.execute("SELECT COUNT(*) FROM indicators").fetchone()[0]
                           ^^^^^^^^^^^^^^^^^^^^^^^^^^^^^^^^^^^^^^^^^^^^^^^
sqlite3.OperationalError: no such table: indicators
ERROR:    Exception in ASGI application
Traceback (most recent call last):
  File "C:\Users\zqmco\AppData\Local\hermes\hermes-agent\venv\Lib\site-packages\uvicorn\protocols\http\httptools_impl.py", line 422, in run_asgi
    result = await app(  # type: ignore[func-returns-value]
             ^^^^^^^^^^^^^^^^^^^^^^^^^^^^^^^^^^^^^^^^^^^^^^
  File "C:\Users\zqmco\AppData\Local\hermes\hermes-agent\venv\Lib\site-packages\uvicorn\middleware\proxy_headers.py", line 63, in __call__
    return await self.app(scope, receive, send)
           ^^^^^^^^^^^^^^^^^^^^^^^^^^^^^^^^^^^^
  File "C:\Users\zqmco\AppData\Local\hermes\hermes-agent\venv\Lib\site-packages\fastapi\applications.py", line 1054, in __call__
    await super().__call__(scope, receive, send)
  File "C:\Users\zqmco\AppData\Local\hermes\hermes-agent\venv\Lib\site-packages\starlette\applications.py", line 113, in __call__
    await self.middleware_stack(scope, receive, send)
  File "C:\Users\zqmco\AppData\Local\hermes\hermes-agent\venv\Lib\site-packages\starlette\middleware\errors.py", line 187, in __call__
    raise exc
  File "C:\Users\zqmco\AppData\Local\hermes\hermes-agent\venv\Lib\site-packages\starlette\middleware\errors.py", line 165, in __call__
    await self.app(scope, receive, _send)
  File "C:\Users\zqmco\AppData\Local\hermes\hermes-agent\venv\Lib\site-packages\starlette\middleware\cors.py", line 85, in __call__
    await self.app(scope, receive, send)
  File "C:\Users\zqmco\AppData\Local\hermes\hermes-agent\venv\Lib\site-packages\starlette\middleware\exceptions.py", line 62, in __call__
    await wrap_app_handling_exceptions(self.app, conn)(scope, receive, send)
  File "C:\Users\zqmco\AppData\Local\hermes\hermes-agent\venv\Lib\site-packages\starlette\_exception_handler.py", line 62, in wrapped_app
    raise exc
  File "C:\Users\zqmco\AppData\Local\hermes\hermes-agent\venv\Lib\site-packages\starlette\_exception_handler.py", line 51, in wrapped_app
    await app(scope, receive, sender)
  File "C:\Users\zqmco\AppData\Local\hermes\hermes-agent\venv\Lib\site-packages\starlette\routing.py", line 715, in __call__
    await self.middleware_stack(scope, receive, send)
  File "C:\Users\zqmco\AppData\Local\hermes\hermes-agent\venv\Lib\site-packages\starlette\routing.py", line 735, in app
    await route.handle(scope, receive, send)
  File "C:\Users\zqmco\AppData\Local\hermes\hermes-agent\venv\Lib\site-packages\starlette\routing.py", line 288, in handle
    await self.app(scope, receive, send)
  File "C:\Users\zqmco\AppData\Local\hermes\hermes-agent\venv\Lib\site-packages\starlette\routing.py", line 76, in app
    await wrap_app_handling_exceptions(app, request)(scope, receive, send)
  File "C:\Users\zqmco\AppData\Local\hermes\hermes-agent\venv\Lib\site-packages\starlette\_exception_handler.py", line 62, in wrapped_app
    raise exc
  File "C:\Users\zqmco\AppData\Local\hermes\hermes-agent\venv\Lib\site-packages\starlette\_exception_handler.py", line 51, in wrapped_app
    await app(scope, receive, sender)
  File "C:\Users\zqmco\AppData\Local\hermes\hermes-agent\venv\Lib\site-packages\starlette\routing.py", line 73, in app
    response = await f(request)
               ^^^^^^^^^^^^^^^^
  File "C:\Users\zqmco\AppData\Local\hermes\hermes-agent\venv\Lib\site-packages\fastapi\routing.py", line 301, in app
    raw_response = await run_endpoint_function(
                   ^^^^^^^^^^^^^^^^^^^^^^^^^^^^
  File "C:\Users\zqmco\AppData\Local\hermes\hermes-agent\venv\Lib\site-packages\fastapi\routing.py", line 214, in run_endpoint_function
    return await run_in_threadpool(dependant.call, **values)
           ^^^^^^^^^^^^^^^^^^^^^^^^^^^^^^^^^^^^^^^^^^^^^^^^^
  File "C:\Users\zqmco\AppData\Local\hermes\hermes-agent\venv\Lib\site-packages\starlette\concurrency.py", line 39, in run_in_threadpool
    return await anyio.to_thread.run_sync(func, *args)
           ^^^^^^^^^^^^^^^^^^^^^^^^^^^^^^^^^^^^^^^^^^^
  File "C:\Users\zqmco\AppData\Local\hermes\hermes-agent\venv\Lib\site-packages\anyio\to_thread.py", line 63, in run_sync
    return await get_async_backend().run_sync_in_worker_thread(
           ^^^^^^^^^^^^^^^^^^^^^^^^^^^^^^^^^^^^^^^^^^^^^^^^^^^^
  File "C:\Users\zqmco\AppData\Local\hermes\hermes-agent\venv\Lib\site-packages\anyio\_backends\_asyncio.py", line 2502, in run_sync_in_worker_thread
    return await future
           ^^^^^^^^^^^^
  File "C:\Users\zqmco\AppData\Local\hermes\hermes-agent\venv\Lib\site-packages\anyio\_backends\_asyncio.py", line 986, in run
    result = context.run(func, *args)
             ^^^^^^^^^^^^^^^^^^^^^^^^
  File "C:\Users\zqmco\Docker\volusia-portal\backend\main.py", line 34, in health
    try: indicator_count = conn.execute("SELECT COUNT(*) FROM indicators").fetchone()[0]
                           ^^^^^^^^^^^^^^^^^^^^^^^^^^^^^^^^^^^^^^^^^^^^^^^
sqlite3.OperationalError: no such table: indicators
ERROR:    Exception in ASGI application
Traceback (most recent call last):
  File "C:\Users\zqmco\AppData\Local\hermes\hermes-agent\venv\Lib\site-packages\uvicorn\protocols\http\httptools_impl.py", line 422, in run_asgi
    result = await app(  # type: ignore[func-returns-value]
             ^^^^^^^^^^^^^^^^^^^^^^^^^^^^^^^^^^^^^^^^^^^^^^
  File "C:\Users\zqmco\AppData\Local\hermes\hermes-agent\venv\Lib\site-packages\uvicorn\middleware\proxy_headers.py", line 63, in __call__
    return await self.app(scope, receive, send)
           ^^^^^^^^^^^^^^^^^^^^^^^^^^^^^^^^^^^^
  File "C:\Users\zqmco\AppData\Local\hermes\hermes-agent\venv\Lib\site-packages\fastapi\applications.py", line 1054, in __call__
    await super().__call__(scope, receive, send)
  File "C:\Users\zqmco\AppData\Local\hermes\hermes-agent\venv\Lib\site-packages\starlette\applications.py", line 113, in __call__
    await self.middleware_stack(scope, receive, send)
  File "C:\Users\zqmco\AppData\Local\hermes\hermes-agent\venv\Lib\site-packages\starlette\middleware\errors.py", line 187, in __call__
    raise exc
  File "C:\Users\zqmco\AppData\Local\hermes\hermes-agent\venv\Lib\site-packages\starlette\middleware\errors.py", line 165, in __call__
    await self.app(scope, receive, _send)
  File "C:\Users\zqmco\AppData\Local\hermes\hermes-agent\venv\Lib\site-packages\starlette\middleware\cors.py", line 85, in __call__
    await self.app(scope, receive, send)
  File "C:\Users\zqmco\AppData\Local\hermes\hermes-agent\venv\Lib\site-packages\starlette\middleware\exceptions.py", line 62, in __call__
    await wrap_app_handling_exceptions(self.app, conn)(scope, receive, send)
  File "C:\Users\zqmco\AppData\Local\hermes\hermes-agent\venv\Lib\site-packages\starlette\_exception_handler.py", line 62, in wrapped_app
    raise exc
  File "C:\Users\zqmco\AppData\Local\hermes\hermes-agent\venv\Lib\site-packages\starlette\_exception_handler.py", line 51, in wrapped_app
    await app(scope, receive, sender)
  File "C:\Users\zqmco\AppData\Local\hermes\hermes-agent\venv\Lib\site-packages\starlette\routing.py", line 715, in __call__
    await self.middleware_stack(scope, receive, send)
  File "C:\Users\zqmco\AppData\Local\hermes\hermes-agent\venv\Lib\site-packages\starlette\routing.py", line 735, in app
    await route.handle(scope, receive, send)
  File "C:\Users\zqmco\AppData\Local\hermes\hermes-agent\venv\Lib\site-packages\starlette\routing.py", line 288, in handle
    await self.app(scope, receive, send)
  File "C:\Users\zqmco\AppData\Local\hermes\hermes-agent\venv\Lib\site-packages\starlette\routing.py", line 76, in app
    await wrap_app_handling_exceptions(app, request)(scope, receive, send)
  File "C:\Users\zqmco\AppData\Local\hermes\hermes-agent\venv\Lib\site-packages\starlette\_exception_handler.py", line 62, in wrapped_app
    raise exc
  File "C:\Users\zqmco\AppData\Local\hermes\hermes-agent\venv\Lib\site-packages\starlette\_exception_handler.py", line 51, in wrapped_app
    await app(scope, receive, sender)
  File "C:\Users\zqmco\AppData\Local\hermes\hermes-agent\venv\Lib\site-packages\starlette\routing.py", line 73, in app
    response = await f(request)
               ^^^^^^^^^^^^^^^^
  File "C:\Users\zqmco\AppData\Local\hermes\hermes-agent\venv\Lib\site-packages\fastapi\routing.py", line 301, in app
    raw_response = await run_endpoint_function(
                   ^^^^^^^^^^^^^^^^^^^^^^^^^^^^
  File "C:\Users\zqmco\AppData\Local\hermes\hermes-agent\venv\Lib\site-packages\fastapi\routing.py", line 214, in run_endpoint_function
    return await run_in_threadpool(dependant.call, **values)
           ^^^^^^^^^^^^^^^^^^^^^^^^^^^^^^^^^^^^^^^^^^^^^^^^^
  File "C:\Users\zqmco\AppData\Local\hermes\hermes-agent\venv\Lib\site-packages\starlette\concurrency.py", line 39, in run_in_threadpool
    return await anyio.to_thread.run_sync(func, *args)
           ^^^^^^^^^^^^^^^^^^^^^^^^^^^^^^^^^^^^^^^^^^^
  File "C:\Users\zqmco\AppData\Local\hermes\hermes-agent\venv\Lib\site-packages\anyio\to_thread.py", line 63, in run_sync
    return await get_async_backend().run_sync_in_worker_thread(
           ^^^^^^^^^^^^^^^^^^^^^^^^^^^^^^^^^^^^^^^^^^^^^^^^^^^^
  File "C:\Users\zqmco\AppData\Local\hermes\hermes-agent\venv\Lib\site-packages\anyio\_backends\_asyncio.py", line 2502, in run_sync_in_worker_thread
    return await future
           ^^^^^^^^^^^^
  File "C:\Users\zqmco\AppData\Local\hermes\hermes-agent\venv\Lib\site-packages\anyio\_backends\_asyncio.py", line 986, in run
    result = context.run(func, *args)
             ^^^^^^^^^^^^^^^^^^^^^^^^
  File "C:\Users\zqmco\Docker\volusia-portal\backend\main.py", line 34, in health
    try: indicator_count = conn.execute("SELECT COUNT(*) FROM indicators").fetchone()[0]
                           ^^^^^^^^^^^^^^^^^^^^^^^^^^^^^^^^^^^^^^^^^^^^^^^
sqlite3.OperationalError: no such table: indicators
INFO:     Started server process [33256]
INFO:     Waiting for application startup.
INFO:     Application startup complete.
INFO:     Uvicorn running on http://0.0.0.0:8000 (Press CTRL+C to quit)
ERROR:    Exception in ASGI application
Traceback (most recent call last):
  File "C:\Users\zqmco\AppData\Local\hermes\hermes-agent\venv\Lib\site-packages\uvicorn\protocols\http\httptools_impl.py", line 422, in run_asgi
    result = await app(  # type: ignore[func-returns-value]
             ^^^^^^^^^^^^^^^^^^^^^^^^^^^^^^^^^^^^^^^^^^^^^^
  File "C:\Users\zqmco\AppData\Local\hermes\hermes-agent\venv\Lib\site-packages\uvicorn\middleware\proxy_headers.py", line 63, in __call__
    return await self.app(scope, receive, send)
           ^^^^^^^^^^^^^^^^^^^^^^^^^^^^^^^^^^^^
  File "C:\Users\zqmco\AppData\Local\hermes\hermes-agent\venv\Lib\site-packages\fastapi\applications.py", line 1054, in __call__
    await super().__call__(scope, receive, send)
  File "C:\Users\zqmco\AppData\Local\hermes\hermes-agent\venv\Lib\site-packages\starlette\applications.py", line 113, in __call__
    await self.middleware_stack(scope, receive, send)
  File "C:\Users\zqmco\AppData\Local\hermes\hermes-agent\venv\Lib\site-packages\starlette\middleware\errors.py", line 187, in __call__
    raise exc
  File "C:\Users\zqmco\AppData\Local\hermes\hermes-agent\venv\Lib\site-packages\starlette\middleware\errors.py", line 165, in __call__
    await self.app(scope, receive, _send)
  File "C:\Users\zqmco\AppData\Local\hermes\hermes-agent\venv\Lib\site-packages\starlette\middleware\cors.py", line 85, in __call__
    await self.app(scope, receive, send)
  File "C:\Users\zqmco\AppData\Local\hermes\hermes-agent\venv\Lib\site-packages\starlette\middleware\exceptions.py", line 62, in __call__
    await wrap_app_handling_exceptions(self.app, conn)(scope, receive, send)
  File "C:\Users\zqmco\AppData\Local\hermes\hermes-agent\venv\Lib\site-packages\starlette\_exception_handler.py", line 62, in wrapped_app
    raise exc
  File "C:\Users\zqmco\AppData\Local\hermes\hermes-agent\venv\Lib\site-packages\starlette\_exception_handler.py", line 51, in wrapped_app
    await app(scope, receive, sender)
  File "C:\Users\zqmco\AppData\Local\hermes\hermes-agent\venv\Lib\site-packages\starlette\routing.py", line 715, in __call__
    await self.middleware_stack(scope, receive, send)
  File "C:\Users\zqmco\AppData\Local\hermes\hermes-agent\venv\Lib\site-packages\starlette\routing.py", line 735, in app
    await route.handle(scope, receive, send)
  File "C:\Users\zqmco\AppData\Local\hermes\hermes-agent\venv\Lib\site-packages\starlette\routing.py", line 288, in handle
    await self.app(scope, receive, send)
  File "C:\Users\zqmco\AppData\Local\hermes\hermes-agent\venv\Lib\site-packages\starlette\routing.py", line 76, in app
    await wrap_app_handling_exceptions(app, request)(scope, receive, send)
  File "C:\Users\zqmco\AppData\Local\hermes\hermes-agent\venv\Lib\site-packages\starlette\_exception_handler.py", line 62, in wrapped_app
    raise exc
  File "C:\Users\zqmco\AppData\Local\hermes\hermes-agent\venv\Lib\site-packages\starlette\_exception_handler.py", line 51, in wrapped_app
    await app(scope, receive, sender)
  File "C:\Users\zqmco\AppData\Local\hermes\hermes-agent\venv\Lib\site-packages\starlette\routing.py", line 73, in app
    response = await f(request)
               ^^^^^^^^^^^^^^^^
  File "C:\Users\zqmco\AppData\Local\hermes\hermes-agent\venv\Lib\site-packages\fastapi\routing.py", line 301, in app
    raw_response = await run_endpoint_function(
                   ^^^^^^^^^^^^^^^^^^^^^^^^^^^^
  File "C:\Users\zqmco\AppData\Local\hermes\hermes-agent\venv\Lib\site-packages\fastapi\routing.py", line 214, in run_endpoint_function
    return await run_in_threadpool(dependant.call, **values)
           ^^^^^^^^^^^^^^^^^^^^^^^^^^^^^^^^^^^^^^^^^^^^^^^^^
  File "C:\Users\zqmco\AppData\Local\hermes\hermes-agent\venv\Lib\site-packages\starlette\concurrency.py", line 39, in run_in_threadpool
    return await anyio.to_thread.run_sync(func, *args)
           ^^^^^^^^^^^^^^^^^^^^^^^^^^^^^^^^^^^^^^^^^^^
  File "C:\Users\zqmco\AppData\Local\hermes\hermes-agent\venv\Lib\site-packages\anyio\to_thread.py", line 63, in run_sync
    return await get_async_backend().run_sync_in_worker_thread(
           ^^^^^^^^^^^^^^^^^^^^^^^^^^^^^^^^^^^^^^^^^^^^^^^^^^^^
  File "C:\Users\zqmco\AppData\Local\hermes\hermes-agent\venv\Lib\site-packages\anyio\_backends\_asyncio.py", line 2502, in run_sync_in_worker_thread
    return await future
           ^^^^^^^^^^^^
  File "C:\Users\zqmco\AppData\Local\hermes\hermes-agent\venv\Lib\site-packages\anyio\_backends\_asyncio.py", line 986, in run
    result = context.run(func, *args)
             ^^^^^^^^^^^^^^^^^^^^^^^^
  File "C:\Users\zqmco\Docker\volusia-portal\backend\main.py", line 43, in get_indicators
    rows = _db_rows(q, (*params, limit))
           ^^^^^^^^^^^^^^^^^^^^^^^^^^^^^
  File "C:\Users\zqmco\Docker\volusia-portal\backend\main.py", line 22, in _db_rows
    try: cur = conn.execute(query, params); return [dict(r) for r in cur.fetchall()]
               ^^^^^^^^^^^^^^^^^^^^^^^^^^^
sqlite3.OperationalError: no such table: indicators
ERROR:    Exception in ASGI application
Traceback (most recent call last):
  File "C:\Users\zqmco\AppData\Local\hermes\hermes-agent\venv\Lib\site-packages\uvicorn\protocols\http\httptools_impl.py", line 422, in run_asgi
    result = await app(  # type: ignore[func-returns-value]
             ^^^^^^^^^^^^^^^^^^^^^^^^^^^^^^^^^^^^^^^^^^^^^^
  File "C:\Users\zqmco\AppData\Local\hermes\hermes-agent\venv\Lib\site-packages\uvicorn\middleware\proxy_headers.py", line 63, in __call__
    return await self.app(scope, receive, send)
           ^^^^^^^^^^^^^^^^^^^^^^^^^^^^^^^^^^^^
  File "C:\Users\zqmco\AppData\Local\hermes\hermes-agent\venv\Lib\site-packages\fastapi\applications.py", line 1054, in __call__
    await super().__call__(scope, receive, send)
  File "C:\Users\zqmco\AppData\Local\hermes\hermes-agent\venv\Lib\site-packages\starlette\applications.py", line 113, in __call__
    await self.middleware_stack(scope, receive, send)
  File "C:\Users\zqmco\AppData\Local\hermes\hermes-agent\venv\Lib\site-packages\starlette\middleware\errors.py", line 187, in __call__
    raise exc
  File "C:\Users\zqmco\AppData\Local\hermes\hermes-agent\venv\Lib\site-packages\starlette\middleware\errors.py", line 165, in __call__
    await self.app(scope, receive, _send)
  File "C:\Users\zqmco\AppData\Local\hermes\hermes-agent\venv\Lib\site-packages\starlette\middleware\cors.py", line 85, in __call__
    await self.app(scope, receive, send)
  File "C:\Users\zqmco\AppData\Local\hermes\hermes-agent\venv\Lib\site-packages\starlette\middleware\exceptions.py", line 62, in __call__
    await wrap_app_handling_exceptions(self.app, conn)(scope, receive, send)
  File "C:\Users\zqmco\AppData\Local\hermes\hermes-agent\venv\Lib\site-packages\starlette\_exception_handler.py", line 62, in wrapped_app
    raise exc
  File "C:\Users\zqmco\AppData\Local\hermes\hermes-agent\venv\Lib\site-packages\starlette\_exception_handler.py", line 51, in wrapped_app
    await app(scope, receive, sender)
  File "C:\Users\zqmco\AppData\Local\hermes\hermes-agent\venv\Lib\site-packages\starlette\routing.py", line 715, in __call__
    await self.middleware_stack(scope, receive, send)
  File "C:\Users\zqmco\AppData\Local\hermes\hermes-agent\venv\Lib\site-packages\starlette\routing.py", line 735, in app
    await route.handle(scope, receive, send)
  File "C:\Users\zqmco\AppData\Local\hermes\hermes-agent\venv\Lib\site-packages\starlette\routing.py", line 288, in handle
    await self.app(scope, receive, send)
  File "C:\Users\zqmco\AppData\Local\hermes\hermes-agent\venv\Lib\site-packages\starlette\routing.py", line 76, in app
    await wrap_app_handling_exceptions(app, request)(scope, receive, send)
  File "C:\Users\zqmco\AppData\Local\hermes\hermes-agent\venv\Lib\site-packages\starlette\_exception_handler.py", line 62, in wrapped_app
    raise exc
  File "C:\Users\zqmco\AppData\Local\hermes\hermes-agent\venv\Lib\site-packages\starlette\_exception_handler.py", line 51, in wrapped_app
    await app(scope, receive, sender)
  File "C:\Users\zqmco\AppData\Local\hermes\hermes-agent\venv\Lib\site-packages\starlette\routing.py", line 73, in app
    response = await f(request)
               ^^^^^^^^^^^^^^^^
  File "C:\Users\zqmco\AppData\Local\hermes\hermes-agent\venv\Lib\site-packages\fastapi\routing.py", line 301, in app
    raw_response = await run_endpoint_function(
                   ^^^^^^^^^^^^^^^^^^^^^^^^^^^^
  File "C:\Users\zqmco\AppData\Local\hermes\hermes-agent\venv\Lib\site-packages\fastapi\routing.py", line 214, in run_endpoint_function
    return await run_in_threadpool(dependant.call, **values)
           ^^^^^^^^^^^^^^^^^^^^^^^^^^^^^^^^^^^^^^^^^^^^^^^^^
  File "C:\Users\zqmco\AppData\Local\hermes\hermes-agent\venv\Lib\site-packages\starlette\concurrency.py", line 39, in run_in_threadpool
    return await anyio.to_thread.run_sync(func, *args)
           ^^^^^^^^^^^^^^^^^^^^^^^^^^^^^^^^^^^^^^^^^^^
  File "C:\Users\zqmco\AppData\Local\hermes\hermes-agent\venv\Lib\site-packages\anyio\to_thread.py", line 63, in run_sync
    return await get_async_backend().run_sync_in_worker_thread(
           ^^^^^^^^^^^^^^^^^^^^^^^^^^^^^^^^^^^^^^^^^^^^^^^^^^^^
  File "C:\Users\zqmco\AppData\Local\hermes\hermes-agent\venv\Lib\site-packages\anyio\_backends\_asyncio.py", line 2502, in run_sync_in_worker_thread
    return await future
           ^^^^^^^^^^^^
  File "C:\Users\zqmco\AppData\Local\hermes\hermes-agent\venv\Lib\site-packages\anyio\_backends\_asyncio.py", line 986, in run
    result = context.run(func, *args)
             ^^^^^^^^^^^^^^^^^^^^^^^^
  File "C:\Users\zqmco\Docker\volusia-portal\backend\main.py", line 34, in health
    try: indicator_count = conn.execute("SELECT COUNT(*) FROM indicators").fetchone()[0]
                           ^^^^^^^^^^^^^^^^^^^^^^^^^^^^^^^^^^^^^^^^^^^^^^^
sqlite3.OperationalError: no such table: indicators
INFO:     Started server process [37904]
INFO:     Waiting for application startup.
INFO:     Application startup complete.
ERROR:    [Errno 10048] error while attempting to bind on address ('0.0.0.0', 8000): only one usage of each socket address (protocol/network address/port) is normally permitted
INFO:     Waiting for application shutdown.
INFO:     Application shutdown complete.
INFO:     Started server process [35260]
INFO:     Waiting for application startup.
INFO:     Application startup complete.
ERROR:    [Errno 10048] error while attempting to bind on address ('0.0.0.0', 8000): only one usage of each socket address (protocol/network address/port) is normally permitted
INFO:     Waiting for application shutdown.
INFO:     Application shutdown complete.
INFO:     Started server process [27284]
INFO:     Waiting for application startup.
INFO:     Application startup complete.
ERROR:    [Errno 10048] error while attempting to bind on address ('0.0.0.0', 8000): only one usage of each socket address (protocol/network address/port) is normally permitted
INFO:     Waiting for application shutdown.
INFO:     Application shutdown complete.
INFO:     Started server process [37860]
INFO:     Waiting for application startup.
INFO:     Application startup complete.
INFO:     Uvicorn running on http://0.0.0.0:8000 (Press CTRL+C to quit)
ERROR:    Exception in ASGI application
Traceback (most recent call last):
  File "C:\Users\zqmco\AppData\Local\hermes\hermes-agent\venv\Lib\site-packages\uvicorn\protocols\http\httptools_impl.py", line 399, in run_asgi
    result = await app(  # type: ignore[func-returns-value]
             ^^^^^^^^^^^^^^^^^^^^^^^^^^^^^^^^^^^^^^^^^^^^^^
  File "C:\Users\zqmco\AppData\Local\hermes\hermes-agent\venv\Lib\site-packages\uvicorn\middleware\proxy_headers.py", line 70, in __call__
    return await self.app(scope, receive, send)
           ^^^^^^^^^^^^^^^^^^^^^^^^^^^^^^^^^^^^
  File "C:\Users\zqmco\AppData\Local\hermes\hermes-agent\venv\Lib\site-packages\fastapi\applications.py", line 1054, in __call__
    await super().__call__(scope, receive, send)
  File "C:\Users\zqmco\AppData\Local\hermes\hermes-agent\venv\Lib\site-packages\starlette\applications.py", line 113, in __call__
    await self.middleware_stack(scope, receive, send)
  File "C:\Users\zqmco\AppData\Local\hermes\hermes-agent\venv\Lib\site-packages\starlette\middleware\errors.py", line 187, in __call__
    raise exc
  File "C:\Users\zqmco\AppData\Local\hermes\hermes-agent\venv\Lib\site-packages\starlette\middleware\errors.py", line 165, in __call__
    await self.app(scope, receive, _send)
  File "C:\Users\zqmco\AppData\Local\hermes\hermes-agent\venv\Lib\site-packages\starlette\middleware\cors.py", line 85, in __call__
    await self.app(scope, receive, send)
  File "C:\Users\zqmco\AppData\Local\hermes\hermes-agent\venv\Lib\site-packages\starlette\middleware\trustedhost.py", line 36, in __call__
    await self.app(scope, receive, send)
  File "C:\Users\zqmco\AppData\Local\hermes\hermes-agent\venv\Lib\site-packages\starlette\middleware\exceptions.py", line 62, in __call__
    await wrap_app_handling_exceptions(self.app, conn)(scope, receive, send)
  File "C:\Users\zqmco\AppData\Local\hermes\hermes-agent\venv\Lib\site-packages\starlette\_exception_handler.py", line 62, in wrapped_app
    raise exc
  File "C:\Users\zqmco\AppData\Local\hermes\hermes-agent\venv\Lib\site-packages\starlette\_exception_handler.py", line 51, in wrapped_app
    await app(scope, receive, sender)
  File "C:\Users\zqmco\AppData\Local\hermes\hermes-agent\venv\Lib\site-packages\starlette\routing.py", line 715, in __call__
    await self.middleware_stack(scope, receive, send)
  File "C:\Users\zqmco\AppData\Local\hermes\hermes-agent\venv\Lib\site-packages\starlette\routing.py", line 735, in app
    await route.handle(scope, receive, send)
  File "C:\Users\zqmco\AppData\Local\hermes\hermes-agent\venv\Lib\site-packages\starlette\routing.py", line 288, in handle
    await self.app(scope, receive, send)
  File "C:\Users\zqmco\AppData\Local\hermes\hermes-agent\venv\Lib\site-packages\starlette\routing.py", line 76, in app
    await wrap_app_handling_exceptions(app, request)(scope, receive, send)
  File "C:\Users\zqmco\AppData\Local\hermes\hermes-agent\venv\Lib\site-packages\starlette\_exception_handler.py", line 62, in wrapped_app
    raise exc
  File "C:\Users\zqmco\AppData\Local\hermes\hermes-agent\venv\Lib\site-packages\starlette\_exception_handler.py", line 51, in wrapped_app
    await app(scope, receive, sender)
  File "C:\Users\zqmco\AppData\Local\hermes\hermes-agent\venv\Lib\site-packages\starlette\routing.py", line 73, in app
    response = await f(request)
               ^^^^^^^^^^^^^^^^
  File "C:\Users\zqmco\AppData\Local\hermes\hermes-agent\venv\Lib\site-packages\fastapi\routing.py", line 301, in app
    raw_response = await run_endpoint_function(
                   ^^^^^^^^^^^^^^^^^^^^^^^^^^^^
  File "C:\Users\zqmco\AppData\Local\hermes\hermes-agent\venv\Lib\site-packages\fastapi\routing.py", line 214, in run_endpoint_function
    return await run_in_threadpool(dependant.call, **values)
           ^^^^^^^^^^^^^^^^^^^^^^^^^^^^^^^^^^^^^^^^^^^^^^^^^
  File "C:\Users\zqmco\AppData\Local\hermes\hermes-agent\venv\Lib\site-packages\starlette\concurrency.py", line 39, in run_in_threadpool
    return await anyio.to_thread.run_sync(func, *args)
           ^^^^^^^^^^^^^^^^^^^^^^^^^^^^^^^^^^^^^^^^^^^
  File "C:\Users\zqmco\AppData\Local\hermes\hermes-agent\venv\Lib\site-packages\anyio\to_thread.py", line 63, in run_sync
    return await get_async_backend().run_sync_in_worker_thread(
           ^^^^^^^^^^^^^^^^^^^^^^^^^^^^^^^^^^^^^^^^^^^^^^^^^^^^
  File "C:\Users\zqmco\AppData\Local\hermes\hermes-agent\venv\Lib\site-packages\anyio\_backends\_asyncio.py", line 2502, in run_sync_in_worker_thread
    return await future
           ^^^^^^^^^^^^
  File "C:\Users\zqmco\AppData\Local\hermes\hermes-agent\venv\Lib\site-packages\anyio\_backends\_asyncio.py", line 986, in run
    result = context.run(func, *args)
             ^^^^^^^^^^^^^^^^^^^^^^^^
  File "C:\Users\zqmco\Docker\volusia-portal\backend\gamification\scoring.py", line 171, in get_pulse
    for f in sorted(CACHE_DIR.glob("*.json")):
                    ^^^^^^^^^
NameError: name 'CACHE_DIR' is not defined
ERROR:    Exception in ASGI application
Traceback (most recent call last):
  File "C:\Users\zqmco\AppData\Local\hermes\hermes-agent\venv\Lib\site-packages\uvicorn\protocols\http\httptools_impl.py", line 399, in run_asgi
    result = await app(  # type: ignore[func-returns-value]
             ^^^^^^^^^^^^^^^^^^^^^^^^^^^^^^^^^^^^^^^^^^^^^^
  File "C:\Users\zqmco\AppData\Local\hermes\hermes-agent\venv\Lib\site-packages\uvicorn\middleware\proxy_headers.py", line 70, in __call__
    return await self.app(scope, receive, send)
           ^^^^^^^^^^^^^^^^^^^^^^^^^^^^^^^^^^^^
  File "C:\Users\zqmco\AppData\Local\hermes\hermes-agent\venv\Lib\site-packages\fastapi\applications.py", line 1054, in __call__
    await super().__call__(scope, receive, send)
  File "C:\Users\zqmco\AppData\Local\hermes\hermes-agent\venv\Lib\site-packages\starlette\applications.py", line 113, in __call__
    await self.middleware_stack(scope, receive, send)
  File "C:\Users\zqmco\AppData\Local\hermes\hermes-agent\venv\Lib\site-packages\starlette\middleware\errors.py", line 187, in __call__
    raise exc
  File "C:\Users\zqmco\AppData\Local\hermes\hermes-agent\venv\Lib\site-packages\starlette\middleware\errors.py", line 165, in __call__
    await self.app(scope, receive, _send)
  File "C:\Users\zqmco\AppData\Local\hermes\hermes-agent\venv\Lib\site-packages\starlette\middleware\cors.py", line 85, in __call__
    await self.app(scope, receive, send)
  File "C:\Users\zqmco\AppData\Local\hermes\hermes-agent\venv\Lib\site-packages\starlette\middleware\trustedhost.py", line 36, in __call__
    await self.app(scope, receive, send)
  File "C:\Users\zqmco\AppData\Local\hermes\hermes-agent\venv\Lib\site-packages\starlette\middleware\exceptions.py", line 62, in __call__
    await wrap_app_handling_exceptions(self.app, conn)(scope, receive, send)
  File "C:\Users\zqmco\AppData\Local\hermes\hermes-agent\venv\Lib\site-packages\starlette\_exception_handler.py", line 62, in wrapped_app
    raise exc
  File "C:\Users\zqmco\AppData\Local\hermes\hermes-agent\venv\Lib\site-packages\starlette\_exception_handler.py", line 51, in wrapped_app
    await app(scope, receive, sender)
  File "C:\Users\zqmco\AppData\Local\hermes\hermes-agent\venv\Lib\site-packages\starlette\routing.py", line 715, in __call__
    await self.middleware_stack(scope, receive, send)
  File "C:\Users\zqmco\AppData\Local\hermes\hermes-agent\venv\Lib\site-packages\starlette\routing.py", line 735, in app
    await route.handle(scope, receive, send)
  File "C:\Users\zqmco\AppData\Local\hermes\hermes-agent\venv\Lib\site-packages\starlette\routing.py", line 288, in handle
    await self.app(scope, receive, send)
  File "C:\Users\zqmco\AppData\Local\hermes\hermes-agent\venv\Lib\site-packages\starlette\routing.py", line 76, in app
    await wrap_app_handling_exceptions(app, request)(scope, receive, send)
  File "C:\Users\zqmco\AppData\Local\hermes\hermes-agent\venv\Lib\site-packages\starlette\_exception_handler.py", line 62, in wrapped_app
    raise exc
  File "C:\Users\zqmco\AppData\Local\hermes\hermes-agent\venv\Lib\site-packages\starlette\_exception_handler.py", line 51, in wrapped_app
    await app(scope, receive, sender)
  File "C:\Users\zqmco\AppData\Local\hermes\hermes-agent\venv\Lib\site-packages\starlette\routing.py", line 73, in app
    response = await f(request)
               ^^^^^^^^^^^^^^^^
  File "C:\Users\zqmco\AppData\Local\hermes\hermes-agent\venv\Lib\site-packages\fastapi\routing.py", line 301, in app
    raw_response = await run_endpoint_function(
                   ^^^^^^^^^^^^^^^^^^^^^^^^^^^^
  File "C:\Users\zqmco\AppData\Local\hermes\hermes-agent\venv\Lib\site-packages\fastapi\routing.py", line 214, in run_endpoint_function
    return await run_in_threadpool(dependant.call, **values)
           ^^^^^^^^^^^^^^^^^^^^^^^^^^^^^^^^^^^^^^^^^^^^^^^^^
  File "C:\Users\zqmco\AppData\Local\hermes\hermes-agent\venv\Lib\site-packages\starlette\concurrency.py", line 39, in run_in_threadpool
    return await anyio.to_thread.run_sync(func, *args)
           ^^^^^^^^^^^^^^^^^^^^^^^^^^^^^^^^^^^^^^^^^^^
  File "C:\Users\zqmco\AppData\Local\hermes\hermes-agent\venv\Lib\site-packages\anyio\to_thread.py", line 63, in run_sync
    return await get_async_backend().run_sync_in_worker_thread(
           ^^^^^^^^^^^^^^^^^^^^^^^^^^^^^^^^^^^^^^^^^^^^^^^^^^^^
  File "C:\Users\zqmco\AppData\Local\hermes\hermes-agent\venv\Lib\site-packages\anyio\_backends\_asyncio.py", line 2502, in run_sync_in_worker_thread
    return await future
           ^^^^^^^^^^^^
  File "C:\Users\zqmco\AppData\Local\hermes\hermes-agent\venv\Lib\site-packages\anyio\_backends\_asyncio.py", line 986, in run
    result = context.run(func, *args)
             ^^^^^^^^^^^^^^^^^^^^^^^^
  File "C:\Users\zqmco\Docker\volusia-portal\backend\gamification\scoring.py", line 171, in get_pulse
    for f in sorted(CACHE_DIR.glob("*.json")):
                    ^^^^^^^^^
NameError: name 'CACHE_DIR' is not defined
ERROR:    Exception in ASGI application
Traceback (most recent call last):
  File "C:\Users\zqmco\AppData\Local\hermes\hermes-agent\venv\Lib\site-packages\uvicorn\protocols\http\httptools_impl.py", line 399, in run_asgi
    result = await app(  # type: ignore[func-returns-value]
             ^^^^^^^^^^^^^^^^^^^^^^^^^^^^^^^^^^^^^^^^^^^^^^
  File "C:\Users\zqmco\AppData\Local\hermes\hermes-agent\venv\Lib\site-packages\uvicorn\middleware\proxy_headers.py", line 70, in __call__
    return await self.app(scope, receive, send)
           ^^^^^^^^^^^^^^^^^^^^^^^^^^^^^^^^^^^^
  File "C:\Users\zqmco\AppData\Local\hermes\hermes-agent\venv\Lib\site-packages\fastapi\applications.py", line 1054, in __call__
    await super().__call__(scope, receive, send)
  File "C:\Users\zqmco\AppData\Local\hermes\hermes-agent\venv\Lib\site-packages\starlette\applications.py", line 113, in __call__
    await self.middleware_stack(scope, receive, send)
  File "C:\Users\zqmco\AppData\Local\hermes\hermes-agent\venv\Lib\site-packages\starlette\middleware\errors.py", line 187, in __call__
    raise exc
  File "C:\Users\zqmco\AppData\Local\hermes\hermes-agent\venv\Lib\site-packages\starlette\middleware\errors.py", line 165, in __call__
    await self.app(scope, receive, _send)
  File "C:\Users\zqmco\AppData\Local\hermes\hermes-agent\venv\Lib\site-packages\starlette\middleware\cors.py", line 85, in __call__
    await self.app(scope, receive, send)
  File "C:\Users\zqmco\AppData\Local\hermes\hermes-agent\venv\Lib\site-packages\starlette\middleware\trustedhost.py", line 36, in __call__
    await self.app(scope, receive, send)
  File "C:\Users\zqmco\AppData\Local\hermes\hermes-agent\venv\Lib\site-packages\starlette\middleware\exceptions.py", line 62, in __call__
    await wrap_app_handling_exceptions(self.app, conn)(scope, receive, send)
  File "C:\Users\zqmco\AppData\Local\hermes\hermes-agent\venv\Lib\site-packages\starlette\_exception_handler.py", line 62, in wrapped_app
    raise exc
  File "C:\Users\zqmco\AppData\Local\hermes\hermes-agent\venv\Lib\site-packages\starlette\_exception_handler.py", line 51, in wrapped_app
    await app(scope, receive, sender)
  File "C:\Users\zqmco\AppData\Local\hermes\hermes-agent\venv\Lib\site-packages\starlette\routing.py", line 715, in __call__
    await self.middleware_stack(scope, receive, send)
  File "C:\Users\zqmco\AppData\Local\hermes\hermes-agent\venv\Lib\site-packages\starlette\routing.py", line 735, in app
    await route.handle(scope, receive, send)
  File "C:\Users\zqmco\AppData\Local\hermes\hermes-agent\venv\Lib\site-packages\starlette\routing.py", line 288, in handle
    await self.app(scope, receive, send)
  File "C:\Users\zqmco\AppData\Local\hermes\hermes-agent\venv\Lib\site-packages\starlette\routing.py", line 76, in app
    await wrap_app_handling_exceptions(app, request)(scope, receive, send)
  File "C:\Users\zqmco\AppData\Local\hermes\hermes-agent\venv\Lib\site-packages\starlette\_exception_handler.py", line 62, in wrapped_app
    raise exc
  File "C:\Users\zqmco\AppData\Local\hermes\hermes-agent\venv\Lib\site-packages\starlette\_exception_handler.py", line 51, in wrapped_app
    await app(scope, receive, sender)
  File "C:\Users\zqmco\AppData\Local\hermes\hermes-agent\venv\Lib\site-packages\starlette\routing.py", line 73, in app
    response = await f(request)
               ^^^^^^^^^^^^^^^^
  File "C:\Users\zqmco\AppData\Local\hermes\hermes-agent\venv\Lib\site-packages\fastapi\routing.py", line 301, in app
    raw_response = await run_endpoint_function(
                   ^^^^^^^^^^^^^^^^^^^^^^^^^^^^
  File "C:\Users\zqmco\AppData\Local\hermes\hermes-agent\venv\Lib\site-packages\fastapi\routing.py", line 214, in run_endpoint_function
    return await run_in_threadpool(dependant.call, **values)
           ^^^^^^^^^^^^^^^^^^^^^^^^^^^^^^^^^^^^^^^^^^^^^^^^^
  File "C:\Users\zqmco\AppData\Local\hermes\hermes-agent\venv\Lib\site-packages\starlette\concurrency.py", line 39, in run_in_threadpool
    return await anyio.to_thread.run_sync(func, *args)
           ^^^^^^^^^^^^^^^^^^^^^^^^^^^^^^^^^^^^^^^^^^^
  File "C:\Users\zqmco\AppData\Local\hermes\hermes-agent\venv\Lib\site-packages\anyio\to_thread.py", line 63, in run_sync
    return await get_async_backend().run_sync_in_worker_thread(
           ^^^^^^^^^^^^^^^^^^^^^^^^^^^^^^^^^^^^^^^^^^^^^^^^^^^^
  File "C:\Users\zqmco\AppData\Local\hermes\hermes-agent\venv\Lib\site-packages\anyio\_backends\_asyncio.py", line 2502, in run_sync_in_worker_thread
    return await future
           ^^^^^^^^^^^^
  File "C:\Users\zqmco\AppData\Local\hermes\hermes-agent\venv\Lib\site-packages\anyio\_backends\_asyncio.py", line 986, in run
    result = context.run(func, *args)
             ^^^^^^^^^^^^^^^^^^^^^^^^
  File "C:\Users\zqmco\Docker\volusia-portal\backend\gamification\scoring.py", line 171, in get_pulse
    for f in sorted(CACHE_DIR.glob("*.json")):
                    ^^^^^^^^^
NameError: name 'CACHE_DIR' is not defined
ERROR:    Exception in ASGI application
Traceback (most recent call last):
  File "C:\Users\zqmco\AppData\Local\hermes\hermes-agent\venv\Lib\site-packages\uvicorn\protocols\http\httptools_impl.py", line 399, in run_asgi
    result = await app(  # type: ignore[func-returns-value]
             ^^^^^^^^^^^^^^^^^^^^^^^^^^^^^^^^^^^^^^^^^^^^^^
  File "C:\Users\zqmco\AppData\Local\hermes\hermes-agent\venv\Lib\site-packages\uvicorn\middleware\proxy_headers.py", line 70, in __call__
    return await self.app(scope, receive, send)
           ^^^^^^^^^^^^^^^^^^^^^^^^^^^^^^^^^^^^
  File "C:\Users\zqmco\AppData\Local\hermes\hermes-agent\venv\Lib\site-packages\fastapi\applications.py", line 1054, in __call__
    await super().__call__(scope, receive, send)
  File "C:\Users\zqmco\AppData\Local\hermes\hermes-agent\venv\Lib\site-packages\starlette\applications.py", line 113, in __call__
    await self.middleware_stack(scope, receive, send)
  File "C:\Users\zqmco\AppData\Local\hermes\hermes-agent\venv\Lib\site-packages\starlette\middleware\errors.py", line 187, in __call__
    raise exc
  File "C:\Users\zqmco\AppData\Local\hermes\hermes-agent\venv\Lib\site-packages\starlette\middleware\errors.py", line 165, in __call__
    await self.app(scope, receive, _send)
  File "C:\Users\zqmco\AppData\Local\hermes\hermes-agent\venv\Lib\site-packages\starlette\middleware\cors.py", line 85, in __call__
    await self.app(scope, receive, send)
  File "C:\Users\zqmco\AppData\Local\hermes\hermes-agent\venv\Lib\site-packages\starlette\middleware\trustedhost.py", line 36, in __call__
    await self.app(scope, receive, send)
  File "C:\Users\zqmco\AppData\Local\hermes\hermes-agent\venv\Lib\site-packages\starlette\middleware\exceptions.py", line 62, in __call__
    await wrap_app_handling_exceptions(self.app, conn)(scope, receive, send)
  File "C:\Users\zqmco\AppData\Local\hermes\hermes-agent\venv\Lib\site-packages\starlette\_exception_handler.py", line 62, in wrapped_app
    raise exc
  File "C:\Users\zqmco\AppData\Local\hermes\hermes-agent\venv\Lib\site-packages\starlette\_exception_handler.py", line 51, in wrapped_app
    await app(scope, receive, sender)
  File "C:\Users\zqmco\AppData\Local\hermes\hermes-agent\venv\Lib\site-packages\starlette\routing.py", line 715, in __call__
    await self.middleware_stack(scope, receive, send)
  File "C:\Users\zqmco\AppData\Local\hermes\hermes-agent\venv\Lib\site-packages\starlette\routing.py", line 735, in app
    await route.handle(scope, receive, send)
  File "C:\Users\zqmco\AppData\Local\hermes\hermes-agent\venv\Lib\site-packages\starlette\routing.py", line 288, in handle
    await self.app(scope, receive, send)
  File "C:\Users\zqmco\AppData\Local\hermes\hermes-agent\venv\Lib\site-packages\starlette\routing.py", line 76, in app
    await wrap_app_handling_exceptions(app, request)(scope, receive, send)
  File "C:\Users\zqmco\AppData\Local\hermes\hermes-agent\venv\Lib\site-packages\starlette\_exception_handler.py", line 62, in wrapped_app
    raise exc
  File "C:\Users\zqmco\AppData\Local\hermes\hermes-agent\venv\Lib\site-packages\starlette\_exception_handler.py", line 51, in wrapped_app
    await app(scope, receive, sender)
  File "C:\Users\zqmco\AppData\Local\hermes\hermes-agent\venv\Lib\site-packages\starlette\routing.py", line 73, in app
    response = await f(request)
               ^^^^^^^^^^^^^^^^
  File "C:\Users\zqmco\AppData\Local\hermes\hermes-agent\venv\Lib\site-packages\fastapi\routing.py", line 301, in app
    raw_response = await run_endpoint_function(
                   ^^^^^^^^^^^^^^^^^^^^^^^^^^^^
  File "C:\Users\zqmco\AppData\Local\hermes\hermes-agent\venv\Lib\site-packages\fastapi\routing.py", line 214, in run_endpoint_function
    return await run_in_threadpool(dependant.call, **values)
           ^^^^^^^^^^^^^^^^^^^^^^^^^^^^^^^^^^^^^^^^^^^^^^^^^
  File "C:\Users\zqmco\AppData\Local\hermes\hermes-agent\venv\Lib\site-packages\starlette\concurrency.py", line 39, in run_in_threadpool
    return await anyio.to_thread.run_sync(func, *args)
           ^^^^^^^^^^^^^^^^^^^^^^^^^^^^^^^^^^^^^^^^^^^
  File "C:\Users\zqmco\AppData\Local\hermes\hermes-agent\venv\Lib\site-packages\anyio\to_thread.py", line 63, in run_sync
    return await get_async_backend().run_sync_in_worker_thread(
           ^^^^^^^^^^^^^^^^^^^^^^^^^^^^^^^^^^^^^^^^^^^^^^^^^^^^
  File "C:\Users\zqmco\AppData\Local\hermes\hermes-agent\venv\Lib\site-packages\anyio\_backends\_asyncio.py", line 2502, in run_sync_in_worker_thread
    return await future
           ^^^^^^^^^^^^
  File "C:\Users\zqmco\AppData\Local\hermes\hermes-agent\venv\Lib\site-packages\anyio\_backends\_asyncio.py", line 986, in run
    result = context.run(func, *args)
             ^^^^^^^^^^^^^^^^^^^^^^^^
  File "C:\Users\zqmco\Docker\volusia-portal\backend\gamification\scoring.py", line 100, in contribute
    if req.quality_score: qs=req.quality_score
       ^^^^^^^^^^^^^^^^^
  File "C:\Users\zqmco\AppData\Local\hermes\hermes-agent\venv\Lib\site-packages\pydantic\main.py", line 792, in __getattr__
    raise AttributeError(f'{type(self).__name__!r} object has no attribute {item!r}')
AttributeError: 'ContributeRequest' object has no attribute 'quality_score'
INFO:     Started server process [32892]
INFO:     Waiting for application startup.
INFO:     Application startup complete.
INFO:     Uvicorn running on http://0.0.0.0:8000 (Press CTRL+C to quit)
ERROR:    Exception in ASGI application
Traceback (most recent call last):
  File "C:\Users\zqmco\AppData\Local\hermes\hermes-agent\venv\Lib\site-packages\uvicorn\protocols\http\httptools_impl.py", line 399, in run_asgi
    result = await app(  # type: ignore[func-returns-value]
             ^^^^^^^^^^^^^^^^^^^^^^^^^^^^^^^^^^^^^^^^^^^^^^
  File "C:\Users\zqmco\AppData\Local\hermes\hermes-agent\venv\Lib\site-packages\uvicorn\middleware\proxy_headers.py", line 70, in __call__
    return await self.app(scope, receive, send)
           ^^^^^^^^^^^^^^^^^^^^^^^^^^^^^^^^^^^^
  File "C:\Users\zqmco\AppData\Local\hermes\hermes-agent\venv\Lib\site-packages\fastapi\applications.py", line 1054, in __call__
    await super().__call__(scope, receive, send)
  File "C:\Users\zqmco\AppData\Local\hermes\hermes-agent\venv\Lib\site-packages\starlette\applications.py", line 113, in __call__
    await self.middleware_stack(scope, receive, send)
  File "C:\Users\zqmco\AppData\Local\hermes\hermes-agent\venv\Lib\site-packages\starlette\middleware\errors.py", line 187, in __call__
    raise exc
  File "C:\Users\zqmco\AppData\Local\hermes\hermes-agent\venv\Lib\site-packages\starlette\middleware\errors.py", line 165, in __call__
    await self.app(scope, receive, _send)
  File "C:\Users\zqmco\AppData\Local\hermes\hermes-agent\venv\Lib\site-packages\starlette\middleware\cors.py", line 85, in __call__
    await self.app(scope, receive, send)
  File "C:\Users\zqmco\AppData\Local\hermes\hermes-agent\venv\Lib\site-packages\starlette\middleware\trustedhost.py", line 36, in __call__
    await self.app(scope, receive, send)
  File "C:\Users\zqmco\AppData\Local\hermes\hermes-agent\venv\Lib\site-packages\starlette\middleware\exceptions.py", line 62, in __call__
    await wrap_app_handling_exceptions(self.app, conn)(scope, receive, send)
  File "C:\Users\zqmco\AppData\Local\hermes\hermes-agent\venv\Lib\site-packages\starlette\_exception_handler.py", line 62, in wrapped_app
    raise exc
  File "C:\Users\zqmco\AppData\Local\hermes\hermes-agent\venv\Lib\site-packages\starlette\_exception_handler.py", line 51, in wrapped_app
    await app(scope, receive, sender)
  File "C:\Users\zqmco\AppData\Local\hermes\hermes-agent\venv\Lib\site-packages\starlette\routing.py", line 715, in __call__
    await self.middleware_stack(scope, receive, send)
  File "C:\Users\zqmco\AppData\Local\hermes\hermes-agent\venv\Lib\site-packages\starlette\routing.py", line 735, in app
    await route.handle(scope, receive, send)
  File "C:\Users\zqmco\AppData\Local\hermes\hermes-agent\venv\Lib\site-packages\starlette\routing.py", line 288, in handle
    await self.app(scope, receive, send)
  File "C:\Users\zqmco\AppData\Local\hermes\hermes-agent\venv\Lib\site-packages\starlette\routing.py", line 76, in app
    await wrap_app_handling_exceptions(app, request)(scope, receive, send)
  File "C:\Users\zqmco\AppData\Local\hermes\hermes-agent\venv\Lib\site-packages\starlette\_exception_handler.py", line 62, in wrapped_app
    raise exc
  File "C:\Users\zqmco\AppData\Local\hermes\hermes-agent\venv\Lib\site-packages\starlette\_exception_handler.py", line 51, in wrapped_app
    await app(scope, receive, sender)
  File "C:\Users\zqmco\AppData\Local\hermes\hermes-agent\venv\Lib\site-packages\starlette\routing.py", line 73, in app
    response = await f(request)
               ^^^^^^^^^^^^^^^^
  File "C:\Users\zqmco\AppData\Local\hermes\hermes-agent\venv\Lib\site-packages\fastapi\routing.py", line 301, in app
    raw_response = await run_endpoint_function(
                   ^^^^^^^^^^^^^^^^^^^^^^^^^^^^
  File "C:\Users\zqmco\AppData\Local\hermes\hermes-agent\venv\Lib\site-packages\fastapi\routing.py", line 214, in run_endpoint_function
    return await run_in_threadpool(dependant.call, **values)
           ^^^^^^^^^^^^^^^^^^^^^^^^^^^^^^^^^^^^^^^^^^^^^^^^^
  File "C:\Users\zqmco\AppData\Local\hermes\hermes-agent\venv\Lib\site-packages\starlette\concurrency.py", line 39, in run_in_threadpool
    return await anyio.to_thread.run_sync(func, *args)
           ^^^^^^^^^^^^^^^^^^^^^^^^^^^^^^^^^^^^^^^^^^^
  File "C:\Users\zqmco\AppData\Local\hermes\hermes-agent\venv\Lib\site-packages\anyio\to_thread.py", line 63, in run_sync
    return await get_async_backend().run_sync_in_worker_thread(
           ^^^^^^^^^^^^^^^^^^^^^^^^^^^^^^^^^^^^^^^^^^^^^^^^^^^^
  File "C:\Users\zqmco\AppData\Local\hermes\hermes-agent\venv\Lib\site-packages\anyio\_backends\_asyncio.py", line 2502, in run_sync_in_worker_thread
    return await future
           ^^^^^^^^^^^^
  File "C:\Users\zqmco\AppData\Local\hermes\hermes-agent\venv\Lib\site-packages\anyio\_backends\_asyncio.py", line 986, in run
    result = context.run(func, *args)
             ^^^^^^^^^^^^^^^^^^^^^^^^
  File "C:\Users\zqmco\Docker\volusia-portal\backend\gamification\scoring.py", line 171, in get_pulse
    for f in sorted(CACHE_DIR.glob("*.json")):
                    ^^^^^^^^^
NameError: name 'CACHE_DIR' is not defined
ERROR:    Exception in ASGI application
Traceback (most recent call last):
  File "C:\Users\zqmco\AppData\Local\hermes\hermes-agent\venv\Lib\site-packages\uvicorn\protocols\http\httptools_impl.py", line 399, in run_asgi
    result = await app(  # type: ignore[func-returns-value]
             ^^^^^^^^^^^^^^^^^^^^^^^^^^^^^^^^^^^^^^^^^^^^^^
  File "C:\Users\zqmco\AppData\Local\hermes\hermes-agent\venv\Lib\site-packages\uvicorn\middleware\proxy_headers.py", line 70, in __call__
    return await self.app(scope, receive, send)
           ^^^^^^^^^^^^^^^^^^^^^^^^^^^^^^^^^^^^
  File "C:\Users\zqmco\AppData\Local\hermes\hermes-agent\venv\Lib\site-packages\fastapi\applications.py", line 1054, in __call__
    await super().__call__(scope, receive, send)
  File "C:\Users\zqmco\AppData\Local\hermes\hermes-agent\venv\Lib\site-packages\starlette\applications.py", line 113, in __call__
    await self.middleware_stack(scope, receive, send)
  File "C:\Users\zqmco\AppData\Local\hermes\hermes-agent\venv\Lib\site-packages\starlette\middleware\errors.py", line 187, in __call__
    raise exc
  File "C:\Users\zqmco\AppData\Local\hermes\hermes-agent\venv\Lib\site-packages\starlette\middleware\errors.py", line 165, in __call__
    await self.app(scope, receive, _send)
  File "C:\Users\zqmco\AppData\Local\hermes\hermes-agent\venv\Lib\site-packages\starlette\middleware\cors.py", line 85, in __call__
    await self.app(scope, receive, send)
  File "C:\Users\zqmco\AppData\Local\hermes\hermes-agent\venv\Lib\site-packages\starlette\middleware\trustedhost.py", line 36, in __call__
    await self.app(scope, receive, send)
  File "C:\Users\zqmco\AppData\Local\hermes\hermes-agent\venv\Lib\site-packages\starlette\middleware\exceptions.py", line 62, in __call__
    await wrap_app_handling_exceptions(self.app, conn)(scope, receive, send)
  File "C:\Users\zqmco\AppData\Local\hermes\hermes-agent\venv\Lib\site-packages\starlette\_exception_handler.py", line 62, in wrapped_app
    raise exc
  File "C:\Users\zqmco\AppData\Local\hermes\hermes-agent\venv\Lib\site-packages\starlette\_exception_handler.py", line 51, in wrapped_app
    await app(scope, receive, sender)
  File "C:\Users\zqmco\AppData\Local\hermes\hermes-agent\venv\Lib\site-packages\starlette\routing.py", line 715, in __call__
    await self.middleware_stack(scope, receive, send)
  File "C:\Users\zqmco\AppData\Local\hermes\hermes-agent\venv\Lib\site-packages\starlette\routing.py", line 735, in app
    await route.handle(scope, receive, send)
  File "C:\Users\zqmco\AppData\Local\hermes\hermes-agent\venv\Lib\site-packages\starlette\routing.py", line 288, in handle
    await self.app(scope, receive, send)
  File "C:\Users\zqmco\AppData\Local\hermes\hermes-agent\venv\Lib\site-packages\starlette\routing.py", line 76, in app
    await wrap_app_handling_exceptions(app, request)(scope, receive, send)
  File "C:\Users\zqmco\AppData\Local\hermes\hermes-agent\venv\Lib\site-packages\starlette\_exception_handler.py", line 62, in wrapped_app
    raise exc
  File "C:\Users\zqmco\AppData\Local\hermes\hermes-agent\venv\Lib\site-packages\starlette\_exception_handler.py", line 51, in wrapped_app
    await app(scope, receive, sender)
  File "C:\Users\zqmco\AppData\Local\hermes\hermes-agent\venv\Lib\site-packages\starlette\routing.py", line 73, in app
    response = await f(request)
               ^^^^^^^^^^^^^^^^
  File "C:\Users\zqmco\AppData\Local\hermes\hermes-agent\venv\Lib\site-packages\fastapi\routing.py", line 301, in app
    raw_response = await run_endpoint_function(
                   ^^^^^^^^^^^^^^^^^^^^^^^^^^^^
  File "C:\Users\zqmco\AppData\Local\hermes\hermes-agent\venv\Lib\site-packages\fastapi\routing.py", line 214, in run_endpoint_function
    return await run_in_threadpool(dependant.call, **values)
           ^^^^^^^^^^^^^^^^^^^^^^^^^^^^^^^^^^^^^^^^^^^^^^^^^
  File "C:\Users\zqmco\AppData\Local\hermes\hermes-agent\venv\Lib\site-packages\starlette\concurrency.py", line 39, in run_in_threadpool
    return await anyio.to_thread.run_sync(func, *args)
           ^^^^^^^^^^^^^^^^^^^^^^^^^^^^^^^^^^^^^^^^^^^
  File "C:\Users\zqmco\AppData\Local\hermes\hermes-agent\venv\Lib\site-packages\anyio\to_thread.py", line 63, in run_sync
    return await get_async_backend().run_sync_in_worker_thread(
           ^^^^^^^^^^^^^^^^^^^^^^^^^^^^^^^^^^^^^^^^^^^^^^^^^^^^
  File "C:\Users\zqmco\AppData\Local\hermes\hermes-agent\venv\Lib\site-packages\anyio\_backends\_asyncio.py", line 2502, in run_sync_in_worker_thread
    return await future
           ^^^^^^^^^^^^
  File "C:\Users\zqmco\AppData\Local\hermes\hermes-agent\venv\Lib\site-packages\anyio\_backends\_asyncio.py", line 986, in run
    result = context.run(func, *args)
             ^^^^^^^^^^^^^^^^^^^^^^^^
  File "C:\Users\zqmco\Docker\volusia-portal\backend\gamification\scoring.py", line 171, in get_pulse
    for f in sorted(GAMIFICATION_DIR.glob("*.json")):
                    ^^^^^^^^^
NameError: name 'CACHE_DIR' is not defined
ERROR:    Exception in ASGI application
Traceback (most recent call last):
  File "C:\Users\zqmco\AppData\Local\hermes\hermes-agent\venv\Lib\site-packages\uvicorn\protocols\http\httptools_impl.py", line 399, in run_asgi
    result = await app(  # type: ignore[func-returns-value]
             ^^^^^^^^^^^^^^^^^^^^^^^^^^^^^^^^^^^^^^^^^^^^^^
  File "C:\Users\zqmco\AppData\Local\hermes\hermes-agent\venv\Lib\site-packages\uvicorn\middleware\proxy_headers.py", line 70, in __call__
    return await self.app(scope, receive, send)
           ^^^^^^^^^^^^^^^^^^^^^^^^^^^^^^^^^^^^
  File "C:\Users\zqmco\AppData\Local\hermes\hermes-agent\venv\Lib\site-packages\fastapi\applications.py", line 1054, in __call__
    await super().__call__(scope, receive, send)
  File "C:\Users\zqmco\AppData\Local\hermes\hermes-agent\venv\Lib\site-packages\starlette\applications.py", line 113, in __call__
    await self.middleware_stack(scope, receive, send)
  File "C:\Users\zqmco\AppData\Local\hermes\hermes-agent\venv\Lib\site-packages\starlette\middleware\errors.py", line 187, in __call__
    raise exc
  File "C:\Users\zqmco\AppData\Local\hermes\hermes-agent\venv\Lib\site-packages\starlette\middleware\errors.py", line 165, in __call__
    await self.app(scope, receive, _send)
  File "C:\Users\zqmco\AppData\Local\hermes\hermes-agent\venv\Lib\site-packages\starlette\middleware\cors.py", line 85, in __call__
    await self.app(scope, receive, send)
  File "C:\Users\zqmco\AppData\Local\hermes\hermes-agent\venv\Lib\site-packages\starlette\middleware\trustedhost.py", line 36, in __call__
    await self.app(scope, receive, send)
  File "C:\Users\zqmco\AppData\Local\hermes\hermes-agent\venv\Lib\site-packages\starlette\middleware\exceptions.py", line 62, in __call__
    await wrap_app_handling_exceptions(self.app, conn)(scope, receive, send)
  File "C:\Users\zqmco\AppData\Local\hermes\hermes-agent\venv\Lib\site-packages\starlette\_exception_handler.py", line 62, in wrapped_app
    raise exc
  File "C:\Users\zqmco\AppData\Local\hermes\hermes-agent\venv\Lib\site-packages\starlette\_exception_handler.py", line 51, in wrapped_app
    await app(scope, receive, sender)
  File "C:\Users\zqmco\AppData\Local\hermes\hermes-agent\venv\Lib\site-packages\starlette\routing.py", line 715, in __call__
    await self.middleware_stack(scope, receive, send)
  File "C:\Users\zqmco\AppData\Local\hermes\hermes-agent\venv\Lib\site-packages\starlette\routing.py", line 735, in app
    await route.handle(scope, receive, send)
  File "C:\Users\zqmco\AppData\Local\hermes\hermes-agent\venv\Lib\site-packages\starlette\routing.py", line 288, in handle
    await self.app(scope, receive, send)
  File "C:\Users\zqmco\AppData\Local\hermes\hermes-agent\venv\Lib\site-packages\starlette\routing.py", line 76, in app
    await wrap_app_handling_exceptions(app, request)(scope, receive, send)
  File "C:\Users\zqmco\AppData\Local\hermes\hermes-agent\venv\Lib\site-packages\starlette\_exception_handler.py", line 62, in wrapped_app
    raise exc
  File "C:\Users\zqmco\AppData\Local\hermes\hermes-agent\venv\Lib\site-packages\starlette\_exception_handler.py", line 51, in wrapped_app
    await app(scope, receive, sender)
  File "C:\Users\zqmco\AppData\Local\hermes\hermes-agent\venv\Lib\site-packages\starlette\routing.py", line 73, in app
    response = await f(request)
               ^^^^^^^^^^^^^^^^
  File "C:\Users\zqmco\AppData\Local\hermes\hermes-agent\venv\Lib\site-packages\fastapi\routing.py", line 301, in app
    raw_response = await run_endpoint_function(
                   ^^^^^^^^^^^^^^^^^^^^^^^^^^^^
  File "C:\Users\zqmco\AppData\Local\hermes\hermes-agent\venv\Lib\site-packages\fastapi\routing.py", line 214, in run_endpoint_function
    return await run_in_threadpool(dependant.call, **values)
           ^^^^^^^^^^^^^^^^^^^^^^^^^^^^^^^^^^^^^^^^^^^^^^^^^
  File "C:\Users\zqmco\AppData\Local\hermes\hermes-agent\venv\Lib\site-packages\starlette\concurrency.py", line 39, in run_in_threadpool
    return await anyio.to_thread.run_sync(func, *args)
           ^^^^^^^^^^^^^^^^^^^^^^^^^^^^^^^^^^^^^^^^^^^
  File "C:\Users\zqmco\AppData\Local\hermes\hermes-agent\venv\Lib\site-packages\anyio\to_thread.py", line 63, in run_sync
    return await get_async_backend().run_sync_in_worker_thread(
           ^^^^^^^^^^^^^^^^^^^^^^^^^^^^^^^^^^^^^^^^^^^^^^^^^^^^
  File "C:\Users\zqmco\AppData\Local\hermes\hermes-agent\venv\Lib\site-packages\anyio\_backends\_asyncio.py", line 2502, in run_sync_in_worker_thread
    return await future
           ^^^^^^^^^^^^
  File "C:\Users\zqmco\AppData\Local\hermes\hermes-agent\venv\Lib\site-packages\anyio\_backends\_asyncio.py", line 986, in run
    result = context.run(func, *args)
             ^^^^^^^^^^^^^^^^^^^^^^^^
  File "C:\Users\zqmco\Docker\volusia-portal\backend\gamification\scoring.py", line 171, in get_pulse
    for f in sorted(GAMIFICATION_DIR.glob("*.json")):
                    ^^^^^^^^^
NameError: name 'CACHE_DIR' is not defined
INFO:     Started server process [42680]
INFO:     Waiting for application startup.
INFO:     Application startup complete.
INFO:     Uvicorn running on http://0.0.0.0:8000 (Press CTRL+C to quit)
ERROR:    Exception in ASGI application
Traceback (most recent call last):
  File "C:\Users\zqmco\AppData\Local\hermes\hermes-agent\venv\Lib\site-packages\uvicorn\protocols\http\httptools_impl.py", line 399, in run_asgi
    result = await app(  # type: ignore[func-returns-value]
             ^^^^^^^^^^^^^^^^^^^^^^^^^^^^^^^^^^^^^^^^^^^^^^
  File "C:\Users\zqmco\AppData\Local\hermes\hermes-agent\venv\Lib\site-packages\uvicorn\middleware\proxy_headers.py", line 70, in __call__
    return await self.app(scope, receive, send)
           ^^^^^^^^^^^^^^^^^^^^^^^^^^^^^^^^^^^^
  File "C:\Users\zqmco\AppData\Local\hermes\hermes-agent\venv\Lib\site-packages\fastapi\applications.py", line 1054, in __call__
    await super().__call__(scope, receive, send)
  File "C:\Users\zqmco\AppData\Local\hermes\hermes-agent\venv\Lib\site-packages\starlette\applications.py", line 113, in __call__
    await self.middleware_stack(scope, receive, send)
  File "C:\Users\zqmco\AppData\Local\hermes\hermes-agent\venv\Lib\site-packages\starlette\middleware\errors.py", line 187, in __call__
    raise exc
  File "C:\Users\zqmco\AppData\Local\hermes\hermes-agent\venv\Lib\site-packages\starlette\middleware\errors.py", line 165, in __call__
    await self.app(scope, receive, _send)
  File "C:\Users\zqmco\AppData\Local\hermes\hermes-agent\venv\Lib\site-packages\starlette\middleware\cors.py", line 85, in __call__
    await self.app(scope, receive, send)
  File "C:\Users\zqmco\AppData\Local\hermes\hermes-agent\venv\Lib\site-packages\starlette\middleware\trustedhost.py", line 36, in __call__
    await self.app(scope, receive, send)
  File "C:\Users\zqmco\AppData\Local\hermes\hermes-agent\venv\Lib\site-packages\starlette\middleware\exceptions.py", line 62, in __call__
    await wrap_app_handling_exceptions(self.app, conn)(scope, receive, send)
  File "C:\Users\zqmco\AppData\Local\hermes\hermes-agent\venv\Lib\site-packages\starlette\_exception_handler.py", line 62, in wrapped_app
    raise exc
  File "C:\Users\zqmco\AppData\Local\hermes\hermes-agent\venv\Lib\site-packages\starlette\_exception_handler.py", line 51, in wrapped_app
    await app(scope, receive, sender)
  File "C:\Users\zqmco\AppData\Local\hermes\hermes-agent\venv\Lib\site-packages\starlette\routing.py", line 715, in __call__
    await self.middleware_stack(scope, receive, send)
  File "C:\Users\zqmco\AppData\Local\hermes\hermes-agent\venv\Lib\site-packages\starlette\routing.py", line 735, in app
    await route.handle(scope, receive, send)
  File "C:\Users\zqmco\AppData\Local\hermes\hermes-agent\venv\Lib\site-packages\starlette\routing.py", line 288, in handle
    await self.app(scope, receive, send)
  File "C:\Users\zqmco\AppData\Local\hermes\hermes-agent\venv\Lib\site-packages\starlette\routing.py", line 76, in app
    await wrap_app_handling_exceptions(app, request)(scope, receive, send)
  File "C:\Users\zqmco\AppData\Local\hermes\hermes-agent\venv\Lib\site-packages\starlette\_exception_handler.py", line 62, in wrapped_app
    raise exc
  File "C:\Users\zqmco\AppData\Local\hermes\hermes-agent\venv\Lib\site-packages\starlette\_exception_handler.py", line 51, in wrapped_app
    await app(scope, receive, sender)
  File "C:\Users\zqmco\AppData\Local\hermes\hermes-agent\venv\Lib\site-packages\starlette\routing.py", line 73, in app
    response = await f(request)
               ^^^^^^^^^^^^^^^^
  File "C:\Users\zqmco\AppData\Local\hermes\hermes-agent\venv\Lib\site-packages\fastapi\routing.py", line 301, in app
    raw_response = await run_endpoint_function(
                   ^^^^^^^^^^^^^^^^^^^^^^^^^^^^
  File "C:\Users\zqmco\AppData\Local\hermes\hermes-agent\venv\Lib\site-packages\fastapi\routing.py", line 214, in run_endpoint_function
    return await run_in_threadpool(dependant.call, **values)
           ^^^^^^^^^^^^^^^^^^^^^^^^^^^^^^^^^^^^^^^^^^^^^^^^^
  File "C:\Users\zqmco\AppData\Local\hermes\hermes-agent\venv\Lib\site-packages\starlette\concurrency.py", line 39, in run_in_threadpool
    return await anyio.to_thread.run_sync(func, *args)
           ^^^^^^^^^^^^^^^^^^^^^^^^^^^^^^^^^^^^^^^^^^^
  File "C:\Users\zqmco\AppData\Local\hermes\hermes-agent\venv\Lib\site-packages\anyio\to_thread.py", line 63, in run_sync
    return await get_async_backend().run_sync_in_worker_thread(
           ^^^^^^^^^^^^^^^^^^^^^^^^^^^^^^^^^^^^^^^^^^^^^^^^^^^^
  File "C:\Users\zqmco\AppData\Local\hermes\hermes-agent\venv\Lib\site-packages\anyio\_backends\_asyncio.py", line 2502, in run_sync_in_worker_thread
    return await future
           ^^^^^^^^^^^^
  File "C:\Users\zqmco\AppData\Local\hermes\hermes-agent\venv\Lib\site-packages\anyio\_backends\_asyncio.py", line 986, in run
    result = context.run(func, *args)
             ^^^^^^^^^^^^^^^^^^^^^^^^
  File "C:\Users\zqmco\Docker\volusia-portal\backend\gamification\scoring.py", line 153, in get_leaderboard
    for i,e in enumerate(entries[:limit],1): e["rank"]=i
                         ~~~~~~~^^^^^^^^
TypeError: slice indices must be integers or None or have an __index__ method
ERROR:    Exception in ASGI application
Traceback (most recent call last):
  File "C:\Users\zqmco\AppData\Local\hermes\hermes-agent\venv\Lib\site-packages\uvicorn\protocols\http\httptools_impl.py", line 399, in run_asgi
    result = await app(  # type: ignore[func-returns-value]
             ^^^^^^^^^^^^^^^^^^^^^^^^^^^^^^^^^^^^^^^^^^^^^^
  File "C:\Users\zqmco\AppData\Local\hermes\hermes-agent\venv\Lib\site-packages\uvicorn\middleware\proxy_headers.py", line 70, in __call__
    return await self.app(scope, receive, send)
           ^^^^^^^^^^^^^^^^^^^^^^^^^^^^^^^^^^^^
  File "C:\Users\zqmco\AppData\Local\hermes\hermes-agent\venv\Lib\site-packages\fastapi\applications.py", line 1054, in __call__
    await super().__call__(scope, receive, send)
  File "C:\Users\zqmco\AppData\Local\hermes\hermes-agent\venv\Lib\site-packages\starlette\applications.py", line 113, in __call__
    await self.middleware_stack(scope, receive, send)
  File "C:\Users\zqmco\AppData\Local\hermes\hermes-agent\venv\Lib\site-packages\starlette\middleware\errors.py", line 187, in __call__
    raise exc
  File "C:\Users\zqmco\AppData\Local\hermes\hermes-agent\venv\Lib\site-packages\starlette\middleware\errors.py", line 165, in __call__
    await self.app(scope, receive, _send)
  File "C:\Users\zqmco\AppData\Local\hermes\hermes-agent\venv\Lib\site-packages\starlette\middleware\cors.py", line 85, in __call__
    await self.app(scope, receive, send)
  File "C:\Users\zqmco\AppData\Local\hermes\hermes-agent\venv\Lib\site-packages\starlette\middleware\trustedhost.py", line 36, in __call__
    await self.app(scope, receive, send)
  File "C:\Users\zqmco\AppData\Local\hermes\hermes-agent\venv\Lib\site-packages\starlette\middleware\exceptions.py", line 62, in __call__
    await wrap_app_handling_exceptions(self.app, conn)(scope, receive, send)
  File "C:\Users\zqmco\AppData\Local\hermes\hermes-agent\venv\Lib\site-packages\starlette\_exception_handler.py", line 62, in wrapped_app
    raise exc
  File "C:\Users\zqmco\AppData\Local\hermes\hermes-agent\venv\Lib\site-packages\starlette\_exception_handler.py", line 51, in wrapped_app
    await app(scope, receive, sender)
  File "C:\Users\zqmco\AppData\Local\hermes\hermes-agent\venv\Lib\site-packages\starlette\routing.py", line 715, in __call__
    await self.middleware_stack(scope, receive, send)
  File "C:\Users\zqmco\AppData\Local\hermes\hermes-agent\venv\Lib\site-packages\starlette\routing.py", line 735, in app
    await route.handle(scope, receive, send)
  File "C:\Users\zqmco\AppData\Local\hermes\hermes-agent\venv\Lib\site-packages\starlette\routing.py", line 288, in handle
    await self.app(scope, receive, send)
  File "C:\Users\zqmco\AppData\Local\hermes\hermes-agent\venv\Lib\site-packages\starlette\routing.py", line 76, in app
    await wrap_app_handling_exceptions(app, request)(scope, receive, send)
  File "C:\Users\zqmco\AppData\Local\hermes\hermes-agent\venv\Lib\site-packages\starlette\_exception_handler.py", line 62, in wrapped_app
    raise exc
  File "C:\Users\zqmco\AppData\Local\hermes\hermes-agent\venv\Lib\site-packages\starlette\_exception_handler.py", line 51, in wrapped_app
    await app(scope, receive, sender)
  File "C:\Users\zqmco\AppData\Local\hermes\hermes-agent\venv\Lib\site-packages\starlette\routing.py", line 73, in app
    response = await f(request)
               ^^^^^^^^^^^^^^^^
  File "C:\Users\zqmco\AppData\Local\hermes\hermes-agent\venv\Lib\site-packages\fastapi\routing.py", line 301, in app
    raw_response = await run_endpoint_function(
                   ^^^^^^^^^^^^^^^^^^^^^^^^^^^^
  File "C:\Users\zqmco\AppData\Local\hermes\hermes-agent\venv\Lib\site-packages\fastapi\routing.py", line 214, in run_endpoint_function
    return await run_in_threadpool(dependant.call, **values)
           ^^^^^^^^^^^^^^^^^^^^^^^^^^^^^^^^^^^^^^^^^^^^^^^^^
  File "C:\Users\zqmco\AppData\Local\hermes\hermes-agent\venv\Lib\site-packages\starlette\concurrency.py", line 39, in run_in_threadpool
    return await anyio.to_thread.run_sync(func, *args)
           ^^^^^^^^^^^^^^^^^^^^^^^^^^^^^^^^^^^^^^^^^^^
  File "C:\Users\zqmco\AppData\Local\hermes\hermes-agent\venv\Lib\site-packages\anyio\to_thread.py", line 63, in run_sync
    return await get_async_backend().run_sync_in_worker_thread(
           ^^^^^^^^^^^^^^^^^^^^^^^^^^^^^^^^^^^^^^^^^^^^^^^^^^^^
  File "C:\Users\zqmco\AppData\Local\hermes\hermes-agent\venv\Lib\site-packages\anyio\_backends\_asyncio.py", line 2502, in run_sync_in_worker_thread
    return await future
           ^^^^^^^^^^^^
  File "C:\Users\zqmco\AppData\Local\hermes\hermes-agent\venv\Lib\site-packages\anyio\_backends\_asyncio.py", line 986, in run
    result = context.run(func, *args)
             ^^^^^^^^^^^^^^^^^^^^^^^^
  File "C:\Users\zqmco\Docker\volusia-portal\backend\gamification\scoring.py", line 153, in get_leaderboard
    for i,e in enumerate(entries[:limit],1): e["rank"]=i
                         ~~~~~~~^^^^^^^^
TypeError: slice indices must be integers or None or have an __index__ method
ERROR:    Exception in ASGI application
Traceback (most recent call last):
  File "C:\Users\zqmco\AppData\Local\hermes\hermes-agent\venv\Lib\site-packages\uvicorn\protocols\http\httptools_impl.py", line 399, in run_asgi
    result = await app(  # type: ignore[func-returns-value]
             ^^^^^^^^^^^^^^^^^^^^^^^^^^^^^^^^^^^^^^^^^^^^^^
  File "C:\Users\zqmco\AppData\Local\hermes\hermes-agent\venv\Lib\site-packages\uvicorn\middleware\proxy_headers.py", line 70, in __call__
    return await self.app(scope, receive, send)
           ^^^^^^^^^^^^^^^^^^^^^^^^^^^^^^^^^^^^
  File "C:\Users\zqmco\AppData\Local\hermes\hermes-agent\venv\Lib\site-packages\fastapi\applications.py", line 1054, in __call__
    await super().__call__(scope, receive, send)
  File "C:\Users\zqmco\AppData\Local\hermes\hermes-agent\venv\Lib\site-packages\starlette\applications.py", line 113, in __call__
    await self.middleware_stack(scope, receive, send)
  File "C:\Users\zqmco\AppData\Local\hermes\hermes-agent\venv\Lib\site-packages\starlette\middleware\errors.py", line 187, in __call__
    raise exc
  File "C:\Users\zqmco\AppData\Local\hermes\hermes-agent\venv\Lib\site-packages\starlette\middleware\errors.py", line 165, in __call__
    await self.app(scope, receive, _send)
  File "C:\Users\zqmco\AppData\Local\hermes\hermes-agent\venv\Lib\site-packages\starlette\middleware\cors.py", line 85, in __call__
    await self.app(scope, receive, send)
  File "C:\Users\zqmco\AppData\Local\hermes\hermes-agent\venv\Lib\site-packages\starlette\middleware\trustedhost.py", line 36, in __call__
    await self.app(scope, receive, send)
  File "C:\Users\zqmco\AppData\Local\hermes\hermes-agent\venv\Lib\site-packages\starlette\middleware\exceptions.py", line 62, in __call__
    await wrap_app_handling_exceptions(self.app, conn)(scope, receive, send)
  File "C:\Users\zqmco\AppData\Local\hermes\hermes-agent\venv\Lib\site-packages\starlette\_exception_handler.py", line 62, in wrapped_app
    raise exc
  File "C:\Users\zqmco\AppData\Local\hermes\hermes-agent\venv\Lib\site-packages\starlette\_exception_handler.py", line 51, in wrapped_app
    await app(scope, receive, sender)
  File "C:\Users\zqmco\AppData\Local\hermes\hermes-agent\venv\Lib\site-packages\starlette\routing.py", line 715, in __call__
    await self.middleware_stack(scope, receive, send)
  File "C:\Users\zqmco\AppData\Local\hermes\hermes-agent\venv\Lib\site-packages\starlette\routing.py", line 735, in app
    await route.handle(scope, receive, send)
  File "C:\Users\zqmco\AppData\Local\hermes\hermes-agent\venv\Lib\site-packages\starlette\routing.py", line 288, in handle
    await self.app(scope, receive, send)
  File "C:\Users\zqmco\AppData\Local\hermes\hermes-agent\venv\Lib\site-packages\starlette\routing.py", line 76, in app
    await wrap_app_handling_exceptions(app, request)(scope, receive, send)
  File "C:\Users\zqmco\AppData\Local\hermes\hermes-agent\venv\Lib\site-packages\starlette\_exception_handler.py", line 62, in wrapped_app
    raise exc
  File "C:\Users\zqmco\AppData\Local\hermes\hermes-agent\venv\Lib\site-packages\starlette\_exception_handler.py", line 51, in wrapped_app
    await app(scope, receive, sender)
  File "C:\Users\zqmco\AppData\Local\hermes\hermes-agent\venv\Lib\site-packages\starlette\routing.py", line 73, in app
    response = await f(request)
               ^^^^^^^^^^^^^^^^
  File "C:\Users\zqmco\AppData\Local\hermes\hermes-agent\venv\Lib\site-packages\fastapi\routing.py", line 301, in app
    raw_response = await run_endpoint_function(
                   ^^^^^^^^^^^^^^^^^^^^^^^^^^^^
  File "C:\Users\zqmco\AppData\Local\hermes\hermes-agent\venv\Lib\site-packages\fastapi\routing.py", line 214, in run_endpoint_function
    return await run_in_threadpool(dependant.call, **values)
           ^^^^^^^^^^^^^^^^^^^^^^^^^^^^^^^^^^^^^^^^^^^^^^^^^
  File "C:\Users\zqmco\AppData\Local\hermes\hermes-agent\venv\Lib\site-packages\starlette\concurrency.py", line 39, in run_in_threadpool
    return await anyio.to_thread.run_sync(func, *args)
           ^^^^^^^^^^^^^^^^^^^^^^^^^^^^^^^^^^^^^^^^^^^
  File "C:\Users\zqmco\AppData\Local\hermes\hermes-agent\venv\Lib\site-packages\anyio\to_thread.py", line 63, in run_sync
    return await get_async_backend().run_sync_in_worker_thread(
           ^^^^^^^^^^^^^^^^^^^^^^^^^^^^^^^^^^^^^^^^^^^^^^^^^^^^
  File "C:\Users\zqmco\AppData\Local\hermes\hermes-agent\venv\Lib\site-packages\anyio\_backends\_asyncio.py", line 2502, in run_sync_in_worker_thread
    return await future
           ^^^^^^^^^^^^
  File "C:\Users\zqmco\AppData\Local\hermes\hermes-agent\venv\Lib\site-packages\anyio\_backends\_asyncio.py", line 986, in run
    result = context.run(func, *args)
             ^^^^^^^^^^^^^^^^^^^^^^^^
  File "C:\Users\zqmco\Docker\volusia-portal\backend\gamification\scoring.py", line 100, in contribute
    if req.quality_score: qs=req.quality_score
       ^^^^^^^^^^^^^^^^^
  File "C:\Users\zqmco\AppData\Local\hermes\hermes-agent\venv\Lib\site-packages\pydantic\main.py", line 792, in __getattr__
    raise AttributeError(f'{type(self).__name__!r} object has no attribute {item!r}')
AttributeError: 'ContributeRequest' object has no attribute 'quality_score'
ERROR:    Exception in ASGI application
Traceback (most recent call last):
  File "C:\Users\zqmco\AppData\Local\hermes\hermes-agent\venv\Lib\site-packages\uvicorn\protocols\http\httptools_impl.py", line 399, in run_asgi
    result = await app(  # type: ignore[func-returns-value]
             ^^^^^^^^^^^^^^^^^^^^^^^^^^^^^^^^^^^^^^^^^^^^^^
  File "C:\Users\zqmco\AppData\Local\hermes\hermes-agent\venv\Lib\site-packages\uvicorn\middleware\proxy_headers.py", line 70, in __call__
    return await self.app(scope, receive, send)
           ^^^^^^^^^^^^^^^^^^^^^^^^^^^^^^^^^^^^
  File "C:\Users\zqmco\AppData\Local\hermes\hermes-agent\venv\Lib\site-packages\fastapi\applications.py", line 1054, in __call__
    await super().__call__(scope, receive, send)
  File "C:\Users\zqmco\AppData\Local\hermes\hermes-agent\venv\Lib\site-packages\starlette\applications.py", line 113, in __call__
    await self.middleware_stack(scope, receive, send)
  File "C:\Users\zqmco\AppData\Local\hermes\hermes-agent\venv\Lib\site-packages\starlette\middleware\errors.py", line 187, in __call__
    raise exc
  File "C:\Users\zqmco\AppData\Local\hermes\hermes-agent\venv\Lib\site-packages\starlette\middleware\errors.py", line 165, in __call__
    await self.app(scope, receive, _send)
  File "C:\Users\zqmco\AppData\Local\hermes\hermes-agent\venv\Lib\site-packages\starlette\middleware\cors.py", line 85, in __call__
    await self.app(scope, receive, send)
  File "C:\Users\zqmco\AppData\Local\hermes\hermes-agent\venv\Lib\site-packages\starlette\middleware\trustedhost.py", line 36, in __call__
    await self.app(scope, receive, send)
  File "C:\Users\zqmco\AppData\Local\hermes\hermes-agent\venv\Lib\site-packages\starlette\middleware\exceptions.py", line 62, in __call__
    await wrap_app_handling_exceptions(self.app, conn)(scope, receive, send)
  File "C:\Users\zqmco\AppData\Local\hermes\hermes-agent\venv\Lib\site-packages\starlette\_exception_handler.py", line 62, in wrapped_app
    raise exc
  File "C:\Users\zqmco\AppData\Local\hermes\hermes-agent\venv\Lib\site-packages\starlette\_exception_handler.py", line 51, in wrapped_app
    await app(scope, receive, sender)
  File "C:\Users\zqmco\AppData\Local\hermes\hermes-agent\venv\Lib\site-packages\starlette\routing.py", line 715, in __call__
    await self.middleware_stack(scope, receive, send)
  File "C:\Users\zqmco\AppData\Local\hermes\hermes-agent\venv\Lib\site-packages\starlette\routing.py", line 735, in app
    await route.handle(scope, receive, send)
  File "C:\Users\zqmco\AppData\Local\hermes\hermes-agent\venv\Lib\site-packages\starlette\routing.py", line 288, in handle
    await self.app(scope, receive, send)
  File "C:\Users\zqmco\AppData\Local\hermes\hermes-agent\venv\Lib\site-packages\starlette\routing.py", line 76, in app
    await wrap_app_handling_exceptions(app, request)(scope, receive, send)
  File "C:\Users\zqmco\AppData\Local\hermes\hermes-agent\venv\Lib\site-packages\starlette\_exception_handler.py", line 62, in wrapped_app
    raise exc
  File "C:\Users\zqmco\AppData\Local\hermes\hermes-agent\venv\Lib\site-packages\starlette\_exception_handler.py", line 51, in wrapped_app
    await app(scope, receive, sender)
  File "C:\Users\zqmco\AppData\Local\hermes\hermes-agent\venv\Lib\site-packages\starlette\routing.py", line 73, in app
    response = await f(request)
               ^^^^^^^^^^^^^^^^
  File "C:\Users\zqmco\AppData\Local\hermes\hermes-agent\venv\Lib\site-packages\fastapi\routing.py", line 301, in app
    raw_response = await run_endpoint_function(
                   ^^^^^^^^^^^^^^^^^^^^^^^^^^^^
  File "C:\Users\zqmco\AppData\Local\hermes\hermes-agent\venv\Lib\site-packages\fastapi\routing.py", line 214, in run_endpoint_function
    return await run_in_threadpool(dependant.call, **values)
           ^^^^^^^^^^^^^^^^^^^^^^^^^^^^^^^^^^^^^^^^^^^^^^^^^
  File "C:\Users\zqmco\AppData\Local\hermes\hermes-agent\venv\Lib\site-packages\starlette\concurrency.py", line 39, in run_in_threadpool
    return await anyio.to_thread.run_sync(func, *args)
           ^^^^^^^^^^^^^^^^^^^^^^^^^^^^^^^^^^^^^^^^^^^
  File "C:\Users\zqmco\AppData\Local\hermes\hermes-agent\venv\Lib\site-packages\anyio\to_thread.py", line 63, in run_sync
    return await get_async_backend().run_sync_in_worker_thread(
           ^^^^^^^^^^^^^^^^^^^^^^^^^^^^^^^^^^^^^^^^^^^^^^^^^^^^
  File "C:\Users\zqmco\AppData\Local\hermes\hermes-agent\venv\Lib\site-packages\anyio\_backends\_asyncio.py", line 2502, in run_sync_in_worker_thread
    return await future
           ^^^^^^^^^^^^
  File "C:\Users\zqmco\AppData\Local\hermes\hermes-agent\venv\Lib\site-packages\anyio\_backends\_asyncio.py", line 986, in run
    result = context.run(func, *args)
             ^^^^^^^^^^^^^^^^^^^^^^^^
  File "C:\Users\zqmco\Docker\volusia-portal\backend\gamification\scoring.py", line 153, in get_leaderboard
    for i,e in enumerate(entries[:limit],1): e["rank"]=i
                         ~~~~~~~^^^^^^^^
TypeError: slice indices must be integers or None or have an __index__ method
ERROR:    Exception in ASGI application
Traceback (most recent call last):
  File "C:\Users\zqmco\AppData\Local\hermes\hermes-agent\venv\Lib\site-packages\uvicorn\protocols\http\httptools_impl.py", line 399, in run_asgi
    result = await app(  # type: ignore[func-returns-value]
             ^^^^^^^^^^^^^^^^^^^^^^^^^^^^^^^^^^^^^^^^^^^^^^
  File "C:\Users\zqmco\AppData\Local\hermes\hermes-agent\venv\Lib\site-packages\uvicorn\middleware\proxy_headers.py", line 70, in __call__
    return await self.app(scope, receive, send)
           ^^^^^^^^^^^^^^^^^^^^^^^^^^^^^^^^^^^^
  File "C:\Users\zqmco\AppData\Local\hermes\hermes-agent\venv\Lib\site-packages\fastapi\applications.py", line 1054, in __call__
    await super().__call__(scope, receive, send)
  File "C:\Users\zqmco\AppData\Local\hermes\hermes-agent\venv\Lib\site-packages\starlette\applications.py", line 113, in __call__
    await self.middleware_stack(scope, receive, send)
  File "C:\Users\zqmco\AppData\Local\hermes\hermes-agent\venv\Lib\site-packages\starlette\middleware\errors.py", line 187, in __call__
    raise exc
  File "C:\Users\zqmco\AppData\Local\hermes\hermes-agent\venv\Lib\site-packages\starlette\middleware\errors.py", line 165, in __call__
    await self.app(scope, receive, _send)
  File "C:\Users\zqmco\AppData\Local\hermes\hermes-agent\venv\Lib\site-packages\starlette\middleware\cors.py", line 85, in __call__
    await self.app(scope, receive, send)
  File "C:\Users\zqmco\AppData\Local\hermes\hermes-agent\venv\Lib\site-packages\starlette\middleware\trustedhost.py", line 36, in __call__
    await self.app(scope, receive, send)
  File "C:\Users\zqmco\AppData\Local\hermes\hermes-agent\venv\Lib\site-packages\starlette\middleware\exceptions.py", line 62, in __call__
    await wrap_app_handling_exceptions(self.app, conn)(scope, receive, send)
  File "C:\Users\zqmco\AppData\Local\hermes\hermes-agent\venv\Lib\site-packages\starlette\_exception_handler.py", line 62, in wrapped_app
    raise exc
  File "C:\Users\zqmco\AppData\Local\hermes\hermes-agent\venv\Lib\site-packages\starlette\_exception_handler.py", line 51, in wrapped_app
    await app(scope, receive, sender)
  File "C:\Users\zqmco\AppData\Local\hermes\hermes-agent\venv\Lib\site-packages\starlette\routing.py", line 715, in __call__
    await self.middleware_stack(scope, receive, send)
  File "C:\Users\zqmco\AppData\Local\hermes\hermes-agent\venv\Lib\site-packages\starlette\routing.py", line 735, in app
    await route.handle(scope, receive, send)
  File "C:\Users\zqmco\AppData\Local\hermes\hermes-agent\venv\Lib\site-packages\starlette\routing.py", line 288, in handle
    await self.app(scope, receive, send)
  File "C:\Users\zqmco\AppData\Local\hermes\hermes-agent\venv\Lib\site-packages\starlette\routing.py", line 76, in app
    await wrap_app_handling_exceptions(app, request)(scope, receive, send)
  File "C:\Users\zqmco\AppData\Local\hermes\hermes-agent\venv\Lib\site-packages\starlette\_exception_handler.py", line 62, in wrapped_app
    raise exc
  File "C:\Users\zqmco\AppData\Local\hermes\hermes-agent\venv\Lib\site-packages\starlette\_exception_handler.py", line 51, in wrapped_app
    await app(scope, receive, sender)
  File "C:\Users\zqmco\AppData\Local\hermes\hermes-agent\venv\Lib\site-packages\starlette\routing.py", line 73, in app
    response = await f(request)
               ^^^^^^^^^^^^^^^^
  File "C:\Users\zqmco\AppData\Local\hermes\hermes-agent\venv\Lib\site-packages\fastapi\routing.py", line 301, in app
    raw_response = await run_endpoint_function(
                   ^^^^^^^^^^^^^^^^^^^^^^^^^^^^
  File "C:\Users\zqmco\AppData\Local\hermes\hermes-agent\venv\Lib\site-packages\fastapi\routing.py", line 214, in run_endpoint_function
    return await run_in_threadpool(dependant.call, **values)
           ^^^^^^^^^^^^^^^^^^^^^^^^^^^^^^^^^^^^^^^^^^^^^^^^^
  File "C:\Users\zqmco\AppData\Local\hermes\hermes-agent\venv\Lib\site-packages\starlette\concurrency.py", line 39, in run_in_threadpool
    return await anyio.to_thread.run_sync(func, *args)
           ^^^^^^^^^^^^^^^^^^^^^^^^^^^^^^^^^^^^^^^^^^^
  File "C:\Users\zqmco\AppData\Local\hermes\hermes-agent\venv\Lib\site-packages\anyio\to_thread.py", line 63, in run_sync
    return await get_async_backend().run_sync_in_worker_thread(
           ^^^^^^^^^^^^^^^^^^^^^^^^^^^^^^^^^^^^^^^^^^^^^^^^^^^^
  File "C:\Users\zqmco\AppData\Local\hermes\hermes-agent\venv\Lib\site-packages\anyio\_backends\_asyncio.py", line 2502, in run_sync_in_worker_thread
    return await future
           ^^^^^^^^^^^^
  File "C:\Users\zqmco\AppData\Local\hermes\hermes-agent\venv\Lib\site-packages\anyio\_backends\_asyncio.py", line 986, in run
    result = context.run(func, *args)
             ^^^^^^^^^^^^^^^^^^^^^^^^
  File "C:\Users\zqmco\Docker\volusia-portal\backend\gamification\scoring.py", line 100, in contribute
    if req.quality_score: qs=req.quality_score
       ^^^^^^^^^^^^^^^^^
  File "C:\Users\zqmco\AppData\Local\hermes\hermes-agent\venv\Lib\site-packages\pydantic\main.py", line 792, in __getattr__
    raise AttributeError(f'{type(self).__name__!r} object has no attribute {item!r}')
AttributeError: 'ContributeRequest' object has no attribute 'quality_score'
ERROR:    Exception in ASGI application
Traceback (most recent call last):
  File "C:\Users\zqmco\AppData\Local\hermes\hermes-agent\venv\Lib\site-packages\uvicorn\protocols\http\httptools_impl.py", line 399, in run_asgi
    result = await app(  # type: ignore[func-returns-value]
             ^^^^^^^^^^^^^^^^^^^^^^^^^^^^^^^^^^^^^^^^^^^^^^
  File "C:\Users\zqmco\AppData\Local\hermes\hermes-agent\venv\Lib\site-packages\uvicorn\middleware\proxy_headers.py", line 70, in __call__
    return await self.app(scope, receive, send)
           ^^^^^^^^^^^^^^^^^^^^^^^^^^^^^^^^^^^^
  File "C:\Users\zqmco\AppData\Local\hermes\hermes-agent\venv\Lib\site-packages\fastapi\applications.py", line 1054, in __call__
    await super().__call__(scope, receive, send)
  File "C:\Users\zqmco\AppData\Local\hermes\hermes-agent\venv\Lib\site-packages\starlette\applications.py", line 113, in __call__
    await self.middleware_stack(scope, receive, send)
  File "C:\Users\zqmco\AppData\Local\hermes\hermes-agent\venv\Lib\site-packages\starlette\middleware\errors.py", line 187, in __call__
    raise exc
  File "C:\Users\zqmco\AppData\Local\hermes\hermes-agent\venv\Lib\site-packages\starlette\middleware\errors.py", line 165, in __call__
    await self.app(scope, receive, _send)
  File "C:\Users\zqmco\AppData\Local\hermes\hermes-agent\venv\Lib\site-packages\starlette\middleware\cors.py", line 85, in __call__
    await self.app(scope, receive, send)
  File "C:\Users\zqmco\AppData\Local\hermes\hermes-agent\venv\Lib\site-packages\starlette\middleware\trustedhost.py", line 36, in __call__
    await self.app(scope, receive, send)
  File "C:\Users\zqmco\AppData\Local\hermes\hermes-agent\venv\Lib\site-packages\starlette\middleware\exceptions.py", line 62, in __call__
    await wrap_app_handling_exceptions(self.app, conn)(scope, receive, send)
  File "C:\Users\zqmco\AppData\Local\hermes\hermes-agent\venv\Lib\site-packages\starlette\_exception_handler.py", line 62, in wrapped_app
    raise exc
  File "C:\Users\zqmco\AppData\Local\hermes\hermes-agent\venv\Lib\site-packages\starlette\_exception_handler.py", line 51, in wrapped_app
    await app(scope, receive, sender)
  File "C:\Users\zqmco\AppData\Local\hermes\hermes-agent\venv\Lib\site-packages\starlette\routing.py", line 715, in __call__
    await self.middleware_stack(scope, receive, send)
  File "C:\Users\zqmco\AppData\Local\hermes\hermes-agent\venv\Lib\site-packages\starlette\routing.py", line 735, in app
    await route.handle(scope, receive, send)
  File "C:\Users\zqmco\AppData\Local\hermes\hermes-agent\venv\Lib\site-packages\starlette\routing.py", line 288, in handle
    await self.app(scope, receive, send)
  File "C:\Users\zqmco\AppData\Local\hermes\hermes-agent\venv\Lib\site-packages\starlette\routing.py", line 76, in app
    await wrap_app_handling_exceptions(app, request)(scope, receive, send)
  File "C:\Users\zqmco\AppData\Local\hermes\hermes-agent\venv\Lib\site-packages\starlette\_exception_handler.py", line 62, in wrapped_app
    raise exc
  File "C:\Users\zqmco\AppData\Local\hermes\hermes-agent\venv\Lib\site-packages\starlette\_exception_handler.py", line 51, in wrapped_app
    await app(scope, receive, sender)
  File "C:\Users\zqmco\AppData\Local\hermes\hermes-agent\venv\Lib\site-packages\starlette\routing.py", line 73, in app
    response = await f(request)
               ^^^^^^^^^^^^^^^^
  File "C:\Users\zqmco\AppData\Local\hermes\hermes-agent\venv\Lib\site-packages\fastapi\routing.py", line 301, in app
    raw_response = await run_endpoint_function(
                   ^^^^^^^^^^^^^^^^^^^^^^^^^^^^
  File "C:\Users\zqmco\AppData\Local\hermes\hermes-agent\venv\Lib\site-packages\fastapi\routing.py", line 214, in run_endpoint_function
    return await run_in_threadpool(dependant.call, **values)
           ^^^^^^^^^^^^^^^^^^^^^^^^^^^^^^^^^^^^^^^^^^^^^^^^^
  File "C:\Users\zqmco\AppData\Local\hermes\hermes-agent\venv\Lib\site-packages\starlette\concurrency.py", line 39, in run_in_threadpool
    return await anyio.to_thread.run_sync(func, *args)
           ^^^^^^^^^^^^^^^^^^^^^^^^^^^^^^^^^^^^^^^^^^^
  File "C:\Users\zqmco\AppData\Local\hermes\hermes-agent\venv\Lib\site-packages\anyio\to_thread.py", line 63, in run_sync
    return await get_async_backend().run_sync_in_worker_thread(
           ^^^^^^^^^^^^^^^^^^^^^^^^^^^^^^^^^^^^^^^^^^^^^^^^^^^^
  File "C:\Users\zqmco\AppData\Local\hermes\hermes-agent\venv\Lib\site-packages\anyio\_backends\_asyncio.py", line 2502, in run_sync_in_worker_thread
    return await future
           ^^^^^^^^^^^^
  File "C:\Users\zqmco\AppData\Local\hermes\hermes-agent\venv\Lib\site-packages\anyio\_backends\_asyncio.py", line 986, in run
    result = context.run(func, *args)
             ^^^^^^^^^^^^^^^^^^^^^^^^
  File "C:\Users\zqmco\Docker\volusia-portal\backend\gamification\scoring.py", line 100, in contribute
    if req.quality_score: qs=req.quality_score
       ^^^^^^^^^^^^^^^^^
  File "C:\Users\zqmco\AppData\Local\hermes\hermes-agent\venv\Lib\site-packages\pydantic\main.py", line 792, in __getattr__
    raise AttributeError(f'{type(self).__name__!r} object has no attribute {item!r}')
AttributeError: 'ContributeRequest' object has no attribute 'quality_score'
ERROR:    Exception in ASGI application
Traceback (most recent call last):
  File "C:\Users\zqmco\AppData\Local\hermes\hermes-agent\venv\Lib\site-packages\uvicorn\protocols\http\httptools_impl.py", line 399, in run_asgi
    result = await app(  # type: ignore[func-returns-value]
             ^^^^^^^^^^^^^^^^^^^^^^^^^^^^^^^^^^^^^^^^^^^^^^
  File "C:\Users\zqmco\AppData\Local\hermes\hermes-agent\venv\Lib\site-packages\uvicorn\middleware\proxy_headers.py", line 70, in __call__
    return await self.app(scope, receive, send)
           ^^^^^^^^^^^^^^^^^^^^^^^^^^^^^^^^^^^^
  File "C:\Users\zqmco\AppData\Local\hermes\hermes-agent\venv\Lib\site-packages\fastapi\applications.py", line 1054, in __call__
    await super().__call__(scope, receive, send)
  File "C:\Users\zqmco\AppData\Local\hermes\hermes-agent\venv\Lib\site-packages\starlette\applications.py", line 113, in __call__
    await self.middleware_stack(scope, receive, send)
  File "C:\Users\zqmco\AppData\Local\hermes\hermes-agent\venv\Lib\site-packages\starlette\middleware\errors.py", line 187, in __call__
    raise exc
  File "C:\Users\zqmco\AppData\Local\hermes\hermes-agent\venv\Lib\site-packages\starlette\middleware\errors.py", line 165, in __call__
    await self.app(scope, receive, _send)
  File "C:\Users\zqmco\AppData\Local\hermes\hermes-agent\venv\Lib\site-packages\starlette\middleware\cors.py", line 85, in __call__
    await self.app(scope, receive, send)
  File "C:\Users\zqmco\AppData\Local\hermes\hermes-agent\venv\Lib\site-packages\starlette\middleware\trustedhost.py", line 36, in __call__
    await self.app(scope, receive, send)
  File "C:\Users\zqmco\AppData\Local\hermes\hermes-agent\venv\Lib\site-packages\starlette\middleware\exceptions.py", line 62, in __call__
    await wrap_app_handling_exceptions(self.app, conn)(scope, receive, send)
  File "C:\Users\zqmco\AppData\Local\hermes\hermes-agent\venv\Lib\site-packages\starlette\_exception_handler.py", line 62, in wrapped_app
    raise exc
  File "C:\Users\zqmco\AppData\Local\hermes\hermes-agent\venv\Lib\site-packages\starlette\_exception_handler.py", line 51, in wrapped_app
    await app(scope, receive, sender)
  File "C:\Users\zqmco\AppData\Local\hermes\hermes-agent\venv\Lib\site-packages\starlette\routing.py", line 715, in __call__
    await self.middleware_stack(scope, receive, send)
  File "C:\Users\zqmco\AppData\Local\hermes\hermes-agent\venv\Lib\site-packages\starlette\routing.py", line 735, in app
    await route.handle(scope, receive, send)
  File "C:\Users\zqmco\AppData\Local\hermes\hermes-agent\venv\Lib\site-packages\starlette\routing.py", line 288, in handle
    await self.app(scope, receive, send)
  File "C:\Users\zqmco\AppData\Local\hermes\hermes-agent\venv\Lib\site-packages\starlette\routing.py", line 76, in app
    await wrap_app_handling_exceptions(app, request)(scope, receive, send)
  File "C:\Users\zqmco\AppData\Local\hermes\hermes-agent\venv\Lib\site-packages\starlette\_exception_handler.py", line 62, in wrapped_app
    raise exc
  File "C:\Users\zqmco\AppData\Local\hermes\hermes-agent\venv\Lib\site-packages\starlette\_exception_handler.py", line 51, in wrapped_app
    await app(scope, receive, sender)
  File "C:\Users\zqmco\AppData\Local\hermes\hermes-agent\venv\Lib\site-packages\starlette\routing.py", line 73, in app
    response = await f(request)
               ^^^^^^^^^^^^^^^^
  File "C:\Users\zqmco\AppData\Local\hermes\hermes-agent\venv\Lib\site-packages\fastapi\routing.py", line 301, in app
    raw_response = await run_endpoint_function(
                   ^^^^^^^^^^^^^^^^^^^^^^^^^^^^
  File "C:\Users\zqmco\AppData\Local\hermes\hermes-agent\venv\Lib\site-packages\fastapi\routing.py", line 214, in run_endpoint_function
    return await run_in_threadpool(dependant.call, **values)
           ^^^^^^^^^^^^^^^^^^^^^^^^^^^^^^^^^^^^^^^^^^^^^^^^^
  File "C:\Users\zqmco\AppData\Local\hermes\hermes-agent\venv\Lib\site-packages\starlette\concurrency.py", line 39, in run_in_threadpool
    return await anyio.to_thread.run_sync(func, *args)
           ^^^^^^^^^^^^^^^^^^^^^^^^^^^^^^^^^^^^^^^^^^^
  File "C:\Users\zqmco\AppData\Local\hermes\hermes-agent\venv\Lib\site-packages\anyio\to_thread.py", line 63, in run_sync
    return await get_async_backend().run_sync_in_worker_thread(
           ^^^^^^^^^^^^^^^^^^^^^^^^^^^^^^^^^^^^^^^^^^^^^^^^^^^^
  File "C:\Users\zqmco\AppData\Local\hermes\hermes-agent\venv\Lib\site-packages\anyio\_backends\_asyncio.py", line 2502, in run_sync_in_worker_thread
    return await future
           ^^^^^^^^^^^^
  File "C:\Users\zqmco\AppData\Local\hermes\hermes-agent\venv\Lib\site-packages\anyio\_backends\_asyncio.py", line 986, in run
    result = context.run(func, *args)
             ^^^^^^^^^^^^^^^^^^^^^^^^
  File "C:\Users\zqmco\Docker\volusia-portal\backend\gamification\scoring.py", line 153, in get_leaderboard
    for i,e in enumerate(entries[:limit],1): e["rank"]=i
                         ~~~~~~~^^^^^^^^
TypeError: slice indices must be integers or None or have an __index__ method
ERROR:    Exception in ASGI application
Traceback (most recent call last):
  File "C:\Users\zqmco\AppData\Local\hermes\hermes-agent\venv\Lib\site-packages\uvicorn\protocols\http\httptools_impl.py", line 399, in run_asgi
    result = await app(  # type: ignore[func-returns-value]
             ^^^^^^^^^^^^^^^^^^^^^^^^^^^^^^^^^^^^^^^^^^^^^^
  File "C:\Users\zqmco\AppData\Local\hermes\hermes-agent\venv\Lib\site-packages\uvicorn\middleware\proxy_headers.py", line 70, in __call__
    return await self.app(scope, receive, send)
           ^^^^^^^^^^^^^^^^^^^^^^^^^^^^^^^^^^^^
  File "C:\Users\zqmco\AppData\Local\hermes\hermes-agent\venv\Lib\site-packages\fastapi\applications.py", line 1054, in __call__
    await super().__call__(scope, receive, send)
  File "C:\Users\zqmco\AppData\Local\hermes\hermes-agent\venv\Lib\site-packages\starlette\applications.py", line 113, in __call__
    await self.middleware_stack(scope, receive, send)
  File "C:\Users\zqmco\AppData\Local\hermes\hermes-agent\venv\Lib\site-packages\starlette\middleware\errors.py", line 187, in __call__
    raise exc
  File "C:\Users\zqmco\AppData\Local\hermes\hermes-agent\venv\Lib\site-packages\starlette\middleware\errors.py", line 165, in __call__
    await self.app(scope, receive, _send)
  File "C:\Users\zqmco\AppData\Local\hermes\hermes-agent\venv\Lib\site-packages\starlette\middleware\cors.py", line 85, in __call__
    await self.app(scope, receive, send)
  File "C:\Users\zqmco\AppData\Local\hermes\hermes-agent\venv\Lib\site-packages\starlette\middleware\trustedhost.py", line 36, in __call__
    await self.app(scope, receive, send)
  File "C:\Users\zqmco\AppData\Local\hermes\hermes-agent\venv\Lib\site-packages\starlette\middleware\exceptions.py", line 62, in __call__
    await wrap_app_handling_exceptions(self.app, conn)(scope, receive, send)
  File "C:\Users\zqmco\AppData\Local\hermes\hermes-agent\venv\Lib\site-packages\starlette\_exception_handler.py", line 62, in wrapped_app
    raise exc
  File "C:\Users\zqmco\AppData\Local\hermes\hermes-agent\venv\Lib\site-packages\starlette\_exception_handler.py", line 51, in wrapped_app
    await app(scope, receive, sender)
  File "C:\Users\zqmco\AppData\Local\hermes\hermes-agent\venv\Lib\site-packages\starlette\routing.py", line 715, in __call__
    await self.middleware_stack(scope, receive, send)
  File "C:\Users\zqmco\AppData\Local\hermes\hermes-agent\venv\Lib\site-packages\starlette\routing.py", line 735, in app
    await route.handle(scope, receive, send)
  File "C:\Users\zqmco\AppData\Local\hermes\hermes-agent\venv\Lib\site-packages\starlette\routing.py", line 288, in handle
    await self.app(scope, receive, send)
  File "C:\Users\zqmco\AppData\Local\hermes\hermes-agent\venv\Lib\site-packages\starlette\routing.py", line 76, in app
    await wrap_app_handling_exceptions(app, request)(scope, receive, send)
  File "C:\Users\zqmco\AppData\Local\hermes\hermes-agent\venv\Lib\site-packages\starlette\_exception_handler.py", line 62, in wrapped_app
    raise exc
  File "C:\Users\zqmco\AppData\Local\hermes\hermes-agent\venv\Lib\site-packages\starlette\_exception_handler.py", line 51, in wrapped_app
    await app(scope, receive, sender)
  File "C:\Users\zqmco\AppData\Local\hermes\hermes-agent\venv\Lib\site-packages\starlette\routing.py", line 73, in app
    response = await f(request)
               ^^^^^^^^^^^^^^^^
  File "C:\Users\zqmco\AppData\Local\hermes\hermes-agent\venv\Lib\site-packages\fastapi\routing.py", line 301, in app
    raw_response = await run_endpoint_function(
                   ^^^^^^^^^^^^^^^^^^^^^^^^^^^^
  File "C:\Users\zqmco\AppData\Local\hermes\hermes-agent\venv\Lib\site-packages\fastapi\routing.py", line 214, in run_endpoint_function
    return await run_in_threadpool(dependant.call, **values)
           ^^^^^^^^^^^^^^^^^^^^^^^^^^^^^^^^^^^^^^^^^^^^^^^^^
  File "C:\Users\zqmco\AppData\Local\hermes\hermes-agent\venv\Lib\site-packages\starlette\concurrency.py", line 39, in run_in_threadpool
    return await anyio.to_thread.run_sync(func, *args)
           ^^^^^^^^^^^^^^^^^^^^^^^^^^^^^^^^^^^^^^^^^^^
  File "C:\Users\zqmco\AppData\Local\hermes\hermes-agent\venv\Lib\site-packages\anyio\to_thread.py", line 63, in run_sync
    return await get_async_backend().run_sync_in_worker_thread(
           ^^^^^^^^^^^^^^^^^^^^^^^^^^^^^^^^^^^^^^^^^^^^^^^^^^^^
  File "C:\Users\zqmco\AppData\Local\hermes\hermes-agent\venv\Lib\site-packages\anyio\_backends\_asyncio.py", line 2502, in run_sync_in_worker_thread
    return await future
           ^^^^^^^^^^^^
  File "C:\Users\zqmco\AppData\Local\hermes\hermes-agent\venv\Lib\site-packages\anyio\_backends\_asyncio.py", line 986, in run
    result = context.run(func, *args)
             ^^^^^^^^^^^^^^^^^^^^^^^^
  File "C:\Users\zqmco\Docker\volusia-portal\backend\gamification\scoring.py", line 100, in contribute
    if req.quality_score: qs=req.quality_score
       ^^^^^^^^^^^^^^^^^
  File "C:\Users\zqmco\AppData\Local\hermes\hermes-agent\venv\Lib\site-packages\pydantic\main.py", line 792, in __getattr__
    raise AttributeError(f'{type(self).__name__!r} object has no attribute {item!r}')
AttributeError: 'ContributeRequest' object has no attribute 'quality_score'
ERROR:    Exception in ASGI application
Traceback (most recent call last):
  File "C:\Users\zqmco\AppData\Local\hermes\hermes-agent\venv\Lib\site-packages\uvicorn\protocols\http\httptools_impl.py", line 399, in run_asgi
    result = await app(  # type: ignore[func-returns-value]
             ^^^^^^^^^^^^^^^^^^^^^^^^^^^^^^^^^^^^^^^^^^^^^^
  File "C:\Users\zqmco\AppData\Local\hermes\hermes-agent\venv\Lib\site-packages\uvicorn\middleware\proxy_headers.py", line 70, in __call__
    return await self.app(scope, receive, send)
           ^^^^^^^^^^^^^^^^^^^^^^^^^^^^^^^^^^^^
  File "C:\Users\zqmco\AppData\Local\hermes\hermes-agent\venv\Lib\site-packages\fastapi\applications.py", line 1054, in __call__
    await super().__call__(scope, receive, send)
  File "C:\Users\zqmco\AppData\Local\hermes\hermes-agent\venv\Lib\site-packages\starlette\applications.py", line 113, in __call__
    await self.middleware_stack(scope, receive, send)
  File "C:\Users\zqmco\AppData\Local\hermes\hermes-agent\venv\Lib\site-packages\starlette\middleware\errors.py", line 187, in __call__
    raise exc
  File "C:\Users\zqmco\AppData\Local\hermes\hermes-agent\venv\Lib\site-packages\starlette\middleware\errors.py", line 165, in __call__
    await self.app(scope, receive, _send)
  File "C:\Users\zqmco\AppData\Local\hermes\hermes-agent\venv\Lib\site-packages\starlette\middleware\cors.py", line 85, in __call__
    await self.app(scope, receive, send)
  File "C:\Users\zqmco\AppData\Local\hermes\hermes-agent\venv\Lib\site-packages\starlette\middleware\trustedhost.py", line 36, in __call__
    await self.app(scope, receive, send)
  File "C:\Users\zqmco\AppData\Local\hermes\hermes-agent\venv\Lib\site-packages\starlette\middleware\exceptions.py", line 62, in __call__
    await wrap_app_handling_exceptions(self.app, conn)(scope, receive, send)
  File "C:\Users\zqmco\AppData\Local\hermes\hermes-agent\venv\Lib\site-packages\starlette\_exception_handler.py", line 62, in wrapped_app
    raise exc
  File "C:\Users\zqmco\AppData\Local\hermes\hermes-agent\venv\Lib\site-packages\starlette\_exception_handler.py", line 51, in wrapped_app
    await app(scope, receive, sender)
  File "C:\Users\zqmco\AppData\Local\hermes\hermes-agent\venv\Lib\site-packages\starlette\routing.py", line 715, in __call__
    await self.middleware_stack(scope, receive, send)
  File "C:\Users\zqmco\AppData\Local\hermes\hermes-agent\venv\Lib\site-packages\starlette\routing.py", line 735, in app
    await route.handle(scope, receive, send)
  File "C:\Users\zqmco\AppData\Local\hermes\hermes-agent\venv\Lib\site-packages\starlette\routing.py", line 288, in handle
    await self.app(scope, receive, send)
  File "C:\Users\zqmco\AppData\Local\hermes\hermes-agent\venv\Lib\site-packages\starlette\routing.py", line 76, in app
    await wrap_app_handling_exceptions(app, request)(scope, receive, send)
  File "C:\Users\zqmco\AppData\Local\hermes\hermes-agent\venv\Lib\site-packages\starlette\_exception_handler.py", line 62, in wrapped_app
    raise exc
  File "C:\Users\zqmco\AppData\Local\hermes\hermes-agent\venv\Lib\site-packages\starlette\_exception_handler.py", line 51, in wrapped_app
    await app(scope, receive, sender)
  File "C:\Users\zqmco\AppData\Local\hermes\hermes-agent\venv\Lib\site-packages\starlette\routing.py", line 73, in app
    response = await f(request)
               ^^^^^^^^^^^^^^^^
  File "C:\Users\zqmco\AppData\Local\hermes\hermes-agent\venv\Lib\site-packages\fastapi\routing.py", line 301, in app
    raw_response = await run_endpoint_function(
                   ^^^^^^^^^^^^^^^^^^^^^^^^^^^^
  File "C:\Users\zqmco\AppData\Local\hermes\hermes-agent\venv\Lib\site-packages\fastapi\routing.py", line 214, in run_endpoint_function
    return await run_in_threadpool(dependant.call, **values)
           ^^^^^^^^^^^^^^^^^^^^^^^^^^^^^^^^^^^^^^^^^^^^^^^^^
  File "C:\Users\zqmco\AppData\Local\hermes\hermes-agent\venv\Lib\site-packages\starlette\concurrency.py", line 39, in run_in_threadpool
    return await anyio.to_thread.run_sync(func, *args)
           ^^^^^^^^^^^^^^^^^^^^^^^^^^^^^^^^^^^^^^^^^^^
  File "C:\Users\zqmco\AppData\Local\hermes\hermes-agent\venv\Lib\site-packages\anyio\to_thread.py", line 63, in run_sync
    return await get_async_backend().run_sync_in_worker_thread(
           ^^^^^^^^^^^^^^^^^^^^^^^^^^^^^^^^^^^^^^^^^^^^^^^^^^^^
  File "C:\Users\zqmco\AppData\Local\hermes\hermes-agent\venv\Lib\site-packages\anyio\_backends\_asyncio.py", line 2502, in run_sync_in_worker_thread
    return await future
           ^^^^^^^^^^^^
  File "C:\Users\zqmco\AppData\Local\hermes\hermes-agent\venv\Lib\site-packages\anyio\_backends\_asyncio.py", line 986, in run
    result = context.run(func, *args)
             ^^^^^^^^^^^^^^^^^^^^^^^^
  File "C:\Users\zqmco\Docker\volusia-portal\backend\gamification\scoring.py", line 153, in get_leaderboard
    for i,e in enumerate(entries[:limit],1): e["rank"]=i
                         ~~~~~~~^^^^^^^^
TypeError: slice indices must be integers or None or have an __index__ method
ERROR:    Exception in ASGI application
Traceback (most recent call last):
  File "C:\Users\zqmco\AppData\Local\hermes\hermes-agent\venv\Lib\site-packages\uvicorn\protocols\http\httptools_impl.py", line 399, in run_asgi
    result = await app(  # type: ignore[func-returns-value]
             ^^^^^^^^^^^^^^^^^^^^^^^^^^^^^^^^^^^^^^^^^^^^^^
  File "C:\Users\zqmco\AppData\Local\hermes\hermes-agent\venv\Lib\site-packages\uvicorn\middleware\proxy_headers.py", line 70, in __call__
    return await self.app(scope, receive, send)
           ^^^^^^^^^^^^^^^^^^^^^^^^^^^^^^^^^^^^
  File "C:\Users\zqmco\AppData\Local\hermes\hermes-agent\venv\Lib\site-packages\fastapi\applications.py", line 1054, in __call__
    await super().__call__(scope, receive, send)
  File "C:\Users\zqmco\AppData\Local\hermes\hermes-agent\venv\Lib\site-packages\starlette\applications.py", line 113, in __call__
    await self.middleware_stack(scope, receive, send)
  File "C:\Users\zqmco\AppData\Local\hermes\hermes-agent\venv\Lib\site-packages\starlette\middleware\errors.py", line 187, in __call__
    raise exc
  File "C:\Users\zqmco\AppData\Local\hermes\hermes-agent\venv\Lib\site-packages\starlette\middleware\errors.py", line 165, in __call__
    await self.app(scope, receive, _send)
  File "C:\Users\zqmco\AppData\Local\hermes\hermes-agent\venv\Lib\site-packages\starlette\middleware\cors.py", line 85, in __call__
    await self.app(scope, receive, send)
  File "C:\Users\zqmco\AppData\Local\hermes\hermes-agent\venv\Lib\site-packages\starlette\middleware\trustedhost.py", line 36, in __call__
    await self.app(scope, receive, send)
  File "C:\Users\zqmco\AppData\Local\hermes\hermes-agent\venv\Lib\site-packages\starlette\middleware\exceptions.py", line 62, in __call__
    await wrap_app_handling_exceptions(self.app, conn)(scope, receive, send)
  File "C:\Users\zqmco\AppData\Local\hermes\hermes-agent\venv\Lib\site-packages\starlette\_exception_handler.py", line 62, in wrapped_app
    raise exc
  File "C:\Users\zqmco\AppData\Local\hermes\hermes-agent\venv\Lib\site-packages\starlette\_exception_handler.py", line 51, in wrapped_app
    await app(scope, receive, sender)
  File "C:\Users\zqmco\AppData\Local\hermes\hermes-agent\venv\Lib\site-packages\starlette\routing.py", line 715, in __call__
    await self.middleware_stack(scope, receive, send)
  File "C:\Users\zqmco\AppData\Local\hermes\hermes-agent\venv\Lib\site-packages\starlette\routing.py", line 735, in app
    await route.handle(scope, receive, send)
  File "C:\Users\zqmco\AppData\Local\hermes\hermes-agent\venv\Lib\site-packages\starlette\routing.py", line 288, in handle
    await self.app(scope, receive, send)
  File "C:\Users\zqmco\AppData\Local\hermes\hermes-agent\venv\Lib\site-packages\starlette\routing.py", line 76, in app
    await wrap_app_handling_exceptions(app, request)(scope, receive, send)
  File "C:\Users\zqmco\AppData\Local\hermes\hermes-agent\venv\Lib\site-packages\starlette\_exception_handler.py", line 62, in wrapped_app
    raise exc
  File "C:\Users\zqmco\AppData\Local\hermes\hermes-agent\venv\Lib\site-packages\starlette\_exception_handler.py", line 51, in wrapped_app
    await app(scope, receive, sender)
  File "C:\Users\zqmco\AppData\Local\hermes\hermes-agent\venv\Lib\site-packages\starlette\routing.py", line 73, in app
    response = await f(request)
               ^^^^^^^^^^^^^^^^
  File "C:\Users\zqmco\AppData\Local\hermes\hermes-agent\venv\Lib\site-packages\fastapi\routing.py", line 301, in app
    raw_response = await run_endpoint_function(
                   ^^^^^^^^^^^^^^^^^^^^^^^^^^^^
  File "C:\Users\zqmco\AppData\Local\hermes\hermes-agent\venv\Lib\site-packages\fastapi\routing.py", line 214, in run_endpoint_function
    return await run_in_threadpool(dependant.call, **values)
           ^^^^^^^^^^^^^^^^^^^^^^^^^^^^^^^^^^^^^^^^^^^^^^^^^
  File "C:\Users\zqmco\AppData\Local\hermes\hermes-agent\venv\Lib\site-packages\starlette\concurrency.py", line 39, in run_in_threadpool
    return await anyio.to_thread.run_sync(func, *args)
           ^^^^^^^^^^^^^^^^^^^^^^^^^^^^^^^^^^^^^^^^^^^
  File "C:\Users\zqmco\AppData\Local\hermes\hermes-agent\venv\Lib\site-packages\anyio\to_thread.py", line 63, in run_sync
    return await get_async_backend().run_sync_in_worker_thread(
           ^^^^^^^^^^^^^^^^^^^^^^^^^^^^^^^^^^^^^^^^^^^^^^^^^^^^
  File "C:\Users\zqmco\AppData\Local\hermes\hermes-agent\venv\Lib\site-packages\anyio\_backends\_asyncio.py", line 2502, in run_sync_in_worker_thread
    return await future
           ^^^^^^^^^^^^
  File "C:\Users\zqmco\AppData\Local\hermes\hermes-agent\venv\Lib\site-packages\anyio\_backends\_asyncio.py", line 986, in run
    result = context.run(func, *args)
             ^^^^^^^^^^^^^^^^^^^^^^^^
  File "C:\Users\zqmco\Docker\volusia-portal\backend\gamification\scoring.py", line 153, in get_leaderboard
    for i,e in enumerate(entries[:limit],1): e["rank"]=i
                         ~~~~~~~^^^^^^^^
TypeError: slice indices must be integers or None or have an __index__ method
ERROR:    Exception in ASGI application
Traceback (most recent call last):
  File "C:\Users\zqmco\AppData\Local\hermes\hermes-agent\venv\Lib\site-packages\uvicorn\protocols\http\httptools_impl.py", line 399, in run_asgi
    result = await app(  # type: ignore[func-returns-value]
             ^^^^^^^^^^^^^^^^^^^^^^^^^^^^^^^^^^^^^^^^^^^^^^
  File "C:\Users\zqmco\AppData\Local\hermes\hermes-agent\venv\Lib\site-packages\uvicorn\middleware\proxy_headers.py", line 70, in __call__
    return await self.app(scope, receive, send)
           ^^^^^^^^^^^^^^^^^^^^^^^^^^^^^^^^^^^^
  File "C:\Users\zqmco\AppData\Local\hermes\hermes-agent\venv\Lib\site-packages\fastapi\applications.py", line 1054, in __call__
    await super().__call__(scope, receive, send)
  File "C:\Users\zqmco\AppData\Local\hermes\hermes-agent\venv\Lib\site-packages\starlette\applications.py", line 113, in __call__
    await self.middleware_stack(scope, receive, send)
  File "C:\Users\zqmco\AppData\Local\hermes\hermes-agent\venv\Lib\site-packages\starlette\middleware\errors.py", line 187, in __call__
    raise exc
  File "C:\Users\zqmco\AppData\Local\hermes\hermes-agent\venv\Lib\site-packages\starlette\middleware\errors.py", line 165, in __call__
    await self.app(scope, receive, _send)
  File "C:\Users\zqmco\AppData\Local\hermes\hermes-agent\venv\Lib\site-packages\starlette\middleware\cors.py", line 85, in __call__
    await self.app(scope, receive, send)
  File "C:\Users\zqmco\AppData\Local\hermes\hermes-agent\venv\Lib\site-packages\starlette\middleware\trustedhost.py", line 36, in __call__
    await self.app(scope, receive, send)
  File "C:\Users\zqmco\AppData\Local\hermes\hermes-agent\venv\Lib\site-packages\starlette\middleware\exceptions.py", line 62, in __call__
    await wrap_app_handling_exceptions(self.app, conn)(scope, receive, send)
  File "C:\Users\zqmco\AppData\Local\hermes\hermes-agent\venv\Lib\site-packages\starlette\_exception_handler.py", line 62, in wrapped_app
    raise exc
  File "C:\Users\zqmco\AppData\Local\hermes\hermes-agent\venv\Lib\site-packages\starlette\_exception_handler.py", line 51, in wrapped_app
    await app(scope, receive, sender)
  File "C:\Users\zqmco\AppData\Local\hermes\hermes-agent\venv\Lib\site-packages\starlette\routing.py", line 715, in __call__
    await self.middleware_stack(scope, receive, send)
  File "C:\Users\zqmco\AppData\Local\hermes\hermes-agent\venv\Lib\site-packages\starlette\routing.py", line 735, in app
    await route.handle(scope, receive, send)
  File "C:\Users\zqmco\AppData\Local\hermes\hermes-agent\venv\Lib\site-packages\starlette\routing.py", line 288, in handle
    await self.app(scope, receive, send)
  File "C:\Users\zqmco\AppData\Local\hermes\hermes-agent\venv\Lib\site-packages\starlette\routing.py", line 76, in app
    await wrap_app_handling_exceptions(app, request)(scope, receive, send)
  File "C:\Users\zqmco\AppData\Local\hermes\hermes-agent\venv\Lib\site-packages\starlette\_exception_handler.py", line 62, in wrapped_app
    raise exc
  File "C:\Users\zqmco\AppData\Local\hermes\hermes-agent\venv\Lib\site-packages\starlette\_exception_handler.py", line 51, in wrapped_app
    await app(scope, receive, sender)
  File "C:\Users\zqmco\AppData\Local\hermes\hermes-agent\venv\Lib\site-packages\starlette\routing.py", line 73, in app
    response = await f(request)
               ^^^^^^^^^^^^^^^^
  File "C:\Users\zqmco\AppData\Local\hermes\hermes-agent\venv\Lib\site-packages\fastapi\routing.py", line 301, in app
    raw_response = await run_endpoint_function(
                   ^^^^^^^^^^^^^^^^^^^^^^^^^^^^
  File "C:\Users\zqmco\AppData\Local\hermes\hermes-agent\venv\Lib\site-packages\fastapi\routing.py", line 214, in run_endpoint_function
    return await run_in_threadpool(dependant.call, **values)
           ^^^^^^^^^^^^^^^^^^^^^^^^^^^^^^^^^^^^^^^^^^^^^^^^^
  File "C:\Users\zqmco\AppData\Local\hermes\hermes-agent\venv\Lib\site-packages\starlette\concurrency.py", line 39, in run_in_threadpool
    return await anyio.to_thread.run_sync(func, *args)
           ^^^^^^^^^^^^^^^^^^^^^^^^^^^^^^^^^^^^^^^^^^^
  File "C:\Users\zqmco\AppData\Local\hermes\hermes-agent\venv\Lib\site-packages\anyio\to_thread.py", line 63, in run_sync
    return await get_async_backend().run_sync_in_worker_thread(
           ^^^^^^^^^^^^^^^^^^^^^^^^^^^^^^^^^^^^^^^^^^^^^^^^^^^^
  File "C:\Users\zqmco\AppData\Local\hermes\hermes-agent\venv\Lib\site-packages\anyio\_backends\_asyncio.py", line 2502, in run_sync_in_worker_thread
    return await future
           ^^^^^^^^^^^^
  File "C:\Users\zqmco\AppData\Local\hermes\hermes-agent\venv\Lib\site-packages\anyio\_backends\_asyncio.py", line 986, in run
    result = context.run(func, *args)
             ^^^^^^^^^^^^^^^^^^^^^^^^
  File "C:\Users\zqmco\Docker\volusia-portal\backend\gamification\scoring.py", line 100, in contribute
    if req.quality_score: qs=req.quality_score
       ^^^^^^^^^^^^^^^^^
  File "C:\Users\zqmco\AppData\Local\hermes\hermes-agent\venv\Lib\site-packages\pydantic\main.py", line 792, in __getattr__
    raise AttributeError(f'{type(self).__name__!r} object has no attribute {item!r}')
AttributeError: 'ContributeRequest' object has no attribute 'quality_score'
ERROR:    Exception in ASGI application
Traceback (most recent call last):
  File "C:\Users\zqmco\AppData\Local\hermes\hermes-agent\venv\Lib\site-packages\uvicorn\protocols\http\httptools_impl.py", line 399, in run_asgi
    result = await app(  # type: ignore[func-returns-value]
             ^^^^^^^^^^^^^^^^^^^^^^^^^^^^^^^^^^^^^^^^^^^^^^
  File "C:\Users\zqmco\AppData\Local\hermes\hermes-agent\venv\Lib\site-packages\uvicorn\middleware\proxy_headers.py", line 70, in __call__
    return await self.app(scope, receive, send)
           ^^^^^^^^^^^^^^^^^^^^^^^^^^^^^^^^^^^^
  File "C:\Users\zqmco\AppData\Local\hermes\hermes-agent\venv\Lib\site-packages\fastapi\applications.py", line 1054, in __call__
    await super().__call__(scope, receive, send)
  File "C:\Users\zqmco\AppData\Local\hermes\hermes-agent\venv\Lib\site-packages\starlette\applications.py", line 113, in __call__
    await self.middleware_stack(scope, receive, send)
  File "C:\Users\zqmco\AppData\Local\hermes\hermes-agent\venv\Lib\site-packages\starlette\middleware\errors.py", line 187, in __call__
    raise exc
  File "C:\Users\zqmco\AppData\Local\hermes\hermes-agent\venv\Lib\site-packages\starlette\middleware\errors.py", line 165, in __call__
    await self.app(scope, receive, _send)
  File "C:\Users\zqmco\AppData\Local\hermes\hermes-agent\venv\Lib\site-packages\starlette\middleware\cors.py", line 85, in __call__
    await self.app(scope, receive, send)
  File "C:\Users\zqmco\AppData\Local\hermes\hermes-agent\venv\Lib\site-packages\starlette\middleware\trustedhost.py", line 36, in __call__
    await self.app(scope, receive, send)
  File "C:\Users\zqmco\AppData\Local\hermes\hermes-agent\venv\Lib\site-packages\starlette\middleware\exceptions.py", line 62, in __call__
    await wrap_app_handling_exceptions(self.app, conn)(scope, receive, send)
  File "C:\Users\zqmco\AppData\Local\hermes\hermes-agent\venv\Lib\site-packages\starlette\_exception_handler.py", line 62, in wrapped_app
    raise exc
  File "C:\Users\zqmco\AppData\Local\hermes\hermes-agent\venv\Lib\site-packages\starlette\_exception_handler.py", line 51, in wrapped_app
    await app(scope, receive, sender)
  File "C:\Users\zqmco\AppData\Local\hermes\hermes-agent\venv\Lib\site-packages\starlette\routing.py", line 715, in __call__
    await self.middleware_stack(scope, receive, send)
  File "C:\Users\zqmco\AppData\Local\hermes\hermes-agent\venv\Lib\site-packages\starlette\routing.py", line 735, in app
    await route.handle(scope, receive, send)
  File "C:\Users\zqmco\AppData\Local\hermes\hermes-agent\venv\Lib\site-packages\starlette\routing.py", line 288, in handle
    await self.app(scope, receive, send)
  File "C:\Users\zqmco\AppData\Local\hermes\hermes-agent\venv\Lib\site-packages\starlette\routing.py", line 76, in app
    await wrap_app_handling_exceptions(app, request)(scope, receive, send)
  File "C:\Users\zqmco\AppData\Local\hermes\hermes-agent\venv\Lib\site-packages\starlette\_exception_handler.py", line 62, in wrapped_app
    raise exc
  File "C:\Users\zqmco\AppData\Local\hermes\hermes-agent\venv\Lib\site-packages\starlette\_exception_handler.py", line 51, in wrapped_app
    await app(scope, receive, sender)
  File "C:\Users\zqmco\AppData\Local\hermes\hermes-agent\venv\Lib\site-packages\starlette\routing.py", line 73, in app
    response = await f(request)
               ^^^^^^^^^^^^^^^^
  File "C:\Users\zqmco\AppData\Local\hermes\hermes-agent\venv\Lib\site-packages\fastapi\routing.py", line 301, in app
    raw_response = await run_endpoint_function(
                   ^^^^^^^^^^^^^^^^^^^^^^^^^^^^
  File "C:\Users\zqmco\AppData\Local\hermes\hermes-agent\venv\Lib\site-packages\fastapi\routing.py", line 214, in run_endpoint_function
    return await run_in_threadpool(dependant.call, **values)
           ^^^^^^^^^^^^^^^^^^^^^^^^^^^^^^^^^^^^^^^^^^^^^^^^^
  File "C:\Users\zqmco\AppData\Local\hermes\hermes-agent\venv\Lib\site-packages\starlette\concurrency.py", line 39, in run_in_threadpool
    return await anyio.to_thread.run_sync(func, *args)
           ^^^^^^^^^^^^^^^^^^^^^^^^^^^^^^^^^^^^^^^^^^^
  File "C:\Users\zqmco\AppData\Local\hermes\hermes-agent\venv\Lib\site-packages\anyio\to_thread.py", line 63, in run_sync
    return await get_async_backend().run_sync_in_worker_thread(
           ^^^^^^^^^^^^^^^^^^^^^^^^^^^^^^^^^^^^^^^^^^^^^^^^^^^^
  File "C:\Users\zqmco\AppData\Local\hermes\hermes-agent\venv\Lib\site-packages\anyio\_backends\_asyncio.py", line 2502, in run_sync_in_worker_thread
    return await future
           ^^^^^^^^^^^^
  File "C:\Users\zqmco\AppData\Local\hermes\hermes-agent\venv\Lib\site-packages\anyio\_backends\_asyncio.py", line 986, in run
    result = context.run(func, *args)
             ^^^^^^^^^^^^^^^^^^^^^^^^
  File "C:\Users\zqmco\Docker\volusia-portal\backend\gamification\scoring.py", line 153, in get_leaderboard
    for i,e in enumerate(entries[:limit],1): e["rank"]=i
                         ~~~~~~~^^^^^^^^
TypeError: slice indices must be integers or None or have an __index__ method
ERROR:    Exception in ASGI application
Traceback (most recent call last):
  File "C:\Users\zqmco\AppData\Local\hermes\hermes-agent\venv\Lib\site-packages\uvicorn\protocols\http\httptools_impl.py", line 399, in run_asgi
    result = await app(  # type: ignore[func-returns-value]
             ^^^^^^^^^^^^^^^^^^^^^^^^^^^^^^^^^^^^^^^^^^^^^^
  File "C:\Users\zqmco\AppData\Local\hermes\hermes-agent\venv\Lib\site-packages\uvicorn\middleware\proxy_headers.py", line 70, in __call__
    return await self.app(scope, receive, send)
           ^^^^^^^^^^^^^^^^^^^^^^^^^^^^^^^^^^^^
  File "C:\Users\zqmco\AppData\Local\hermes\hermes-agent\venv\Lib\site-packages\fastapi\applications.py", line 1054, in __call__
    await super().__call__(scope, receive, send)
  File "C:\Users\zqmco\AppData\Local\hermes\hermes-agent\venv\Lib\site-packages\starlette\applications.py", line 113, in __call__
    await self.middleware_stack(scope, receive, send)
  File "C:\Users\zqmco\AppData\Local\hermes\hermes-agent\venv\Lib\site-packages\starlette\middleware\errors.py", line 187, in __call__
    raise exc
  File "C:\Users\zqmco\AppData\Local\hermes\hermes-agent\venv\Lib\site-packages\starlette\middleware\errors.py", line 165, in __call__
    await self.app(scope, receive, _send)
  File "C:\Users\zqmco\AppData\Local\hermes\hermes-agent\venv\Lib\site-packages\starlette\middleware\cors.py", line 85, in __call__
    await self.app(scope, receive, send)
  File "C:\Users\zqmco\AppData\Local\hermes\hermes-agent\venv\Lib\site-packages\starlette\middleware\trustedhost.py", line 36, in __call__
    await self.app(scope, receive, send)
  File "C:\Users\zqmco\AppData\Local\hermes\hermes-agent\venv\Lib\site-packages\starlette\middleware\exceptions.py", line 62, in __call__
    await wrap_app_handling_exceptions(self.app, conn)(scope, receive, send)
  File "C:\Users\zqmco\AppData\Local\hermes\hermes-agent\venv\Lib\site-packages\starlette\_exception_handler.py", line 62, in wrapped_app
    raise exc
  File "C:\Users\zqmco\AppData\Local\hermes\hermes-agent\venv\Lib\site-packages\starlette\_exception_handler.py", line 51, in wrapped_app
    await app(scope, receive, sender)
  File "C:\Users\zqmco\AppData\Local\hermes\hermes-agent\venv\Lib\site-packages\starlette\routing.py", line 715, in __call__
    await self.middleware_stack(scope, receive, send)
  File "C:\Users\zqmco\AppData\Local\hermes\hermes-agent\venv\Lib\site-packages\starlette\routing.py", line 735, in app
    await route.handle(scope, receive, send)
  File "C:\Users\zqmco\AppData\Local\hermes\hermes-agent\venv\Lib\site-packages\starlette\routing.py", line 288, in handle
    await self.app(scope, receive, send)
  File "C:\Users\zqmco\AppData\Local\hermes\hermes-agent\venv\Lib\site-packages\starlette\routing.py", line 76, in app
    await wrap_app_handling_exceptions(app, request)(scope, receive, send)
  File "C:\Users\zqmco\AppData\Local\hermes\hermes-agent\venv\Lib\site-packages\starlette\_exception_handler.py", line 62, in wrapped_app
    raise exc
  File "C:\Users\zqmco\AppData\Local\hermes\hermes-agent\venv\Lib\site-packages\starlette\_exception_handler.py", line 51, in wrapped_app
    await app(scope, receive, sender)
  File "C:\Users\zqmco\AppData\Local\hermes\hermes-agent\venv\Lib\site-packages\starlette\routing.py", line 73, in app
    response = await f(request)
               ^^^^^^^^^^^^^^^^
  File "C:\Users\zqmco\AppData\Local\hermes\hermes-agent\venv\Lib\site-packages\fastapi\routing.py", line 301, in app
    raw_response = await run_endpoint_function(
                   ^^^^^^^^^^^^^^^^^^^^^^^^^^^^
  File "C:\Users\zqmco\AppData\Local\hermes\hermes-agent\venv\Lib\site-packages\fastapi\routing.py", line 214, in run_endpoint_function
    return await run_in_threadpool(dependant.call, **values)
           ^^^^^^^^^^^^^^^^^^^^^^^^^^^^^^^^^^^^^^^^^^^^^^^^^
  File "C:\Users\zqmco\AppData\Local\hermes\hermes-agent\venv\Lib\site-packages\starlette\concurrency.py", line 39, in run_in_threadpool
    return await anyio.to_thread.run_sync(func, *args)
           ^^^^^^^^^^^^^^^^^^^^^^^^^^^^^^^^^^^^^^^^^^^
  File "C:\Users\zqmco\AppData\Local\hermes\hermes-agent\venv\Lib\site-packages\anyio\to_thread.py", line 63, in run_sync
    return await get_async_backend().run_sync_in_worker_thread(
           ^^^^^^^^^^^^^^^^^^^^^^^^^^^^^^^^^^^^^^^^^^^^^^^^^^^^
  File "C:\Users\zqmco\AppData\Local\hermes\hermes-agent\venv\Lib\site-packages\anyio\_backends\_asyncio.py", line 2502, in run_sync_in_worker_thread
    return await future
           ^^^^^^^^^^^^
  File "C:\Users\zqmco\AppData\Local\hermes\hermes-agent\venv\Lib\site-packages\anyio\_backends\_asyncio.py", line 986, in run
    result = context.run(func, *args)
             ^^^^^^^^^^^^^^^^^^^^^^^^
  File "C:\Users\zqmco\Docker\volusia-portal\backend\gamification\scoring.py", line 100, in contribute
    if req.quality_score: qs=req.quality_score
       ^^^^^^^^^^^^^^^^^
  File "C:\Users\zqmco\AppData\Local\hermes\hermes-agent\venv\Lib\site-packages\pydantic\main.py", line 792, in __getattr__
    raise AttributeError(f'{type(self).__name__!r} object has no attribute {item!r}')
AttributeError: 'ContributeRequest' object has no attribute 'quality_score'
ERROR:    Exception in ASGI application
Traceback (most recent call last):
  File "C:\Users\zqmco\AppData\Local\hermes\hermes-agent\venv\Lib\site-packages\uvicorn\protocols\http\httptools_impl.py", line 399, in run_asgi
    result = await app(  # type: ignore[func-returns-value]
             ^^^^^^^^^^^^^^^^^^^^^^^^^^^^^^^^^^^^^^^^^^^^^^
  File "C:\Users\zqmco\AppData\Local\hermes\hermes-agent\venv\Lib\site-packages\uvicorn\middleware\proxy_headers.py", line 70, in __call__
    return await self.app(scope, receive, send)
           ^^^^^^^^^^^^^^^^^^^^^^^^^^^^^^^^^^^^
  File "C:\Users\zqmco\AppData\Local\hermes\hermes-agent\venv\Lib\site-packages\fastapi\applications.py", line 1054, in __call__
    await super().__call__(scope, receive, send)
  File "C:\Users\zqmco\AppData\Local\hermes\hermes-agent\venv\Lib\site-packages\starlette\applications.py", line 113, in __call__
    await self.middleware_stack(scope, receive, send)
  File "C:\Users\zqmco\AppData\Local\hermes\hermes-agent\venv\Lib\site-packages\starlette\middleware\errors.py", line 187, in __call__
    raise exc
  File "C:\Users\zqmco\AppData\Local\hermes\hermes-agent\venv\Lib\site-packages\starlette\middleware\errors.py", line 165, in __call__
    await self.app(scope, receive, _send)
  File "C:\Users\zqmco\AppData\Local\hermes\hermes-agent\venv\Lib\site-packages\starlette\middleware\cors.py", line 85, in __call__
    await self.app(scope, receive, send)
  File "C:\Users\zqmco\AppData\Local\hermes\hermes-agent\venv\Lib\site-packages\starlette\middleware\trustedhost.py", line 36, in __call__
    await self.app(scope, receive, send)
  File "C:\Users\zqmco\AppData\Local\hermes\hermes-agent\venv\Lib\site-packages\starlette\middleware\exceptions.py", line 62, in __call__
    await wrap_app_handling_exceptions(self.app, conn)(scope, receive, send)
  File "C:\Users\zqmco\AppData\Local\hermes\hermes-agent\venv\Lib\site-packages\starlette\_exception_handler.py", line 62, in wrapped_app
    raise exc
  File "C:\Users\zqmco\AppData\Local\hermes\hermes-agent\venv\Lib\site-packages\starlette\_exception_handler.py", line 51, in wrapped_app
    await app(scope, receive, sender)
  File "C:\Users\zqmco\AppData\Local\hermes\hermes-agent\venv\Lib\site-packages\starlette\routing.py", line 715, in __call__
    await self.middleware_stack(scope, receive, send)
  File "C:\Users\zqmco\AppData\Local\hermes\hermes-agent\venv\Lib\site-packages\starlette\routing.py", line 735, in app
    await route.handle(scope, receive, send)
  File "C:\Users\zqmco\AppData\Local\hermes\hermes-agent\venv\Lib\site-packages\starlette\routing.py", line 288, in handle
    await self.app(scope, receive, send)
  File "C:\Users\zqmco\AppData\Local\hermes\hermes-agent\venv\Lib\site-packages\starlette\routing.py", line 76, in app
    await wrap_app_handling_exceptions(app, request)(scope, receive, send)
  File "C:\Users\zqmco\AppData\Local\hermes\hermes-agent\venv\Lib\site-packages\starlette\_exception_handler.py", line 62, in wrapped_app
    raise exc
  File "C:\Users\zqmco\AppData\Local\hermes\hermes-agent\venv\Lib\site-packages\starlette\_exception_handler.py", line 51, in wrapped_app
    await app(scope, receive, sender)
  File "C:\Users\zqmco\AppData\Local\hermes\hermes-agent\venv\Lib\site-packages\starlette\routing.py", line 73, in app
    response = await f(request)
               ^^^^^^^^^^^^^^^^
  File "C:\Users\zqmco\AppData\Local\hermes\hermes-agent\venv\Lib\site-packages\fastapi\routing.py", line 301, in app
    raw_response = await run_endpoint_function(
                   ^^^^^^^^^^^^^^^^^^^^^^^^^^^^
  File "C:\Users\zqmco\AppData\Local\hermes\hermes-agent\venv\Lib\site-packages\fastapi\routing.py", line 214, in run_endpoint_function
    return await run_in_threadpool(dependant.call, **values)
           ^^^^^^^^^^^^^^^^^^^^^^^^^^^^^^^^^^^^^^^^^^^^^^^^^
  File "C:\Users\zqmco\AppData\Local\hermes\hermes-agent\venv\Lib\site-packages\starlette\concurrency.py", line 39, in run_in_threadpool
    return await anyio.to_thread.run_sync(func, *args)
           ^^^^^^^^^^^^^^^^^^^^^^^^^^^^^^^^^^^^^^^^^^^
  File "C:\Users\zqmco\AppData\Local\hermes\hermes-agent\venv\Lib\site-packages\anyio\to_thread.py", line 63, in run_sync
    return await get_async_backend().run_sync_in_worker_thread(
           ^^^^^^^^^^^^^^^^^^^^^^^^^^^^^^^^^^^^^^^^^^^^^^^^^^^^
  File "C:\Users\zqmco\AppData\Local\hermes\hermes-agent\venv\Lib\site-packages\anyio\_backends\_asyncio.py", line 2502, in run_sync_in_worker_thread
    return await future
           ^^^^^^^^^^^^
  File "C:\Users\zqmco\AppData\Local\hermes\hermes-agent\venv\Lib\site-packages\anyio\_backends\_asyncio.py", line 986, in run
    result = context.run(func, *args)
             ^^^^^^^^^^^^^^^^^^^^^^^^
  File "C:\Users\zqmco\Docker\volusia-portal\backend\gamification\scoring.py", line 100, in contribute
    if req.quality_score: qs=req.quality_score
       ^^^^^^^^^^^^^^^^^
  File "C:\Users\zqmco\AppData\Local\hermes\hermes-agent\venv\Lib\site-packages\pydantic\main.py", line 792, in __getattr__
    raise AttributeError(f'{type(self).__name__!r} object has no attribute {item!r}')
AttributeError: 'ContributeRequest' object has no attribute 'quality_score'
ERROR:    Exception in ASGI application
Traceback (most recent call last):
  File "C:\Users\zqmco\AppData\Local\hermes\hermes-agent\venv\Lib\site-packages\uvicorn\protocols\http\httptools_impl.py", line 399, in run_asgi
    result = await app(  # type: ignore[func-returns-value]
             ^^^^^^^^^^^^^^^^^^^^^^^^^^^^^^^^^^^^^^^^^^^^^^
  File "C:\Users\zqmco\AppData\Local\hermes\hermes-agent\venv\Lib\site-packages\uvicorn\middleware\proxy_headers.py", line 70, in __call__
    return await self.app(scope, receive, send)
           ^^^^^^^^^^^^^^^^^^^^^^^^^^^^^^^^^^^^
  File "C:\Users\zqmco\AppData\Local\hermes\hermes-agent\venv\Lib\site-packages\fastapi\applications.py", line 1054, in __call__
    await super().__call__(scope, receive, send)
  File "C:\Users\zqmco\AppData\Local\hermes\hermes-agent\venv\Lib\site-packages\starlette\applications.py", line 113, in __call__
    await self.middleware_stack(scope, receive, send)
  File "C:\Users\zqmco\AppData\Local\hermes\hermes-agent\venv\Lib\site-packages\starlette\middleware\errors.py", line 187, in __call__
    raise exc
  File "C:\Users\zqmco\AppData\Local\hermes\hermes-agent\venv\Lib\site-packages\starlette\middleware\errors.py", line 165, in __call__
    await self.app(scope, receive, _send)
  File "C:\Users\zqmco\AppData\Local\hermes\hermes-agent\venv\Lib\site-packages\starlette\middleware\cors.py", line 85, in __call__
    await self.app(scope, receive, send)
  File "C:\Users\zqmco\AppData\Local\hermes\hermes-agent\venv\Lib\site-packages\starlette\middleware\trustedhost.py", line 36, in __call__
    await self.app(scope, receive, send)
  File "C:\Users\zqmco\AppData\Local\hermes\hermes-agent\venv\Lib\site-packages\starlette\middleware\exceptions.py", line 62, in __call__
    await wrap_app_handling_exceptions(self.app, conn)(scope, receive, send)
  File "C:\Users\zqmco\AppData\Local\hermes\hermes-agent\venv\Lib\site-packages\starlette\_exception_handler.py", line 62, in wrapped_app
    raise exc
  File "C:\Users\zqmco\AppData\Local\hermes\hermes-agent\venv\Lib\site-packages\starlette\_exception_handler.py", line 51, in wrapped_app
    await app(scope, receive, sender)
  File "C:\Users\zqmco\AppData\Local\hermes\hermes-agent\venv\Lib\site-packages\starlette\routing.py", line 715, in __call__
    await self.middleware_stack(scope, receive, send)
  File "C:\Users\zqmco\AppData\Local\hermes\hermes-agent\venv\Lib\site-packages\starlette\routing.py", line 735, in app
    await route.handle(scope, receive, send)
  File "C:\Users\zqmco\AppData\Local\hermes\hermes-agent\venv\Lib\site-packages\starlette\routing.py", line 288, in handle
    await self.app(scope, receive, send)
  File "C:\Users\zqmco\AppData\Local\hermes\hermes-agent\venv\Lib\site-packages\starlette\routing.py", line 76, in app
    await wrap_app_handling_exceptions(app, request)(scope, receive, send)
  File "C:\Users\zqmco\AppData\Local\hermes\hermes-agent\venv\Lib\site-packages\starlette\_exception_handler.py", line 62, in wrapped_app
    raise exc
  File "C:\Users\zqmco\AppData\Local\hermes\hermes-agent\venv\Lib\site-packages\starlette\_exception_handler.py", line 51, in wrapped_app
    await app(scope, receive, sender)
  File "C:\Users\zqmco\AppData\Local\hermes\hermes-agent\venv\Lib\site-packages\starlette\routing.py", line 73, in app
    response = await f(request)
               ^^^^^^^^^^^^^^^^
  File "C:\Users\zqmco\AppData\Local\hermes\hermes-agent\venv\Lib\site-packages\fastapi\routing.py", line 301, in app
    raw_response = await run_endpoint_function(
                   ^^^^^^^^^^^^^^^^^^^^^^^^^^^^
  File "C:\Users\zqmco\AppData\Local\hermes\hermes-agent\venv\Lib\site-packages\fastapi\routing.py", line 214, in run_endpoint_function
    return await run_in_threadpool(dependant.call, **values)
           ^^^^^^^^^^^^^^^^^^^^^^^^^^^^^^^^^^^^^^^^^^^^^^^^^
  File "C:\Users\zqmco\AppData\Local\hermes\hermes-agent\venv\Lib\site-packages\starlette\concurrency.py", line 39, in run_in_threadpool
    return await anyio.to_thread.run_sync(func, *args)
           ^^^^^^^^^^^^^^^^^^^^^^^^^^^^^^^^^^^^^^^^^^^
  File "C:\Users\zqmco\AppData\Local\hermes\hermes-agent\venv\Lib\site-packages\anyio\to_thread.py", line 63, in run_sync
    return await get_async_backend().run_sync_in_worker_thread(
           ^^^^^^^^^^^^^^^^^^^^^^^^^^^^^^^^^^^^^^^^^^^^^^^^^^^^
  File "C:\Users\zqmco\AppData\Local\hermes\hermes-agent\venv\Lib\site-packages\anyio\_backends\_asyncio.py", line 2502, in run_sync_in_worker_thread
    return await future
           ^^^^^^^^^^^^
  File "C:\Users\zqmco\AppData\Local\hermes\hermes-agent\venv\Lib\site-packages\anyio\_backends\_asyncio.py", line 986, in run
    result = context.run(func, *args)
             ^^^^^^^^^^^^^^^^^^^^^^^^
  File "C:\Users\zqmco\Docker\volusia-portal\backend\gamification\scoring.py", line 100, in contribute
    if req.quality_score: qs=req.quality_score
       ^^^^^^^^^^^^^^^^^
  File "C:\Users\zqmco\AppData\Local\hermes\hermes-agent\venv\Lib\site-packages\pydantic\main.py", line 792, in __getattr__
    raise AttributeError(f'{type(self).__name__!r} object has no attribute {item!r}')
AttributeError: 'ContributeRequest' object has no attribute 'quality_score'
INFO:     Started server process [22244]
INFO:     Waiting for application startup.
INFO:     Application startup complete.
INFO:     Uvicorn running on http://0.0.0.0:8000 (Press CTRL+C to quit)
ERROR:    Exception in ASGI application
Traceback (most recent call last):
  File "C:\Users\zqmco\AppData\Local\hermes\hermes-agent\venv\Lib\site-packages\uvicorn\protocols\http\httptools_impl.py", line 399, in run_asgi
    result = await app(  # type: ignore[func-returns-value]
             ^^^^^^^^^^^^^^^^^^^^^^^^^^^^^^^^^^^^^^^^^^^^^^
  File "C:\Users\zqmco\AppData\Local\hermes\hermes-agent\venv\Lib\site-packages\uvicorn\middleware\proxy_headers.py", line 70, in __call__
    return await self.app(scope, receive, send)
           ^^^^^^^^^^^^^^^^^^^^^^^^^^^^^^^^^^^^
  File "C:\Users\zqmco\AppData\Local\hermes\hermes-agent\venv\Lib\site-packages\fastapi\applications.py", line 1054, in __call__
    await super().__call__(scope, receive, send)
  File "C:\Users\zqmco\AppData\Local\hermes\hermes-agent\venv\Lib\site-packages\starlette\applications.py", line 113, in __call__
    await self.middleware_stack(scope, receive, send)
  File "C:\Users\zqmco\AppData\Local\hermes\hermes-agent\venv\Lib\site-packages\starlette\middleware\errors.py", line 187, in __call__
    raise exc
  File "C:\Users\zqmco\AppData\Local\hermes\hermes-agent\venv\Lib\site-packages\starlette\middleware\errors.py", line 165, in __call__
    await self.app(scope, receive, _send)
  File "C:\Users\zqmco\AppData\Local\hermes\hermes-agent\venv\Lib\site-packages\starlette\middleware\cors.py", line 85, in __call__
    await self.app(scope, receive, send)
  File "C:\Users\zqmco\AppData\Local\hermes\hermes-agent\venv\Lib\site-packages\starlette\middleware\exceptions.py", line 62, in __call__
    await wrap_app_handling_exceptions(self.app, conn)(scope, receive, send)
  File "C:\Users\zqmco\AppData\Local\hermes\hermes-agent\venv\Lib\site-packages\starlette\_exception_handler.py", line 62, in wrapped_app
    raise exc
  File "C:\Users\zqmco\AppData\Local\hermes\hermes-agent\venv\Lib\site-packages\starlette\_exception_handler.py", line 51, in wrapped_app
    await app(scope, receive, sender)
  File "C:\Users\zqmco\AppData\Local\hermes\hermes-agent\venv\Lib\site-packages\starlette\routing.py", line 715, in __call__
    await self.middleware_stack(scope, receive, send)
  File "C:\Users\zqmco\AppData\Local\hermes\hermes-agent\venv\Lib\site-packages\starlette\routing.py", line 735, in app
    await route.handle(scope, receive, send)
  File "C:\Users\zqmco\AppData\Local\hermes\hermes-agent\venv\Lib\site-packages\starlette\routing.py", line 288, in handle
    await self.app(scope, receive, send)
  File "C:\Users\zqmco\AppData\Local\hermes\hermes-agent\venv\Lib\site-packages\starlette\routing.py", line 76, in app
    await wrap_app_handling_exceptions(app, request)(scope, receive, send)
  File "C:\Users\zqmco\AppData\Local\hermes\hermes-agent\venv\Lib\site-packages\starlette\_exception_handler.py", line 62, in wrapped_app
    raise exc
  File "C:\Users\zqmco\AppData\Local\hermes\hermes-agent\venv\Lib\site-packages\starlette\_exception_handler.py", line 51, in wrapped_app
    await app(scope, receive, sender)
  File "C:\Users\zqmco\AppData\Local\hermes\hermes-agent\venv\Lib\site-packages\starlette\routing.py", line 73, in app
    response = await f(request)
               ^^^^^^^^^^^^^^^^
  File "C:\Users\zqmco\AppData\Local\hermes\hermes-agent\venv\Lib\site-packages\fastapi\routing.py", line 301, in app
    raw_response = await run_endpoint_function(
                   ^^^^^^^^^^^^^^^^^^^^^^^^^^^^
  File "C:\Users\zqmco\AppData\Local\hermes\hermes-agent\venv\Lib\site-packages\fastapi\routing.py", line 214, in run_endpoint_function
    return await run_in_threadpool(dependant.call, **values)
           ^^^^^^^^^^^^^^^^^^^^^^^^^^^^^^^^^^^^^^^^^^^^^^^^^
  File "C:\Users\zqmco\AppData\Local\hermes\hermes-agent\venv\Lib\site-packages\starlette\concurrency.py", line 39, in run_in_threadpool
    return await anyio.to_thread.run_sync(func, *args)
           ^^^^^^^^^^^^^^^^^^^^^^^^^^^^^^^^^^^^^^^^^^^
  File "C:\Users\zqmco\AppData\Local\hermes\hermes-agent\venv\Lib\site-packages\anyio\to_thread.py", line 63, in run_sync
    return await get_async_backend().run_sync_in_worker_thread(
           ^^^^^^^^^^^^^^^^^^^^^^^^^^^^^^^^^^^^^^^^^^^^^^^^^^^^
  File "C:\Users\zqmco\AppData\Local\hermes\hermes-agent\venv\Lib\site-packages\anyio\_backends\_asyncio.py", line 2502, in run_sync_in_worker_thread
    return await future
           ^^^^^^^^^^^^
  File "C:\Users\zqmco\AppData\Local\hermes\hermes-agent\venv\Lib\site-packages\anyio\_backends\_asyncio.py", line 986, in run
    result = context.run(func, *args)
             ^^^^^^^^^^^^^^^^^^^^^^^^
  File "C:\Users\zqmco\Docker\volusia-portal\backend\main.py", line 74, in get_map_layers
    rows = _db_rows("SELECT id, name, category, description, source, format, url, geometry FROM map_layers ORDER BY category, name")
           ^^^^^^^^^^^^^^^^^^^^^^^^^^^^^^^^^^^^^^^^^^^^^^^^^^^^^^^^^^^^^^^^^^^^^^^^^^^^^^^^^^^^^^^^^^^^^^^^^^^^^^^^^^^^^^^^^^^^^^^^^
  File "C:\Users\zqmco\Docker\volusia-portal\backend\main.py", line 22, in _db_rows
    try: cur = conn.execute(query, params); return [dict(r) for r in cur.fetchall()]
               ^^^^^^^^^^^^^^^^^^^^^^^^^^^
sqlite3.OperationalError: no such table: map_layers
ERROR:    Exception in ASGI application
Traceback (most recent call last):
  File "C:\Users\zqmco\AppData\Local\hermes\hermes-agent\venv\Lib\site-packages\uvicorn\protocols\http\httptools_impl.py", line 399, in run_asgi
    result = await app(  # type: ignore[func-returns-value]
             ^^^^^^^^^^^^^^^^^^^^^^^^^^^^^^^^^^^^^^^^^^^^^^
  File "C:\Users\zqmco\AppData\Local\hermes\hermes-agent\venv\Lib\site-packages\uvicorn\middleware\proxy_headers.py", line 70, in __call__
    return await self.app(scope, receive, send)
           ^^^^^^^^^^^^^^^^^^^^^^^^^^^^^^^^^^^^
  File "C:\Users\zqmco\AppData\Local\hermes\hermes-agent\venv\Lib\site-packages\fastapi\applications.py", line 1054, in __call__
    await super().__call__(scope, receive, send)
  File "C:\Users\zqmco\AppData\Local\hermes\hermes-agent\venv\Lib\site-packages\starlette\applications.py", line 113, in __call__
    await self.middleware_stack(scope, receive, send)
  File "C:\Users\zqmco\AppData\Local\hermes\hermes-agent\venv\Lib\site-packages\starlette\middleware\errors.py", line 187, in __call__
    raise exc
  File "C:\Users\zqmco\AppData\Local\hermes\hermes-agent\venv\Lib\site-packages\starlette\middleware\errors.py", line 165, in __call__
    await self.app(scope, receive, _send)
  File "C:\Users\zqmco\AppData\Local\hermes\hermes-agent\venv\Lib\site-packages\starlette\middleware\cors.py", line 85, in __call__
    await self.app(scope, receive, send)
  File "C:\Users\zqmco\AppData\Local\hermes\hermes-agent\venv\Lib\site-packages\starlette\middleware\exceptions.py", line 62, in __call__
    await wrap_app_handling_exceptions(self.app, conn)(scope, receive, send)
  File "C:\Users\zqmco\AppData\Local\hermes\hermes-agent\venv\Lib\site-packages\starlette\_exception_handler.py", line 62, in wrapped_app
    raise exc
  File "C:\Users\zqmco\AppData\Local\hermes\hermes-agent\venv\Lib\site-packages\starlette\_exception_handler.py", line 51, in wrapped_app
    await app(scope, receive, sender)
  File "C:\Users\zqmco\AppData\Local\hermes\hermes-agent\venv\Lib\site-packages\starlette\routing.py", line 715, in __call__
    await self.middleware_stack(scope, receive, send)
  File "C:\Users\zqmco\AppData\Local\hermes\hermes-agent\venv\Lib\site-packages\starlette\routing.py", line 735, in app
    await route.handle(scope, receive, send)
  File "C:\Users\zqmco\AppData\Local\hermes\hermes-agent\venv\Lib\site-packages\starlette\routing.py", line 288, in handle
    await self.app(scope, receive, send)
  File "C:\Users\zqmco\AppData\Local\hermes\hermes-agent\venv\Lib\site-packages\starlette\routing.py", line 76, in app
    await wrap_app_handling_exceptions(app, request)(scope, receive, send)
  File "C:\Users\zqmco\AppData\Local\hermes\hermes-agent\venv\Lib\site-packages\starlette\_exception_handler.py", line 62, in wrapped_app
    raise exc
  File "C:\Users\zqmco\AppData\Local\hermes\hermes-agent\venv\Lib\site-packages\starlette\_exception_handler.py", line 51, in wrapped_app
    await app(scope, receive, sender)
  File "C:\Users\zqmco\AppData\Local\hermes\hermes-agent\venv\Lib\site-packages\starlette\routing.py", line 73, in app
    response = await f(request)
               ^^^^^^^^^^^^^^^^
  File "C:\Users\zqmco\AppData\Local\hermes\hermes-agent\venv\Lib\site-packages\fastapi\routing.py", line 301, in app
    raw_response = await run_endpoint_function(
                   ^^^^^^^^^^^^^^^^^^^^^^^^^^^^
  File "C:\Users\zqmco\AppData\Local\hermes\hermes-agent\venv\Lib\site-packages\fastapi\routing.py", line 214, in run_endpoint_function
    return await run_in_threadpool(dependant.call, **values)
           ^^^^^^^^^^^^^^^^^^^^^^^^^^^^^^^^^^^^^^^^^^^^^^^^^
  File "C:\Users\zqmco\AppData\Local\hermes\hermes-agent\venv\Lib\site-packages\starlette\concurrency.py", line 39, in run_in_threadpool
    return await anyio.to_thread.run_sync(func, *args)
           ^^^^^^^^^^^^^^^^^^^^^^^^^^^^^^^^^^^^^^^^^^^
  File "C:\Users\zqmco\AppData\Local\hermes\hermes-agent\venv\Lib\site-packages\anyio\to_thread.py", line 63, in run_sync
    return await get_async_backend().run_sync_in_worker_thread(
           ^^^^^^^^^^^^^^^^^^^^^^^^^^^^^^^^^^^^^^^^^^^^^^^^^^^^
  File "C:\Users\zqmco\AppData\Local\hermes\hermes-agent\venv\Lib\site-packages\anyio\_backends\_asyncio.py", line 2502, in run_sync_in_worker_thread
    return await future
           ^^^^^^^^^^^^
  File "C:\Users\zqmco\AppData\Local\hermes\hermes-agent\venv\Lib\site-packages\anyio\_backends\_asyncio.py", line 986, in run
    result = context.run(func, *args)
             ^^^^^^^^^^^^^^^^^^^^^^^^
  File "C:\Users\zqmco\Docker\volusia-portal\backend\main.py", line 74, in get_map_layers
    rows = _db_rows("SELECT id, name, category, description, source, format, url, geometry FROM map_layers ORDER BY category, name")
           ^^^^^^^^^^^^^^^^^^^^^^^^^^^^^^^^^^^^^^^^^^^^^^^^^^^^^^^^^^^^^^^^^^^^^^^^^^^^^^^^^^^^^^^^^^^^^^^^^^^^^^^^^^^^^^^^^^^^^^^^^
  File "C:\Users\zqmco\Docker\volusia-portal\backend\main.py", line 22, in _db_rows
    try: cur = conn.execute(query, params); return [dict(r) for r in cur.fetchall()]
               ^^^^^^^^^^^^^^^^^^^^^^^^^^^
sqlite3.OperationalError: no such table: map_layers
ERROR:    Exception in ASGI application
Traceback (most recent call last):
  File "C:\Users\zqmco\AppData\Local\hermes\hermes-agent\venv\Lib\site-packages\uvicorn\protocols\http\httptools_impl.py", line 399, in run_asgi
    result = await app(  # type: ignore[func-returns-value]
             ^^^^^^^^^^^^^^^^^^^^^^^^^^^^^^^^^^^^^^^^^^^^^^
  File "C:\Users\zqmco\AppData\Local\hermes\hermes-agent\venv\Lib\site-packages\uvicorn\middleware\proxy_headers.py", line 70, in __call__
    return await self.app(scope, receive, send)
           ^^^^^^^^^^^^^^^^^^^^^^^^^^^^^^^^^^^^
  File "C:\Users\zqmco\AppData\Local\hermes\hermes-agent\venv\Lib\site-packages\fastapi\applications.py", line 1054, in __call__
    await super().__call__(scope, receive, send)
  File "C:\Users\zqmco\AppData\Local\hermes\hermes-agent\venv\Lib\site-packages\starlette\applications.py", line 113, in __call__
    await self.middleware_stack(scope, receive, send)
  File "C:\Users\zqmco\AppData\Local\hermes\hermes-agent\venv\Lib\site-packages\starlette\middleware\errors.py", line 187, in __call__
    raise exc
  File "C:\Users\zqmco\AppData\Local\hermes\hermes-agent\venv\Lib\site-packages\starlette\middleware\errors.py", line 165, in __call__
    await self.app(scope, receive, _send)
  File "C:\Users\zqmco\AppData\Local\hermes\hermes-agent\venv\Lib\site-packages\starlette\middleware\cors.py", line 85, in __call__
    await self.app(scope, receive, send)
  File "C:\Users\zqmco\AppData\Local\hermes\hermes-agent\venv\Lib\site-packages\starlette\middleware\exceptions.py", line 62, in __call__
    await wrap_app_handling_exceptions(self.app, conn)(scope, receive, send)
  File "C:\Users\zqmco\AppData\Local\hermes\hermes-agent\venv\Lib\site-packages\starlette\_exception_handler.py", line 62, in wrapped_app
    raise exc
  File "C:\Users\zqmco\AppData\Local\hermes\hermes-agent\venv\Lib\site-packages\starlette\_exception_handler.py", line 51, in wrapped_app
    await app(scope, receive, sender)
  File "C:\Users\zqmco\AppData\Local\hermes\hermes-agent\venv\Lib\site-packages\starlette\routing.py", line 715, in __call__
    await self.middleware_stack(scope, receive, send)
  File "C:\Users\zqmco\AppData\Local\hermes\hermes-agent\venv\Lib\site-packages\starlette\routing.py", line 735, in app
    await route.handle(scope, receive, send)
  File "C:\Users\zqmco\AppData\Local\hermes\hermes-agent\venv\Lib\site-packages\starlette\routing.py", line 288, in handle
    await self.app(scope, receive, send)
  File "C:\Users\zqmco\AppData\Local\hermes\hermes-agent\venv\Lib\site-packages\starlette\routing.py", line 76, in app
    await wrap_app_handling_exceptions(app, request)(scope, receive, send)
  File "C:\Users\zqmco\AppData\Local\hermes\hermes-agent\venv\Lib\site-packages\starlette\_exception_handler.py", line 62, in wrapped_app
    raise exc
  File "C:\Users\zqmco\AppData\Local\hermes\hermes-agent\venv\Lib\site-packages\starlette\_exception_handler.py", line 51, in wrapped_app
    await app(scope, receive, sender)
  File "C:\Users\zqmco\AppData\Local\hermes\hermes-agent\venv\Lib\site-packages\starlette\routing.py", line 73, in app
    response = await f(request)
               ^^^^^^^^^^^^^^^^
  File "C:\Users\zqmco\AppData\Local\hermes\hermes-agent\venv\Lib\site-packages\fastapi\routing.py", line 301, in app
    raw_response = await run_endpoint_function(
                   ^^^^^^^^^^^^^^^^^^^^^^^^^^^^
  File "C:\Users\zqmco\AppData\Local\hermes\hermes-agent\venv\Lib\site-packages\fastapi\routing.py", line 214, in run_endpoint_function
    return await run_in_threadpool(dependant.call, **values)
           ^^^^^^^^^^^^^^^^^^^^^^^^^^^^^^^^^^^^^^^^^^^^^^^^^
  File "C:\Users\zqmco\AppData\Local\hermes\hermes-agent\venv\Lib\site-packages\starlette\concurrency.py", line 39, in run_in_threadpool
    return await anyio.to_thread.run_sync(func, *args)
           ^^^^^^^^^^^^^^^^^^^^^^^^^^^^^^^^^^^^^^^^^^^
  File "C:\Users\zqmco\AppData\Local\hermes\hermes-agent\venv\Lib\site-packages\anyio\to_thread.py", line 63, in run_sync
    return await get_async_backend().run_sync_in_worker_thread(
           ^^^^^^^^^^^^^^^^^^^^^^^^^^^^^^^^^^^^^^^^^^^^^^^^^^^^
  File "C:\Users\zqmco\AppData\Local\hermes\hermes-agent\venv\Lib\site-packages\anyio\_backends\_asyncio.py", line 2502, in run_sync_in_worker_thread
    return await future
           ^^^^^^^^^^^^
  File "C:\Users\zqmco\AppData\Local\hermes\hermes-agent\venv\Lib\site-packages\anyio\_backends\_asyncio.py", line 986, in run
    result = context.run(func, *args)
             ^^^^^^^^^^^^^^^^^^^^^^^^
  File "C:\Users\zqmco\Docker\volusia-portal\backend\main.py", line 74, in get_map_layers
    rows = _db_rows("SELECT id, name, category, description, source, format, url, geometry FROM map_layers ORDER BY category, name")
           ^^^^^^^^^^^^^^^^^^^^^^^^^^^^^^^^^^^^^^^^^^^^^^^^^^^^^^^^^^^^^^^^^^^^^^^^^^^^^^^^^^^^^^^^^^^^^^^^^^^^^^^^^^^^^^^^^^^^^^^^^
  File "C:\Users\zqmco\Docker\volusia-portal\backend\main.py", line 22, in _db_rows
    try: cur = conn.execute(query, params); return [dict(r) for r in cur.fetchall()]
               ^^^^^^^^^^^^^^^^^^^^^^^^^^^
sqlite3.OperationalError: no such table: map_layers
ERROR:    Exception in ASGI application
Traceback (most recent call last):
  File "C:\Users\zqmco\AppData\Local\hermes\hermes-agent\venv\Lib\site-packages\uvicorn\protocols\http\httptools_impl.py", line 399, in run_asgi
    result = await app(  # type: ignore[func-returns-value]
             ^^^^^^^^^^^^^^^^^^^^^^^^^^^^^^^^^^^^^^^^^^^^^^
  File "C:\Users\zqmco\AppData\Local\hermes\hermes-agent\venv\Lib\site-packages\uvicorn\middleware\proxy_headers.py", line 70, in __call__
    return await self.app(scope, receive, send)
           ^^^^^^^^^^^^^^^^^^^^^^^^^^^^^^^^^^^^
  File "C:\Users\zqmco\AppData\Local\hermes\hermes-agent\venv\Lib\site-packages\fastapi\applications.py", line 1054, in __call__
    await super().__call__(scope, receive, send)
  File "C:\Users\zqmco\AppData\Local\hermes\hermes-agent\venv\Lib\site-packages\starlette\applications.py", line 113, in __call__
    await self.middleware_stack(scope, receive, send)
  File "C:\Users\zqmco\AppData\Local\hermes\hermes-agent\venv\Lib\site-packages\starlette\middleware\errors.py", line 187, in __call__
    raise exc
  File "C:\Users\zqmco\AppData\Local\hermes\hermes-agent\venv\Lib\site-packages\starlette\middleware\errors.py", line 165, in __call__
    await self.app(scope, receive, _send)
  File "C:\Users\zqmco\AppData\Local\hermes\hermes-agent\venv\Lib\site-packages\starlette\middleware\cors.py", line 85, in __call__
    await self.app(scope, receive, send)
  File "C:\Users\zqmco\AppData\Local\hermes\hermes-agent\venv\Lib\site-packages\starlette\middleware\exceptions.py", line 62, in __call__
    await wrap_app_handling_exceptions(self.app, conn)(scope, receive, send)
  File "C:\Users\zqmco\AppData\Local\hermes\hermes-agent\venv\Lib\site-packages\starlette\_exception_handler.py", line 62, in wrapped_app
    raise exc
  File "C:\Users\zqmco\AppData\Local\hermes\hermes-agent\venv\Lib\site-packages\starlette\_exception_handler.py", line 51, in wrapped_app
    await app(scope, receive, sender)
  File "C:\Users\zqmco\AppData\Local\hermes\hermes-agent\venv\Lib\site-packages\starlette\routing.py", line 715, in __call__
    await self.middleware_stack(scope, receive, send)
  File "C:\Users\zqmco\AppData\Local\hermes\hermes-agent\venv\Lib\site-packages\starlette\routing.py", line 735, in app
    await route.handle(scope, receive, send)
  File "C:\Users\zqmco\AppData\Local\hermes\hermes-agent\venv\Lib\site-packages\starlette\routing.py", line 288, in handle
    await self.app(scope, receive, send)
  File "C:\Users\zqmco\AppData\Local\hermes\hermes-agent\venv\Lib\site-packages\starlette\routing.py", line 76, in app
    await wrap_app_handling_exceptions(app, request)(scope, receive, send)
  File "C:\Users\zqmco\AppData\Local\hermes\hermes-agent\venv\Lib\site-packages\starlette\_exception_handler.py", line 62, in wrapped_app
    raise exc
  File "C:\Users\zqmco\AppData\Local\hermes\hermes-agent\venv\Lib\site-packages\starlette\_exception_handler.py", line 51, in wrapped_app
    await app(scope, receive, sender)
  File "C:\Users\zqmco\AppData\Local\hermes\hermes-agent\venv\Lib\site-packages\starlette\routing.py", line 73, in app
    response = await f(request)
               ^^^^^^^^^^^^^^^^
  File "C:\Users\zqmco\AppData\Local\hermes\hermes-agent\venv\Lib\site-packages\fastapi\routing.py", line 301, in app
    raw_response = await run_endpoint_function(
                   ^^^^^^^^^^^^^^^^^^^^^^^^^^^^
  File "C:\Users\zqmco\AppData\Local\hermes\hermes-agent\venv\Lib\site-packages\fastapi\routing.py", line 214, in run_endpoint_function
    return await run_in_threadpool(dependant.call, **values)
           ^^^^^^^^^^^^^^^^^^^^^^^^^^^^^^^^^^^^^^^^^^^^^^^^^
  File "C:\Users\zqmco\AppData\Local\hermes\hermes-agent\venv\Lib\site-packages\starlette\concurrency.py", line 39, in run_in_threadpool
    return await anyio.to_thread.run_sync(func, *args)
           ^^^^^^^^^^^^^^^^^^^^^^^^^^^^^^^^^^^^^^^^^^^
  File "C:\Users\zqmco\AppData\Local\hermes\hermes-agent\venv\Lib\site-packages\anyio\to_thread.py", line 63, in run_sync
    return await get_async_backend().run_sync_in_worker_thread(
           ^^^^^^^^^^^^^^^^^^^^^^^^^^^^^^^^^^^^^^^^^^^^^^^^^^^^
  File "C:\Users\zqmco\AppData\Local\hermes\hermes-agent\venv\Lib\site-packages\anyio\_backends\_asyncio.py", line 2502, in run_sync_in_worker_thread
    return await future
           ^^^^^^^^^^^^
  File "C:\Users\zqmco\AppData\Local\hermes\hermes-agent\venv\Lib\site-packages\anyio\_backends\_asyncio.py", line 986, in run
    result = context.run(func, *args)
             ^^^^^^^^^^^^^^^^^^^^^^^^
  File "C:\Users\zqmco\Docker\volusia-portal\backend\main.py", line 74, in get_map_layers
    rows = _db_rows("SELECT id, name, category, description, source, format, url FROM map_layers ORDER BY category, name")
           ^^^^^^^^^^^^^^^^^^^^^^^^^^^^^^^^^^^^^^^^^^^^^^^^^^^^^^^^^^^^^^^^^^^^^^^^^^^^^^^^^^^^^^^^^^^^^^^^^^^^^^^^^^^^^^^^
  File "C:\Users\zqmco\Docker\volusia-portal\backend\main.py", line 22, in _db_rows
    try: cur = conn.execute(query, params); return [dict(r) for r in cur.fetchall()]
               ^^^^^^^^^^^^^^^^^^^^^^^^^^^
sqlite3.OperationalError: no such table: map_layers
ERROR:    Exception in ASGI application
Traceback (most recent call last):
  File "C:\Users\zqmco\AppData\Local\hermes\hermes-agent\venv\Lib\site-packages\uvicorn\protocols\http\httptools_impl.py", line 399, in run_asgi
    result = await app(  # type: ignore[func-returns-value]
             ^^^^^^^^^^^^^^^^^^^^^^^^^^^^^^^^^^^^^^^^^^^^^^
  File "C:\Users\zqmco\AppData\Local\hermes\hermes-agent\venv\Lib\site-packages\uvicorn\middleware\proxy_headers.py", line 70, in __call__
    return await self.app(scope, receive, send)
           ^^^^^^^^^^^^^^^^^^^^^^^^^^^^^^^^^^^^
  File "C:\Users\zqmco\AppData\Local\hermes\hermes-agent\venv\Lib\site-packages\fastapi\applications.py", line 1054, in __call__
    await super().__call__(scope, receive, send)
  File "C:\Users\zqmco\AppData\Local\hermes\hermes-agent\venv\Lib\site-packages\starlette\applications.py", line 113, in __call__
    await self.middleware_stack(scope, receive, send)
  File "C:\Users\zqmco\AppData\Local\hermes\hermes-agent\venv\Lib\site-packages\starlette\middleware\errors.py", line 187, in __call__
    raise exc
  File "C:\Users\zqmco\AppData\Local\hermes\hermes-agent\venv\Lib\site-packages\starlette\middleware\errors.py", line 165, in __call__
    await self.app(scope, receive, _send)
  File "C:\Users\zqmco\AppData\Local\hermes\hermes-agent\venv\Lib\site-packages\starlette\middleware\cors.py", line 85, in __call__
    await self.app(scope, receive, send)
  File "C:\Users\zqmco\AppData\Local\hermes\hermes-agent\venv\Lib\site-packages\starlette\middleware\exceptions.py", line 62, in __call__
    await wrap_app_handling_exceptions(self.app, conn)(scope, receive, send)
  File "C:\Users\zqmco\AppData\Local\hermes\hermes-agent\venv\Lib\site-packages\starlette\_exception_handler.py", line 62, in wrapped_app
    raise exc
  File "C:\Users\zqmco\AppData\Local\hermes\hermes-agent\venv\Lib\site-packages\starlette\_exception_handler.py", line 51, in wrapped_app
    await app(scope, receive, sender)
  File "C:\Users\zqmco\AppData\Local\hermes\hermes-agent\venv\Lib\site-packages\starlette\routing.py", line 715, in __call__
    await self.middleware_stack(scope, receive, send)
  File "C:\Users\zqmco\AppData\Local\hermes\hermes-agent\venv\Lib\site-packages\starlette\routing.py", line 735, in app
    await route.handle(scope, receive, send)
  File "C:\Users\zqmco\AppData\Local\hermes\hermes-agent\venv\Lib\site-packages\starlette\routing.py", line 288, in handle
    await self.app(scope, receive, send)
  File "C:\Users\zqmco\AppData\Local\hermes\hermes-agent\venv\Lib\site-packages\starlette\routing.py", line 76, in app
    await wrap_app_handling_exceptions(app, request)(scope, receive, send)
  File "C:\Users\zqmco\AppData\Local\hermes\hermes-agent\venv\Lib\site-packages\starlette\_exception_handler.py", line 62, in wrapped_app
    raise exc
  File "C:\Users\zqmco\AppData\Local\hermes\hermes-agent\venv\Lib\site-packages\starlette\_exception_handler.py", line 51, in wrapped_app
    await app(scope, receive, sender)
  File "C:\Users\zqmco\AppData\Local\hermes\hermes-agent\venv\Lib\site-packages\starlette\routing.py", line 73, in app
    response = await f(request)
               ^^^^^^^^^^^^^^^^
  File "C:\Users\zqmco\AppData\Local\hermes\hermes-agent\venv\Lib\site-packages\fastapi\routing.py", line 301, in app
    raw_response = await run_endpoint_function(
                   ^^^^^^^^^^^^^^^^^^^^^^^^^^^^
  File "C:\Users\zqmco\AppData\Local\hermes\hermes-agent\venv\Lib\site-packages\fastapi\routing.py", line 214, in run_endpoint_function
    return await run_in_threadpool(dependant.call, **values)
           ^^^^^^^^^^^^^^^^^^^^^^^^^^^^^^^^^^^^^^^^^^^^^^^^^
  File "C:\Users\zqmco\AppData\Local\hermes\hermes-agent\venv\Lib\site-packages\starlette\concurrency.py", line 39, in run_in_threadpool
    return await anyio.to_thread.run_sync(func, *args)
           ^^^^^^^^^^^^^^^^^^^^^^^^^^^^^^^^^^^^^^^^^^^
  File "C:\Users\zqmco\AppData\Local\hermes\hermes-agent\venv\Lib\site-packages\anyio\to_thread.py", line 63, in run_sync
    return await get_async_backend().run_sync_in_worker_thread(
           ^^^^^^^^^^^^^^^^^^^^^^^^^^^^^^^^^^^^^^^^^^^^^^^^^^^^
  File "C:\Users\zqmco\AppData\Local\hermes\hermes-agent\venv\Lib\site-packages\anyio\_backends\_asyncio.py", line 2502, in run_sync_in_worker_thread
    return await future
           ^^^^^^^^^^^^
  File "C:\Users\zqmco\AppData\Local\hermes\hermes-agent\venv\Lib\site-packages\anyio\_backends\_asyncio.py", line 986, in run
    result = context.run(func, *args)
             ^^^^^^^^^^^^^^^^^^^^^^^^
  File "C:\Users\zqmco\Docker\volusia-portal\backend\main.py", line 74, in get_map_layers
    rows = _db_rows("SELECT id, name, category, description, source, format, url FROM map_layers ORDER BY category, name")
           ^^^^^^^^^^^^^^^^^^^^^^^^^^^^^^^^^^^^^^^^^^^^^^^^^^^^^^^^^^^^^^^^^^^^^^^^^^^^^^^^^^^^^^^^^^^^^^^^^^^^^^^^^^^^^^^^
  File "C:\Users\zqmco\Docker\volusia-portal\backend\main.py", line 22, in _db_rows
    try: cur = conn.execute(query, params); return [dict(r) for r in cur.fetchall()]
               ^^^^^^^^^^^^^^^^^^^^^^^^^^^
sqlite3.OperationalError: no such table: map_layers
ERROR:    Exception in ASGI application
Traceback (most recent call last):
  File "C:\Users\zqmco\AppData\Local\hermes\hermes-agent\venv\Lib\site-packages\uvicorn\protocols\http\httptools_impl.py", line 399, in run_asgi
    result = await app(  # type: ignore[func-returns-value]
             ^^^^^^^^^^^^^^^^^^^^^^^^^^^^^^^^^^^^^^^^^^^^^^
  File "C:\Users\zqmco\AppData\Local\hermes\hermes-agent\venv\Lib\site-packages\uvicorn\middleware\proxy_headers.py", line 70, in __call__
    return await self.app(scope, receive, send)
           ^^^^^^^^^^^^^^^^^^^^^^^^^^^^^^^^^^^^
  File "C:\Users\zqmco\AppData\Local\hermes\hermes-agent\venv\Lib\site-packages\fastapi\applications.py", line 1054, in __call__
    await super().__call__(scope, receive, send)
  File "C:\Users\zqmco\AppData\Local\hermes\hermes-agent\venv\Lib\site-packages\starlette\applications.py", line 113, in __call__
    await self.middleware_stack(scope, receive, send)
  File "C:\Users\zqmco\AppData\Local\hermes\hermes-agent\venv\Lib\site-packages\starlette\middleware\errors.py", line 187, in __call__
    raise exc
  File "C:\Users\zqmco\AppData\Local\hermes\hermes-agent\venv\Lib\site-packages\starlette\middleware\errors.py", line 165, in __call__
    await self.app(scope, receive, _send)
  File "C:\Users\zqmco\AppData\Local\hermes\hermes-agent\venv\Lib\site-packages\starlette\middleware\cors.py", line 85, in __call__
    await self.app(scope, receive, send)
  File "C:\Users\zqmco\AppData\Local\hermes\hermes-agent\venv\Lib\site-packages\starlette\middleware\exceptions.py", line 62, in __call__
    await wrap_app_handling_exceptions(self.app, conn)(scope, receive, send)
  File "C:\Users\zqmco\AppData\Local\hermes\hermes-agent\venv\Lib\site-packages\starlette\_exception_handler.py", line 62, in wrapped_app
    raise exc
  File "C:\Users\zqmco\AppData\Local\hermes\hermes-agent\venv\Lib\site-packages\starlette\_exception_handler.py", line 51, in wrapped_app
    await app(scope, receive, sender)
  File "C:\Users\zqmco\AppData\Local\hermes\hermes-agent\venv\Lib\site-packages\starlette\routing.py", line 715, in __call__
    await self.middleware_stack(scope, receive, send)
  File "C:\Users\zqmco\AppData\Local\hermes\hermes-agent\venv\Lib\site-packages\starlette\routing.py", line 735, in app
    await route.handle(scope, receive, send)
  File "C:\Users\zqmco\AppData\Local\hermes\hermes-agent\venv\Lib\site-packages\starlette\routing.py", line 288, in handle
    await self.app(scope, receive, send)
  File "C:\Users\zqmco\AppData\Local\hermes\hermes-agent\venv\Lib\site-packages\starlette\routing.py", line 76, in app
    await wrap_app_handling_exceptions(app, request)(scope, receive, send)
  File "C:\Users\zqmco\AppData\Local\hermes\hermes-agent\venv\Lib\site-packages\starlette\_exception_handler.py", line 62, in wrapped_app
    raise exc
  File "C:\Users\zqmco\AppData\Local\hermes\hermes-agent\venv\Lib\site-packages\starlette\_exception_handler.py", line 51, in wrapped_app
    await app(scope, receive, sender)
  File "C:\Users\zqmco\AppData\Local\hermes\hermes-agent\venv\Lib\site-packages\starlette\routing.py", line 73, in app
    response = await f(request)
               ^^^^^^^^^^^^^^^^
  File "C:\Users\zqmco\AppData\Local\hermes\hermes-agent\venv\Lib\site-packages\fastapi\routing.py", line 301, in app
    raw_response = await run_endpoint_function(
                   ^^^^^^^^^^^^^^^^^^^^^^^^^^^^
  File "C:\Users\zqmco\AppData\Local\hermes\hermes-agent\venv\Lib\site-packages\fastapi\routing.py", line 214, in run_endpoint_function
    return await run_in_threadpool(dependant.call, **values)
           ^^^^^^^^^^^^^^^^^^^^^^^^^^^^^^^^^^^^^^^^^^^^^^^^^
  File "C:\Users\zqmco\AppData\Local\hermes\hermes-agent\venv\Lib\site-packages\starlette\concurrency.py", line 39, in run_in_threadpool
    return await anyio.to_thread.run_sync(func, *args)
           ^^^^^^^^^^^^^^^^^^^^^^^^^^^^^^^^^^^^^^^^^^^
  File "C:\Users\zqmco\AppData\Local\hermes\hermes-agent\venv\Lib\site-packages\anyio\to_thread.py", line 63, in run_sync
    return await get_async_backend().run_sync_in_worker_thread(
           ^^^^^^^^^^^^^^^^^^^^^^^^^^^^^^^^^^^^^^^^^^^^^^^^^^^^
  File "C:\Users\zqmco\AppData\Local\hermes\hermes-agent\venv\Lib\site-packages\anyio\_backends\_asyncio.py", line 2502, in run_sync_in_worker_thread
    return await future
           ^^^^^^^^^^^^
  File "C:\Users\zqmco\AppData\Local\hermes\hermes-agent\venv\Lib\site-packages\anyio\_backends\_asyncio.py", line 986, in run
    result = context.run(func, *args)
             ^^^^^^^^^^^^^^^^^^^^^^^^
  File "C:\Users\zqmco\Docker\volusia-portal\backend\main.py", line 74, in get_map_layers
    rows = _db_rows("SELECT id, name, category, description, source, format, url FROM map_layers ORDER BY category, name")
           ^^^^^^^^^^^^^^^^^^^^^^^^^^^^^^^^^^^^^^^^^^^^^^^^^^^^^^^^^^^^^^^^^^^^^^^^^^^^^^^^^^^^^^^^^^^^^^^^^^^^^^^^^^^^^^^^
  File "C:\Users\zqmco\Docker\volusia-portal\backend\main.py", line 22, in _db_rows
    try: cur = conn.execute(query, params); return [dict(r) for r in cur.fetchall()]
               ^^^^^^^^^^^^^^^^^^^^^^^^^^^
sqlite3.OperationalError: no such table: map_layers
Traceback (most recent call last):
  File "<frozen runpy>", line 198, in _run_module_as_main
  File "<frozen runpy>", line 88, in _run_code
  File "C:\Users\zqmco\AppData\Local\hermes\hermes-agent\venv\Lib\site-packages\uvicorn\__main__.py", line 4, in <module>
    uvicorn.main()
  File "C:\Users\zqmco\AppData\Local\hermes\hermes-agent\venv\Lib\site-packages\click\core.py", line 1631, in __call__
    return self.main(*args, **kwargs)
           ^^^^^^^^^^^^^^^^^^^^^^^^^^
  File "C:\Users\zqmco\AppData\Local\hermes\hermes-agent\venv\Lib\site-packages\click\core.py", line 1552, in main
    rv = self.invoke(ctx)
         ^^^^^^^^^^^^^^^^
  File "C:\Users\zqmco\AppData\Local\hermes\hermes-agent\venv\Lib\site-packages\click\core.py", line 1415, in invoke
    return ctx.invoke(self.callback, **ctx.params)
           ^^^^^^^^^^^^^^^^^^^^^^^^^^^^^^^^^^^^^^^
  File "C:\Users\zqmco\AppData\Local\hermes\hermes-agent\venv\Lib\site-packages\click\core.py", line 910, in invoke
    return callback(*args, **kwargs)
           ^^^^^^^^^^^^^^^^^^^^^^^^^
  File "C:\Users\zqmco\AppData\Local\hermes\hermes-agent\venv\Lib\site-packages\uvicorn\main.py", line 410, in main
    run(
  File "C:\Users\zqmco\AppData\Local\hermes\hermes-agent\venv\Lib\site-packages\uvicorn\main.py", line 577, in run
    server.run()
  File "C:\Users\zqmco\AppData\Local\hermes\hermes-agent\venv\Lib\site-packages\uvicorn\server.py", line 65, in run
    return asyncio.run(self.serve(sockets=sockets))
           ^^^^^^^^^^^^^^^^^^^^^^^^^^^^^^^^^^^^^^^^
  File "C:\Users\zqmco\AppData\Roaming\uv\python\cpython-3.11-windows-x86_64-none\Lib\asyncio\runners.py", line 190, in run
    return runner.run(main)
           ^^^^^^^^^^^^^^^^
  File "C:\Users\zqmco\AppData\Roaming\uv\python\cpython-3.11-windows-x86_64-none\Lib\asyncio\runners.py", line 118, in run
    return self._loop.run_until_complete(task)
           ^^^^^^^^^^^^^^^^^^^^^^^^^^^^^^^^^^^
  File "C:\Users\zqmco\AppData\Roaming\uv\python\cpython-3.11-windows-x86_64-none\Lib\asyncio\base_events.py", line 654, in run_until_complete
    return future.result()
           ^^^^^^^^^^^^^^^
  File "C:\Users\zqmco\AppData\Local\hermes\hermes-agent\venv\Lib\site-packages\uvicorn\server.py", line 69, in serve
    await self._serve(sockets)
  File "C:\Users\zqmco\AppData\Local\hermes\hermes-agent\venv\Lib\site-packages\uvicorn\server.py", line 76, in _serve
    config.load()
  File "C:\Users\zqmco\AppData\Local\hermes\hermes-agent\venv\Lib\site-packages\uvicorn\config.py", line 434, in load
    self.loaded_app = import_from_string(self.app)
                      ^^^^^^^^^^^^^^^^^^^^^^^^^^^^
  File "C:\Users\zqmco\AppData\Local\hermes\hermes-agent\venv\Lib\site-packages\uvicorn\importer.py", line 19, in import_from_string
    module = importlib.import_module(module_str)
             ^^^^^^^^^^^^^^^^^^^^^^^^^^^^^^^^^^^
  File "C:\Users\zqmco\AppData\Roaming\uv\python\cpython-3.11-windows-x86_64-none\Lib\importlib\__init__.py", line 126, in import_module
    return _bootstrap._gcd_import(name[level:], package, level)
           ^^^^^^^^^^^^^^^^^^^^^^^^^^^^^^^^^^^^^^^^^^^^^^^^^^^^
  File "<frozen importlib._bootstrap>", line 1204, in _gcd_import
  File "<frozen importlib._bootstrap>", line 1176, in _find_and_load
  File "<frozen importlib._bootstrap>", line 1147, in _find_and_load_unlocked
  File "<frozen importlib._bootstrap>", line 690, in _load_unlocked
  File "<frozen importlib._bootstrap_external>", line 936, in exec_module
  File "<frozen importlib._bootstrap_external>", line 1074, in get_code
  File "<frozen importlib._bootstrap_external>", line 1004, in source_to_code
  File "<frozen importlib._bootstrap>", line 241, in _call_with_frames_removed
  File "C:\Users\zqmco\Docker\volusia-portal\backend\main.py", line 89
    import os as _os as _os2
                     ^^
SyntaxError: invalid syntax
Traceback (most recent call last):
  File "<frozen runpy>", line 198, in _run_module_as_main
  File "<frozen runpy>", line 88, in _run_code
  File "C:\Users\zqmco\AppData\Local\hermes\hermes-agent\venv\Lib\site-packages\uvicorn\__main__.py", line 4, in <module>
    uvicorn.main()
  File "C:\Users\zqmco\AppData\Local\hermes\hermes-agent\venv\Lib\site-packages\click\core.py", line 1631, in __call__
    return self.main(*args, **kwargs)
           ^^^^^^^^^^^^^^^^^^^^^^^^^^
  File "C:\Users\zqmco\AppData\Local\hermes\hermes-agent\venv\Lib\site-packages\click\core.py", line 1552, in main
    rv = self.invoke(ctx)
         ^^^^^^^^^^^^^^^^
  File "C:\Users\zqmco\AppData\Local\hermes\hermes-agent\venv\Lib\site-packages\click\core.py", line 1415, in invoke
    return ctx.invoke(self.callback, **ctx.params)
           ^^^^^^^^^^^^^^^^^^^^^^^^^^^^^^^^^^^^^^^
  File "C:\Users\zqmco\AppData\Local\hermes\hermes-agent\venv\Lib\site-packages\click\core.py", line 910, in invoke
    return callback(*args, **kwargs)
           ^^^^^^^^^^^^^^^^^^^^^^^^^
  File "C:\Users\zqmco\AppData\Local\hermes\hermes-agent\venv\Lib\site-packages\uvicorn\main.py", line 410, in main
    run(
  File "C:\Users\zqmco\AppData\Local\hermes\hermes-agent\venv\Lib\site-packages\uvicorn\main.py", line 577, in run
    server.run()
  File "C:\Users\zqmco\AppData\Local\hermes\hermes-agent\venv\Lib\site-packages\uvicorn\server.py", line 65, in run
    return asyncio.run(self.serve(sockets=sockets))
           ^^^^^^^^^^^^^^^^^^^^^^^^^^^^^^^^^^^^^^^^
  File "C:\Users\zqmco\AppData\Roaming\uv\python\cpython-3.11-windows-x86_64-none\Lib\asyncio\runners.py", line 190, in run
    return runner.run(main)
           ^^^^^^^^^^^^^^^^
  File "C:\Users\zqmco\AppData\Roaming\uv\python\cpython-3.11-windows-x86_64-none\Lib\asyncio\runners.py", line 118, in run
    return self._loop.run_until_complete(task)
           ^^^^^^^^^^^^^^^^^^^^^^^^^^^^^^^^^^^
  File "C:\Users\zqmco\AppData\Roaming\uv\python\cpython-3.11-windows-x86_64-none\Lib\asyncio\base_events.py", line 654, in run_until_complete
    return future.result()
           ^^^^^^^^^^^^^^^
  File "C:\Users\zqmco\AppData\Local\hermes\hermes-agent\venv\Lib\site-packages\uvicorn\server.py", line 69, in serve
    await self._serve(sockets)
  File "C:\Users\zqmco\AppData\Local\hermes\hermes-agent\venv\Lib\site-packages\uvicorn\server.py", line 76, in _serve
    config.load()
  File "C:\Users\zqmco\AppData\Local\hermes\hermes-agent\venv\Lib\site-packages\uvicorn\config.py", line 434, in load
    self.loaded_app = import_from_string(self.app)
                      ^^^^^^^^^^^^^^^^^^^^^^^^^^^^
  File "C:\Users\zqmco\AppData\Local\hermes\hermes-agent\venv\Lib\site-packages\uvicorn\importer.py", line 19, in import_from_string
    module = importlib.import_module(module_str)
             ^^^^^^^^^^^^^^^^^^^^^^^^^^^^^^^^^^^
  File "C:\Users\zqmco\AppData\Roaming\uv\python\cpython-3.11-windows-x86_64-none\Lib\importlib\__init__.py", line 126, in import_module
    return _bootstrap._gcd_import(name[level:], package, level)
           ^^^^^^^^^^^^^^^^^^^^^^^^^^^^^^^^^^^^^^^^^^^^^^^^^^^^
  File "<frozen importlib._bootstrap>", line 1204, in _gcd_import
  File "<frozen importlib._bootstrap>", line 1176, in _find_and_load
  File "<frozen importlib._bootstrap>", line 1147, in _find_and_load_unlocked
  File "<frozen importlib._bootstrap>", line 690, in _load_unlocked
  File "<frozen importlib._bootstrap_external>", line 936, in exec_module
  File "<frozen importlib._bootstrap_external>", line 1074, in get_code
  File "<frozen importlib._bootstrap_external>", line 1004, in source_to_code
  File "<frozen importlib._bootstrap>", line 241, in _call_with_frames_removed
  File "C:\Users\zqmco\Docker\volusia-portal\backend\main.py", line 89
    import os as _os as _os2
                     ^^
SyntaxError: invalid syntax
Traceback (most recent call last):
  File "<frozen runpy>", line 198, in _run_module_as_main
  File "<frozen runpy>", line 88, in _run_code
  File "C:\Users\zqmco\AppData\Local\hermes\hermes-agent\venv\Lib\site-packages\uvicorn\__main__.py", line 4, in <module>
    uvicorn.main()
  File "C:\Users\zqmco\AppData\Local\hermes\hermes-agent\venv\Lib\site-packages\click\core.py", line 1631, in __call__
    return self.main(*args, **kwargs)
           ^^^^^^^^^^^^^^^^^^^^^^^^^^
  File "C:\Users\zqmco\AppData\Local\hermes\hermes-agent\venv\Lib\site-packages\click\core.py", line 1552, in main
    rv = self.invoke(ctx)
         ^^^^^^^^^^^^^^^^
  File "C:\Users\zqmco\AppData\Local\hermes\hermes-agent\venv\Lib\site-packages\click\core.py", line 1415, in invoke
    return ctx.invoke(self.callback, **ctx.params)
           ^^^^^^^^^^^^^^^^^^^^^^^^^^^^^^^^^^^^^^^
  File "C:\Users\zqmco\AppData\Local\hermes\hermes-agent\venv\Lib\site-packages\click\core.py", line 910, in invoke
    return callback(*args, **kwargs)
           ^^^^^^^^^^^^^^^^^^^^^^^^^
  File "C:\Users\zqmco\AppData\Local\hermes\hermes-agent\venv\Lib\site-packages\uvicorn\main.py", line 410, in main
    run(
  File "C:\Users\zqmco\AppData\Local\hermes\hermes-agent\venv\Lib\site-packages\uvicorn\main.py", line 577, in run
    server.run()
  File "C:\Users\zqmco\AppData\Local\hermes\hermes-agent\venv\Lib\site-packages\uvicorn\server.py", line 65, in run
    return asyncio.run(self.serve(sockets=sockets))
           ^^^^^^^^^^^^^^^^^^^^^^^^^^^^^^^^^^^^^^^^
  File "C:\Users\zqmco\AppData\Roaming\uv\python\cpython-3.11-windows-x86_64-none\Lib\asyncio\runners.py", line 190, in run
    return runner.run(main)
           ^^^^^^^^^^^^^^^^
  File "C:\Users\zqmco\AppData\Roaming\uv\python\cpython-3.11-windows-x86_64-none\Lib\asyncio\runners.py", line 118, in run
    return self._loop.run_until_complete(task)
           ^^^^^^^^^^^^^^^^^^^^^^^^^^^^^^^^^^^
  File "C:\Users\zqmco\AppData\Roaming\uv\python\cpython-3.11-windows-x86_64-none\Lib\asyncio\base_events.py", line 654, in run_until_complete
    return future.result()
           ^^^^^^^^^^^^^^^
  File "C:\Users\zqmco\AppData\Local\hermes\hermes-agent\venv\Lib\site-packages\uvicorn\server.py", line 69, in serve
    await self._serve(sockets)
  File "C:\Users\zqmco\AppData\Local\hermes\hermes-agent\venv\Lib\site-packages\uvicorn\server.py", line 76, in _serve
    config.load()
  File "C:\Users\zqmco\AppData\Local\hermes\hermes-agent\venv\Lib\site-packages\uvicorn\config.py", line 434, in load
    self.loaded_app = import_from_string(self.app)
                      ^^^^^^^^^^^^^^^^^^^^^^^^^^^^
  File "C:\Users\zqmco\AppData\Local\hermes\hermes-agent\venv\Lib\site-packages\uvicorn\importer.py", line 19, in import_from_string
    module = importlib.import_module(module_str)
             ^^^^^^^^^^^^^^^^^^^^^^^^^^^^^^^^^^^
  File "C:\Users\zqmco\AppData\Roaming\uv\python\cpython-3.11-windows-x86_64-none\Lib\importlib\__init__.py", line 126, in import_module
    return _bootstrap._gcd_import(name[level:], package, level)
           ^^^^^^^^^^^^^^^^^^^^^^^^^^^^^^^^^^^^^^^^^^^^^^^^^^^^
  File "<frozen importlib._bootstrap>", line 1204, in _gcd_import
  File "<frozen importlib._bootstrap>", line 1176, in _find_and_load
  File "<frozen importlib._bootstrap>", line 1147, in _find_and_load_unlocked
  File "<frozen importlib._bootstrap>", line 690, in _load_unlocked
  File "<frozen importlib._bootstrap_external>", line 936, in exec_module
  File "<frozen importlib._bootstrap_external>", line 1074, in get_code
  File "<frozen importlib._bootstrap_external>", line 1004, in source_to_code
  File "<frozen importlib._bootstrap>", line 241, in _call_with_frames_removed
  File "C:\Users\zqmco\Docker\volusia-portal\backend\main.py", line 89
    import os as _os as _os2
                     ^^
SyntaxError: invalid syntax
Traceback (most recent call last):
  File "<frozen runpy>", line 198, in _run_module_as_main
  File "<frozen runpy>", line 88, in _run_code
  File "C:\Users\zqmco\AppData\Local\hermes\hermes-agent\venv\Lib\site-packages\uvicorn\__main__.py", line 4, in <module>
    uvicorn.main()
  File "C:\Users\zqmco\AppData\Local\hermes\hermes-agent\venv\Lib\site-packages\click\core.py", line 1631, in __call__
    return self.main(*args, **kwargs)
           ^^^^^^^^^^^^^^^^^^^^^^^^^^
  File "C:\Users\zqmco\AppData\Local\hermes\hermes-agent\venv\Lib\site-packages\click\core.py", line 1552, in main
    rv = self.invoke(ctx)
         ^^^^^^^^^^^^^^^^
  File "C:\Users\zqmco\AppData\Local\hermes\hermes-agent\venv\Lib\site-packages\click\core.py", line 1415, in invoke
    return ctx.invoke(self.callback, **ctx.params)
           ^^^^^^^^^^^^^^^^^^^^^^^^^^^^^^^^^^^^^^^
  File "C:\Users\zqmco\AppData\Local\hermes\hermes-agent\venv\Lib\site-packages\click\core.py", line 910, in invoke
    return callback(*args, **kwargs)
           ^^^^^^^^^^^^^^^^^^^^^^^^^
  File "C:\Users\zqmco\AppData\Local\hermes\hermes-agent\venv\Lib\site-packages\uvicorn\main.py", line 410, in main
    run(
  File "C:\Users\zqmco\AppData\Local\hermes\hermes-agent\venv\Lib\site-packages\uvicorn\main.py", line 577, in run
    server.run()
  File "C:\Users\zqmco\AppData\Local\hermes\hermes-agent\venv\Lib\site-packages\uvicorn\server.py", line 65, in run
    return asyncio.run(self.serve(sockets=sockets))
           ^^^^^^^^^^^^^^^^^^^^^^^^^^^^^^^^^^^^^^^^
  File "C:\Users\zqmco\AppData\Roaming\uv\python\cpython-3.11-windows-x86_64-none\Lib\asyncio\runners.py", line 190, in run
    return runner.run(main)
           ^^^^^^^^^^^^^^^^
  File "C:\Users\zqmco\AppData\Roaming\uv\python\cpython-3.11-windows-x86_64-none\Lib\asyncio\runners.py", line 118, in run
    return self._loop.run_until_complete(task)
           ^^^^^^^^^^^^^^^^^^^^^^^^^^^^^^^^^^^
  File "C:\Users\zqmco\AppData\Roaming\uv\python\cpython-3.11-windows-x86_64-none\Lib\asyncio\base_events.py", line 654, in run_until_complete
    return future.result()
           ^^^^^^^^^^^^^^^
  File "C:\Users\zqmco\AppData\Local\hermes\hermes-agent\venv\Lib\site-packages\uvicorn\server.py", line 69, in serve
    await self._serve(sockets)
  File "C:\Users\zqmco\AppData\Local\hermes\hermes-agent\venv\Lib\site-packages\uvicorn\server.py", line 76, in _serve
    config.load()
  File "C:\Users\zqmco\AppData\Local\hermes\hermes-agent\venv\Lib\site-packages\uvicorn\config.py", line 434, in load
    self.loaded_app = import_from_string(self.app)
                      ^^^^^^^^^^^^^^^^^^^^^^^^^^^^
  File "C:\Users\zqmco\AppData\Local\hermes\hermes-agent\venv\Lib\site-packages\uvicorn\importer.py", line 19, in import_from_string
    module = importlib.import_module(module_str)
             ^^^^^^^^^^^^^^^^^^^^^^^^^^^^^^^^^^^
  File "C:\Users\zqmco\AppData\Roaming\uv\python\cpython-3.11-windows-x86_64-none\Lib\importlib\__init__.py", line 126, in import_module
    return _bootstrap._gcd_import(name[level:], package, level)
           ^^^^^^^^^^^^^^^^^^^^^^^^^^^^^^^^^^^^^^^^^^^^^^^^^^^^
  File "<frozen importlib._bootstrap>", line 1204, in _gcd_import
  File "<frozen importlib._bootstrap>", line 1176, in _find_and_load
  File "<frozen importlib._bootstrap>", line 1147, in _find_and_load_unlocked
  File "<frozen importlib._bootstrap>", line 690, in _load_unlocked
  File "<frozen importlib._bootstrap_external>", line 936, in exec_module
  File "<frozen importlib._bootstrap_external>", line 1074, in get_code
  File "<frozen importlib._bootstrap_external>", line 1004, in source_to_code
  File "<frozen importlib._bootstrap>", line 241, in _call_with_frames_removed
  File "C:\Users\zqmco\Docker\volusia-portal\backend\main.py", line 89
    import os as _os as _os2
                     ^^
SyntaxError: invalid syntax
Traceback (most recent call last):
  File "<frozen runpy>", line 198, in _run_module_as_main
  File "<frozen runpy>", line 88, in _run_code
  File "C:\Users\zqmco\AppData\Local\hermes\hermes-agent\venv\Lib\site-packages\uvicorn\__main__.py", line 4, in <module>
    uvicorn.main()
  File "C:\Users\zqmco\AppData\Local\hermes\hermes-agent\venv\Lib\site-packages\click\core.py", line 1631, in __call__
    return self.main(*args, **kwargs)
           ^^^^^^^^^^^^^^^^^^^^^^^^^^
  File "C:\Users\zqmco\AppData\Local\hermes\hermes-agent\venv\Lib\site-packages\click\core.py", line 1552, in main
    rv = self.invoke(ctx)
         ^^^^^^^^^^^^^^^^
  File "C:\Users\zqmco\AppData\Local\hermes\hermes-agent\venv\Lib\site-packages\click\core.py", line 1415, in invoke
    return ctx.invoke(self.callback, **ctx.params)
           ^^^^^^^^^^^^^^^^^^^^^^^^^^^^^^^^^^^^^^^
  File "C:\Users\zqmco\AppData\Local\hermes\hermes-agent\venv\Lib\site-packages\click\core.py", line 910, in invoke
    return callback(*args, **kwargs)
           ^^^^^^^^^^^^^^^^^^^^^^^^^
  File "C:\Users\zqmco\AppData\Local\hermes\hermes-agent\venv\Lib\site-packages\uvicorn\main.py", line 410, in main
    run(
  File "C:\Users\zqmco\AppData\Local\hermes\hermes-agent\venv\Lib\site-packages\uvicorn\main.py", line 577, in run
    server.run()
  File "C:\Users\zqmco\AppData\Local\hermes\hermes-agent\venv\Lib\site-packages\uvicorn\server.py", line 65, in run
    return asyncio.run(self.serve(sockets=sockets))
           ^^^^^^^^^^^^^^^^^^^^^^^^^^^^^^^^^^^^^^^^
  File "C:\Users\zqmco\AppData\Roaming\uv\python\cpython-3.11-windows-x86_64-none\Lib\asyncio\runners.py", line 190, in run
    return runner.run(main)
           ^^^^^^^^^^^^^^^^
  File "C:\Users\zqmco\AppData\Roaming\uv\python\cpython-3.11-windows-x86_64-none\Lib\asyncio\runners.py", line 118, in run
    return self._loop.run_until_complete(task)
           ^^^^^^^^^^^^^^^^^^^^^^^^^^^^^^^^^^^
  File "C:\Users\zqmco\AppData\Roaming\uv\python\cpython-3.11-windows-x86_64-none\Lib\asyncio\base_events.py", line 654, in run_until_complete
    return future.result()
           ^^^^^^^^^^^^^^^
  File "C:\Users\zqmco\AppData\Local\hermes\hermes-agent\venv\Lib\site-packages\uvicorn\server.py", line 69, in serve
    await self._serve(sockets)
  File "C:\Users\zqmco\AppData\Local\hermes\hermes-agent\venv\Lib\site-packages\uvicorn\server.py", line 76, in _serve
    config.load()
  File "C:\Users\zqmco\AppData\Local\hermes\hermes-agent\venv\Lib\site-packages\uvicorn\config.py", line 434, in load
    self.loaded_app = import_from_string(self.app)
                      ^^^^^^^^^^^^^^^^^^^^^^^^^^^^
  File "C:\Users\zqmco\AppData\Local\hermes\hermes-agent\venv\Lib\site-packages\uvicorn\importer.py", line 19, in import_from_string
    module = importlib.import_module(module_str)
             ^^^^^^^^^^^^^^^^^^^^^^^^^^^^^^^^^^^
  File "C:\Users\zqmco\AppData\Roaming\uv\python\cpython-3.11-windows-x86_64-none\Lib\importlib\__init__.py", line 126, in import_module
    return _bootstrap._gcd_import(name[level:], package, level)
           ^^^^^^^^^^^^^^^^^^^^^^^^^^^^^^^^^^^^^^^^^^^^^^^^^^^^
  File "<frozen importlib._bootstrap>", line 1204, in _gcd_import
  File "<frozen importlib._bootstrap>", line 1176, in _find_and_load
  File "<frozen importlib._bootstrap>", line 1147, in _find_and_load_unlocked
  File "<frozen importlib._bootstrap>", line 690, in _load_unlocked
  File "<frozen importlib._bootstrap_external>", line 936, in exec_module
  File "<frozen importlib._bootstrap_external>", line 1074, in get_code
  File "<frozen importlib._bootstrap_external>", line 1004, in source_to_code
  File "<frozen importlib._bootstrap>", line 241, in _call_with_frames_removed
  File "C:\Users\zqmco\Docker\volusia-portal\backend\main.py", line 89
    import os as _os as _os2
                     ^^
SyntaxError: invalid syntax
Traceback (most recent call last):
  File "<frozen runpy>", line 198, in _run_module_as_main
  File "<frozen runpy>", line 88, in _run_code
  File "C:\Users\zqmco\AppData\Local\hermes\hermes-agent\venv\Lib\site-packages\uvicorn\__main__.py", line 4, in <module>
    uvicorn.main()
  File "C:\Users\zqmco\AppData\Local\hermes\hermes-agent\venv\Lib\site-packages\click\core.py", line 1631, in __call__
    return self.main(*args, **kwargs)
           ^^^^^^^^^^^^^^^^^^^^^^^^^^
  File "C:\Users\zqmco\AppData\Local\hermes\hermes-agent\venv\Lib\site-packages\click\core.py", line 1552, in main
    rv = self.invoke(ctx)
         ^^^^^^^^^^^^^^^^
  File "C:\Users\zqmco\AppData\Local\hermes\hermes-agent\venv\Lib\site-packages\click\core.py", line 1415, in invoke
    return ctx.invoke(self.callback, **ctx.params)
           ^^^^^^^^^^^^^^^^^^^^^^^^^^^^^^^^^^^^^^^
  File "C:\Users\zqmco\AppData\Local\hermes\hermes-agent\venv\Lib\site-packages\click\core.py", line 910, in invoke
    return callback(*args, **kwargs)
           ^^^^^^^^^^^^^^^^^^^^^^^^^
  File "C:\Users\zqmco\AppData\Local\hermes\hermes-agent\venv\Lib\site-packages\uvicorn\main.py", line 410, in main
    run(
  File "C:\Users\zqmco\AppData\Local\hermes\hermes-agent\venv\Lib\site-packages\uvicorn\main.py", line 577, in run
    server.run()
  File "C:\Users\zqmco\AppData\Local\hermes\hermes-agent\venv\Lib\site-packages\uvicorn\server.py", line 65, in run
    return asyncio.run(self.serve(sockets=sockets))
           ^^^^^^^^^^^^^^^^^^^^^^^^^^^^^^^^^^^^^^^^
  File "C:\Users\zqmco\AppData\Roaming\uv\python\cpython-3.11-windows-x86_64-none\Lib\asyncio\runners.py", line 190, in run
    return runner.run(main)
           ^^^^^^^^^^^^^^^^
  File "C:\Users\zqmco\AppData\Roaming\uv\python\cpython-3.11-windows-x86_64-none\Lib\asyncio\runners.py", line 118, in run
    return self._loop.run_until_complete(task)
           ^^^^^^^^^^^^^^^^^^^^^^^^^^^^^^^^^^^
  File "C:\Users\zqmco\AppData\Roaming\uv\python\cpython-3.11-windows-x86_64-none\Lib\asyncio\base_events.py", line 654, in run_until_complete
    return future.result()
           ^^^^^^^^^^^^^^^
  File "C:\Users\zqmco\AppData\Local\hermes\hermes-agent\venv\Lib\site-packages\uvicorn\server.py", line 69, in serve
    await self._serve(sockets)
  File "C:\Users\zqmco\AppData\Local\hermes\hermes-agent\venv\Lib\site-packages\uvicorn\server.py", line 76, in _serve
    config.load()
  File "C:\Users\zqmco\AppData\Local\hermes\hermes-agent\venv\Lib\site-packages\uvicorn\config.py", line 434, in load
    self.loaded_app = import_from_string(self.app)
                      ^^^^^^^^^^^^^^^^^^^^^^^^^^^^
  File "C:\Users\zqmco\AppData\Local\hermes\hermes-agent\venv\Lib\site-packages\uvicorn\importer.py", line 19, in import_from_string
    module = importlib.import_module(module_str)
             ^^^^^^^^^^^^^^^^^^^^^^^^^^^^^^^^^^^
  File "C:\Users\zqmco\AppData\Roaming\uv\python\cpython-3.11-windows-x86_64-none\Lib\importlib\__init__.py", line 126, in import_module
    return _bootstrap._gcd_import(name[level:], package, level)
           ^^^^^^^^^^^^^^^^^^^^^^^^^^^^^^^^^^^^^^^^^^^^^^^^^^^^
  File "<frozen importlib._bootstrap>", line 1204, in _gcd_import
  File "<frozen importlib._bootstrap>", line 1176, in _find_and_load
  File "<frozen importlib._bootstrap>", line 1147, in _find_and_load_unlocked
  File "<frozen importlib._bootstrap>", line 690, in _load_unlocked
  File "<frozen importlib._bootstrap_external>", line 936, in exec_module
  File "<frozen importlib._bootstrap_external>", line 1074, in get_code
  File "<frozen importlib._bootstrap_external>", line 1004, in source_to_code
  File "<frozen importlib._bootstrap>", line 241, in _call_with_frames_removed
  File "C:\Users\zqmco\Docker\volusia-portal\backend\main.py", line 89
    import os as _os as _os2
                     ^^
SyntaxError: invalid syntax
INFO:     Started server process [25756]
INFO:     Waiting for application startup.
INFO:     Application startup complete.
ERROR:    [Errno 10048] error while attempting to bind on address ('0.0.0.0', 8000): only one usage of each socket address (protocol/network address/port) is normally permitted
INFO:     Waiting for application shutdown.
INFO:     Application shutdown complete.
INFO:     Started server process [40332]
INFO:     Waiting for application startup.
INFO:     Application startup complete.
ERROR:    [Errno 10048] error while attempting to bind on address ('0.0.0.0', 8000): only one usage of each socket address (protocol/network address/port) is normally permitted
INFO:     Waiting for application shutdown.
INFO:     Application shutdown complete.
INFO:     Started server process [34048]
INFO:     Waiting for application startup.
INFO:     Application startup complete.
ERROR:    [Errno 10048] error while attempting to bind on address ('0.0.0.0', 8000): only one usage of each socket address (protocol/network address/port) is normally permitted
INFO:     Waiting for application shutdown.
INFO:     Application shutdown complete.
INFO:     Started server process [15220]
INFO:     Waiting for application startup.
INFO:     Application startup complete.
ERROR:    [Errno 10048] error while attempting to bind on address ('0.0.0.0', 8000): only one usage of each socket address (protocol/network address/port) is normally permitted
INFO:     Waiting for application shutdown.
INFO:     Application shutdown complete.
INFO:     Started server process [45820]
INFO:     Waiting for application startup.
INFO:     Application startup complete.
ERROR:    [Errno 10048] error while attempting to bind on address ('0.0.0.0', 8000): only one usage of each socket address (protocol/network address/port) is normally permitted
INFO:     Waiting for application shutdown.
INFO:     Application shutdown complete.
INFO:     Started server process [22652]
INFO:     Waiting for application startup.
INFO:     Application startup complete.
ERROR:    [Errno 10048] error while attempting to bind on address ('0.0.0.0', 8000): only one usage of each socket address (protocol/network address/port) is normally permitted
INFO:     Waiting for application shutdown.
INFO:     Application shutdown complete.
INFO:     Started server process [29048]
INFO:     Waiting for application startup.
INFO:     Application startup complete.
ERROR:    [Errno 10048] error while attempting to bind on address ('0.0.0.0', 8000): only one usage of each socket address (protocol/network address/port) is normally permitted
INFO:     Waiting for application shutdown.
INFO:     Application shutdown complete.
INFO:     Started server process [28332]
INFO:     Waiting for application startup.
INFO:     Application startup complete.
ERROR:    [Errno 10048] error while attempting to bind on address ('0.0.0.0', 8000): only one usage of each socket address (protocol/network address/port) is normally permitted
INFO:     Waiting for application shutdown.
INFO:     Application shutdown complete.
INFO:     Started server process [45812]
INFO:     Waiting for application startup.
INFO:     Application startup complete.
ERROR:    [Errno 10048] error while attempting to bind on address ('0.0.0.0', 8000): only one usage of each socket address (protocol/network address/port) is normally permitted
INFO:     Waiting for application shutdown.
INFO:     Application shutdown complete.
INFO:     Started server process [27300]
INFO:     Waiting for application startup.
INFO:     Application startup complete.
ERROR:    [Errno 10048] error while attempting to bind on address ('0.0.0.0', 8000): only one usage of each socket address (protocol/network address/port) is normally permitted
INFO:     Waiting for application shutdown.
INFO:     Application shutdown complete.
INFO:     Started server process [45816]
INFO:     Waiting for application startup.
INFO:     Application startup complete.
ERROR:    [Errno 10048] error while attempting to bind on address ('0.0.0.0', 8000): only one usage of each socket address (protocol/network address/port) is normally permitted
INFO:     Waiting for application shutdown.
INFO:     Application shutdown complete.
INFO:     Started server process [7512]
INFO:     Waiting for application startup.
INFO:     Application startup complete.
ERROR:    [Errno 10048] error while attempting to bind on address ('0.0.0.0', 8000): only one usage of each socket address (protocol/network address/port) is normally permitted
INFO:     Waiting for application shutdown.
INFO:     Application shutdown complete.
INFO:     Started server process [29308]
INFO:     Waiting for application startup.
INFO:     Application startup complete.
ERROR:    [Errno 10048] error while attempting to bind on address ('0.0.0.0', 8000): only one usage of each socket address (protocol/network address/port) is normally permitted
INFO:     Waiting for application shutdown.
INFO:     Application shutdown complete.
INFO:     Started server process [27200]
INFO:     Waiting for application startup.
INFO:     Application startup complete.
ERROR:    [Errno 10048] error while attempting to bind on address ('0.0.0.0', 8000): only one usage of each socket address (protocol/network address/port) is normally permitted
INFO:     Waiting for application shutdown.
INFO:     Application shutdown complete.
INFO:     Started server process [45108]
INFO:     Waiting for application startup.
INFO:     Application startup complete.
ERROR:    [Errno 10048] error while attempting to bind on address ('0.0.0.0', 8000): only one usage of each socket address (protocol/network address/port) is normally permitted
INFO:     Waiting for application shutdown.
INFO:     Application shutdown complete.
INFO:     Started server process [43712]
INFO:     Waiting for application startup.
INFO:     Application startup complete.
ERROR:    [Errno 10048] error while attempting to bind on address ('0.0.0.0', 8000): only one usage of each socket address (protocol/network address/port) is normally permitted
INFO:     Waiting for application shutdown.
INFO:     Application shutdown complete.
INFO:     Started server process [41424]
INFO:     Waiting for application startup.
INFO:     Application startup complete.
ERROR:    [Errno 10048] error while attempting to bind on address ('0.0.0.0', 8000): only one usage of each socket address (protocol/network address/port) is normally permitted
INFO:     Waiting for application shutdown.
INFO:     Application shutdown complete.
INFO:     Started server process [43452]
INFO:     Waiting for application startup.
INFO:     Application startup complete.
ERROR:    [Errno 10048] error while attempting to bind on address ('0.0.0.0', 8000): only one usage of each socket address (protocol/network address/port) is normally permitted
INFO:     Waiting for application shutdown.
INFO:     Application shutdown complete.
INFO:     Started server process [43872]
INFO:     Waiting for application startup.
INFO:     Application startup complete.
ERROR:    [Errno 10048] error while attempting to bind on address ('0.0.0.0', 8000): only one usage of each socket address (protocol/network address/port) is normally permitted
INFO:     Waiting for application shutdown.
INFO:     Application shutdown complete.
INFO:     Started server process [45128]
INFO:     Waiting for application startup.
INFO:     Application startup complete.
ERROR:    [Errno 10048] error while attempting to bind on address ('0.0.0.0', 8000): only one usage of each socket address (protocol/network address/port) is normally permitted
INFO:     Waiting for application shutdown.
INFO:     Application shutdown complete.
INFO:     Started server process [44456]
INFO:     Waiting for application startup.
INFO:     Application startup complete.
ERROR:    [Errno 10048] error while attempting to bind on address ('0.0.0.0', 8000): only one usage of each socket address (protocol/network address/port) is normally permitted
INFO:     Waiting for application shutdown.
INFO:     Application shutdown complete.
INFO:     Started server process [18952]
INFO:     Waiting for application startup.
INFO:     Application startup complete.
ERROR:    [Errno 10048] error while attempting to bind on address ('0.0.0.0', 8000): only one usage of each socket address (protocol/network address/port) is normally permitted
INFO:     Waiting for application shutdown.
INFO:     Application shutdown complete.
INFO:     Started server process [4400]
INFO:     Waiting for application startup.
INFO:     Application startup complete.
ERROR:    [Errno 10048] error while attempting to bind on address ('0.0.0.0', 8000): only one usage of each socket address (protocol/network address/port) is normally permitted
INFO:     Waiting for application shutdown.
INFO:     Application shutdown complete.
INFO:     Started server process [21248]
INFO:     Waiting for application startup.
INFO:     Application startup complete.
ERROR:    [Errno 10048] error while attempting to bind on address ('0.0.0.0', 8000): only one usage of each socket address (protocol/network address/port) is normally permitted
INFO:     Waiting for application shutdown.
INFO:     Application shutdown complete.
INFO:     Started server process [17264]
INFO:     Waiting for application startup.
INFO:     Application startup complete.
ERROR:    [Errno 10048] error while attempting to bind on address ('0.0.0.0', 8000): only one usage of each socket address (protocol/network address/port) is normally permitted
INFO:     Waiting for application shutdown.
INFO:     Application shutdown complete.
INFO:     Started server process [9512]
INFO:     Waiting for application startup.
INFO:     Application startup complete.
ERROR:    [Errno 10048] error while attempting to bind on address ('0.0.0.0', 8000): only one usage of each socket address (protocol/network address/port) is normally permitted
INFO:     Waiting for application shutdown.
INFO:     Application shutdown complete.
INFO:     Started server process [36228]
INFO:     Waiting for application startup.
INFO:     Application startup complete.
ERROR:    [Errno 10048] error while attempting to bind on address ('0.0.0.0', 8000): only one usage of each socket address (protocol/network address/port) is normally permitted
INFO:     Waiting for application shutdown.
INFO:     Application shutdown complete.
INFO:     Started server process [24260]
INFO:     Waiting for application startup.
INFO:     Application startup complete.
ERROR:    [Errno 10048] error while attempting to bind on address ('0.0.0.0', 8000): only one usage of each socket address (protocol/network address/port) is normally permitted
INFO:     Waiting for application shutdown.
INFO:     Application shutdown complete.
INFO:     Started server process [42536]
INFO:     Waiting for application startup.
INFO:     Application startup complete.
ERROR:    [Errno 10048] error while attempting to bind on address ('0.0.0.0', 8000): only one usage of each socket address (protocol/network address/port) is normally permitted
INFO:     Waiting for application shutdown.
INFO:     Application shutdown complete.
INFO:     Started server process [45548]
INFO:     Waiting for application startup.
INFO:     Application startup complete.
ERROR:    [Errno 10048] error while attempting to bind on address ('0.0.0.0', 8000): only one usage of each socket address (protocol/network address/port) is normally permitted
INFO:     Waiting for application shutdown.
INFO:     Application shutdown complete.
INFO:     Started server process [43272]
INFO:     Waiting for application startup.
INFO:     Application startup complete.
ERROR:    [Errno 10048] error while attempting to bind on address ('0.0.0.0', 8000): only one usage of each socket address (protocol/network address/port) is normally permitted
INFO:     Waiting for application shutdown.
INFO:     Application shutdown complete.
INFO:     Started server process [36292]
INFO:     Waiting for application startup.
INFO:     Application startup complete.
ERROR:    [Errno 10048] error while attempting to bind on address ('0.0.0.0', 8000): only one usage of each socket address (protocol/network address/port) is normally permitted
INFO:     Waiting for application shutdown.
INFO:     Application shutdown complete.
INFO:     Started server process [35640]
INFO:     Waiting for application startup.
INFO:     Application startup complete.
ERROR:    [Errno 10048] error while attempting to bind on address ('0.0.0.0', 8000): only one usage of each socket address (protocol/network address/port) is normally permitted
INFO:     Waiting for application shutdown.
INFO:     Application shutdown complete.
INFO:     Started server process [46064]
INFO:     Waiting for application startup.
INFO:     Application startup complete.
ERROR:    [Errno 10048] error while attempting to bind on address ('0.0.0.0', 8000): only one usage of each socket address (protocol/network address/port) is normally permitted
INFO:     Waiting for application shutdown.
INFO:     Application shutdown complete.
INFO:     Started server process [45416]
INFO:     Waiting for application startup.
INFO:     Application startup complete.
ERROR:    [Errno 10048] error while attempting to bind on address ('0.0.0.0', 8000): only one usage of each socket address (protocol/network address/port) is normally permitted
INFO:     Waiting for application shutdown.
INFO:     Application shutdown complete.
INFO:     Started server process [34048]
INFO:     Waiting for application startup.
INFO:     Application startup complete.
ERROR:    [Errno 10048] error while attempting to bind on address ('0.0.0.0', 8000): only one usage of each socket address (protocol/network address/port) is normally permitted
INFO:     Waiting for application shutdown.
INFO:     Application shutdown complete.
INFO:     Started server process [37432]
INFO:     Waiting for application startup.
INFO:     Application startup complete.
ERROR:    [Errno 10048] error while attempting to bind on address ('0.0.0.0', 8000): only one usage of each socket address (protocol/network address/port) is normally permitted
INFO:     Waiting for application shutdown.
INFO:     Application shutdown complete.
INFO:     Started server process [43376]
INFO:     Waiting for application startup.
INFO:     Application startup complete.
ERROR:    [Errno 10048] error while attempting to bind on address ('0.0.0.0', 8000): only one usage of each socket address (protocol/network address/port) is normally permitted
INFO:     Waiting for application shutdown.
INFO:     Application shutdown complete.
INFO:     Started server process [10056]
INFO:     Waiting for application startup.
INFO:     Application startup complete.
ERROR:    [Errno 10048] error while attempting to bind on address ('0.0.0.0', 8000): only one usage of each socket address (protocol/network address/port) is normally permitted
INFO:     Waiting for application shutdown.
INFO:     Application shutdown complete.
INFO:     Started server process [38644]
INFO:     Waiting for application startup.
INFO:     Application startup complete.
ERROR:    [Errno 10048] error while attempting to bind on address ('0.0.0.0', 8000): only one usage of each socket address (protocol/network address/port) is normally permitted
INFO:     Waiting for application shutdown.
INFO:     Application shutdown complete.
INFO:     Started server process [45480]
INFO:     Waiting for application startup.
INFO:     Application startup complete.
ERROR:    [Errno 10048] error while attempting to bind on address ('0.0.0.0', 8000): only one usage of each socket address (protocol/network address/port) is normally permitted
INFO:     Waiting for application shutdown.
INFO:     Application shutdown complete.
INFO:     Started server process [41952]
INFO:     Waiting for application startup.
INFO:     Application startup complete.
ERROR:    [Errno 10048] error while attempting to bind on address ('0.0.0.0', 8000): only one usage of each socket address (protocol/network address/port) is normally permitted
INFO:     Waiting for application shutdown.
INFO:     Application shutdown complete.
INFO:     Started server process [37116]
INFO:     Waiting for application startup.
INFO:     Application startup complete.
ERROR:    [Errno 10048] error while attempting to bind on address ('0.0.0.0', 8000): only one usage of each socket address (protocol/network address/port) is normally permitted
INFO:     Waiting for application shutdown.
INFO:     Application shutdown complete.
INFO:     Started server process [6104]
INFO:     Waiting for application startup.
INFO:     Application startup complete.
ERROR:    [Errno 10048] error while attempting to bind on address ('0.0.0.0', 8000): only one usage of each socket address (protocol/network address/port) is normally permitted
INFO:     Waiting for application shutdown.
INFO:     Application shutdown complete.
INFO:     Started server process [37184]
INFO:     Waiting for application startup.
INFO:     Application startup complete.
ERROR:    [Errno 10048] error while attempting to bind on address ('0.0.0.0', 8000): only one usage of each socket address (protocol/network address/port) is normally permitted
INFO:     Waiting for application shutdown.
INFO:     Application shutdown complete.
INFO:     Started server process [22556]
INFO:     Waiting for application startup.
INFO:     Application startup complete.
ERROR:    [Errno 10048] error while attempting to bind on address ('0.0.0.0', 8000): only one usage of each socket address (protocol/network address/port) is normally permitted
INFO:     Waiting for application shutdown.
INFO:     Application shutdown complete.
INFO:     Started server process [41476]
INFO:     Waiting for application startup.
INFO:     Application startup complete.
ERROR:    [Errno 10048] error while attempting to bind on address ('0.0.0.0', 8000): only one usage of each socket address (protocol/network address/port) is normally permitted
INFO:     Waiting for application shutdown.
INFO:     Application shutdown complete.
INFO:     Started server process [45392]
INFO:     Waiting for application startup.
INFO:     Application startup complete.
ERROR:    [Errno 10048] error while attempting to bind on address ('0.0.0.0', 8000): only one usage of each socket address (protocol/network address/port) is normally permitted
INFO:     Waiting for application shutdown.
INFO:     Application shutdown complete.
INFO:     Started server process [37448]
INFO:     Waiting for application startup.
INFO:     Application startup complete.
ERROR:    [Errno 10048] error while attempting to bind on address ('0.0.0.0', 8000): only one usage of each socket address (protocol/network address/port) is normally permitted
INFO:     Waiting for application shutdown.
INFO:     Application shutdown complete.
INFO:     Started server process [11064]
INFO:     Waiting for application startup.
INFO:     Application startup complete.
ERROR:    [Errno 10048] error while attempting to bind on address ('0.0.0.0', 8000): only one usage of each socket address (protocol/network address/port) is normally permitted
INFO:     Waiting for application shutdown.
INFO:     Application shutdown complete.
INFO:     Started server process [26312]
INFO:     Waiting for application startup.
INFO:     Application startup complete.
ERROR:    [Errno 10048] error while attempting to bind on address ('0.0.0.0', 8000): only one usage of each socket address (protocol/network address/port) is normally permitted
INFO:     Waiting for application shutdown.
INFO:     Application shutdown complete.
INFO:     Started server process [44948]
INFO:     Waiting for application startup.
INFO:     Application startup complete.
ERROR:    [Errno 10048] error while attempting to bind on address ('0.0.0.0', 8000): only one usage of each socket address (protocol/network address/port) is normally permitted
INFO:     Waiting for application shutdown.
INFO:     Application shutdown complete.
INFO:     Started server process [37588]
INFO:     Waiting for application startup.
INFO:     Application startup complete.
ERROR:    [Errno 10048] error while attempting to bind on address ('0.0.0.0', 8000): only one usage of each socket address (protocol/network address/port) is normally permitted
INFO:     Waiting for application shutdown.
INFO:     Application shutdown complete.
INFO:     Started server process [30196]
INFO:     Waiting for application startup.
INFO:     Application startup complete.
ERROR:    [Errno 10048] error while attempting to bind on address ('0.0.0.0', 8000): only one usage of each socket address (protocol/network address/port) is normally permitted
INFO:     Waiting for application shutdown.
INFO:     Application shutdown complete.
INFO:     Started server process [29644]
INFO:     Waiting for application startup.
INFO:     Application startup complete.
ERROR:    [Errno 10048] error while attempting to bind on address ('0.0.0.0', 8000): only one usage of each socket address (protocol/network address/port) is normally permitted
INFO:     Waiting for application shutdown.
INFO:     Application shutdown complete.
INFO:     Started server process [45156]
INFO:     Waiting for application startup.
INFO:     Application startup complete.
ERROR:    [Errno 10048] error while attempting to bind on address ('0.0.0.0', 8000): only one usage of each socket address (protocol/network address/port) is normally permitted
INFO:     Waiting for application shutdown.
INFO:     Application shutdown complete.
INFO:     Started server process [21444]
INFO:     Waiting for application startup.
INFO:     Application startup complete.
ERROR:    [Errno 10048] error while attempting to bind on address ('0.0.0.0', 8000): only one usage of each socket address (protocol/network address/port) is normally permitted
INFO:     Waiting for application shutdown.
INFO:     Application shutdown complete.
INFO:     Started server process [32972]
INFO:     Waiting for application startup.
INFO:     Application startup complete.
ERROR:    [Errno 10048] error while attempting to bind on address ('0.0.0.0', 8000): only one usage of each socket address (protocol/network address/port) is normally permitted
INFO:     Waiting for application shutdown.
INFO:     Application shutdown complete.
INFO:     Started server process [39460]
INFO:     Waiting for application startup.
INFO:     Application startup complete.
ERROR:    [Errno 10048] error while attempting to bind on address ('0.0.0.0', 8000): only one usage of each socket address (protocol/network address/port) is normally permitted
INFO:     Waiting for application shutdown.
INFO:     Application shutdown complete.
INFO:     Started server process [17760]
INFO:     Waiting for application startup.
INFO:     Application startup complete.
ERROR:    [Errno 10048] error while attempting to bind on address ('0.0.0.0', 8000): only one usage of each socket address (protocol/network address/port) is normally permitted
INFO:     Waiting for application shutdown.
INFO:     Application shutdown complete.
INFO:     Started server process [19740]
INFO:     Waiting for application startup.
INFO:     Application startup complete.
ERROR:    [Errno 10048] error while attempting to bind on address ('0.0.0.0', 8000): only one usage of each socket address (protocol/network address/port) is normally permitted
INFO:     Waiting for application shutdown.
INFO:     Application shutdown complete.
INFO:     Started server process [19696]
INFO:     Waiting for application startup.
INFO:     Application startup complete.
ERROR:    [Errno 10048] error while attempting to bind on address ('0.0.0.0', 8000): only one usage of each socket address (protocol/network address/port) is normally permitted
INFO:     Waiting for application shutdown.
INFO:     Application shutdown complete.
INFO:     Started server process [21216]
INFO:     Waiting for application startup.
INFO:     Application startup complete.
ERROR:    [Errno 10048] error while attempting to bind on address ('0.0.0.0', 8000): only one usage of each socket address (protocol/network address/port) is normally permitted
INFO:     Waiting for application shutdown.
INFO:     Application shutdown complete.
INFO:     Started server process [40228]
INFO:     Waiting for application startup.
INFO:     Application startup complete.
ERROR:    [Errno 10048] error while attempting to bind on address ('0.0.0.0', 8000): only one usage of each socket address (protocol/network address/port) is normally permitted
INFO:     Waiting for application shutdown.
INFO:     Application shutdown complete.
INFO:     Started server process [3580]
INFO:     Waiting for application startup.
INFO:     Application startup complete.
ERROR:    [Errno 10048] error while attempting to bind on address ('0.0.0.0', 8000): only one usage of each socket address (protocol/network address/port) is normally permitted
INFO:     Waiting for application shutdown.
INFO:     Application shutdown complete.
INFO:     Started server process [33396]
INFO:     Waiting for application startup.
INFO:     Application startup complete.
ERROR:    [Errno 10048] error while attempting to bind on address ('0.0.0.0', 8000): only one usage of each socket address (protocol/network address/port) is normally permitted
INFO:     Waiting for application shutdown.
INFO:     Application shutdown complete.
INFO:     Started server process [9844]
INFO:     Waiting for application startup.
INFO:     Application startup complete.
ERROR:    [Errno 10048] error while attempting to bind on address ('0.0.0.0', 8000): only one usage of each socket address (protocol/network address/port) is normally permitted
INFO:     Waiting for application shutdown.
INFO:     Application shutdown complete.
INFO:     Started server process [12184]
INFO:     Waiting for application startup.
INFO:     Application startup complete.
ERROR:    [Errno 10048] error while attempting to bind on address ('0.0.0.0', 8000): only one usage of each socket address (protocol/network address/port) is normally permitted
INFO:     Waiting for application shutdown.
INFO:     Application shutdown complete.
INFO:     Started server process [37236]
INFO:     Waiting for application startup.
INFO:     Application startup complete.
ERROR:    [Errno 10048] error while attempting to bind on address ('0.0.0.0', 8000): only one usage of each socket address (protocol/network address/port) is normally permitted
INFO:     Waiting for application shutdown.
INFO:     Application shutdown complete.
INFO:     Started server process [36312]
INFO:     Waiting for application startup.
INFO:     Application startup complete.
ERROR:    [Errno 10048] error while attempting to bind on address ('0.0.0.0', 8000): only one usage of each socket address (protocol/network address/port) is normally permitted
INFO:     Waiting for application shutdown.
INFO:     Application shutdown complete.
INFO:     Started server process [31448]
INFO:     Waiting for application startup.
INFO:     Application startup complete.
ERROR:    [Errno 10048] error while attempting to bind on address ('0.0.0.0', 8000): only one usage of each socket address (protocol/network address/port) is normally permitted
INFO:     Waiting for application shutdown.
INFO:     Application shutdown complete.
INFO:     Started server process [19472]
INFO:     Waiting for application startup.
INFO:     Application startup complete.
ERROR:    [Errno 10048] error while attempting to bind on address ('0.0.0.0', 8000): only one usage of each socket address (protocol/network address/port) is normally permitted
INFO:     Waiting for application shutdown.
INFO:     Application shutdown complete.
INFO:     Started server process [43496]
INFO:     Waiting for application startup.
INFO:     Application startup complete.
ERROR:    [Errno 10048] error while attempting to bind on address ('0.0.0.0', 8000): only one usage of each socket address (protocol/network address/port) is normally permitted
INFO:     Waiting for application shutdown.
INFO:     Application shutdown complete.
INFO:     Started server process [7508]
INFO:     Waiting for application startup.
INFO:     Application startup complete.
ERROR:    [Errno 10048] error while attempting to bind on address ('0.0.0.0', 8000): only one usage of each socket address (protocol/network address/port) is normally permitted
INFO:     Waiting for application shutdown.
INFO:     Application shutdown complete.
INFO:     Started server process [30680]
INFO:     Waiting for application startup.
INFO:     Application startup complete.
ERROR:    [Errno 10048] error while attempting to bind on address ('0.0.0.0', 8000): only one usage of each socket address (protocol/network address/port) is normally permitted
INFO:     Waiting for application shutdown.
INFO:     Application shutdown complete.
INFO:     Started server process [25888]
INFO:     Waiting for application startup.
INFO:     Application startup complete.
ERROR:    [Errno 10048] error while attempting to bind on address ('0.0.0.0', 8000): only one usage of each socket address (protocol/network address/port) is normally permitted
INFO:     Waiting for application shutdown.
INFO:     Application shutdown complete.
INFO:     Started server process [43564]
INFO:     Waiting for application startup.
INFO:     Application startup complete.
ERROR:    [Errno 10048] error while attempting to bind on address ('0.0.0.0', 8000): only one usage of each socket address (protocol/network address/port) is normally permitted
INFO:     Waiting for application shutdown.
INFO:     Application shutdown complete.
INFO:     Started server process [43496]
INFO:     Waiting for application startup.
INFO:     Application startup complete.
ERROR:    [Errno 10048] error while attempting to bind on address ('0.0.0.0', 8000): only one usage of each socket address (protocol/network address/port) is normally permitted
INFO:     Waiting for application shutdown.
INFO:     Application shutdown complete.
INFO:     Started server process [29768]
INFO:     Waiting for application startup.
INFO:     Application startup complete.
ERROR:    [Errno 10048] error while attempting to bind on address ('0.0.0.0', 8000): only one usage of each socket address (protocol/network address/port) is normally permitted
INFO:     Waiting for application shutdown.
INFO:     Application shutdown complete.
INFO:     Started server process [40316]
INFO:     Waiting for application startup.
INFO:     Application startup complete.
ERROR:    [Errno 10048] error while attempting to bind on address ('0.0.0.0', 8000): only one usage of each socket address (protocol/network address/port) is normally permitted
INFO:     Waiting for application shutdown.
INFO:     Application shutdown complete.
INFO:     Started server process [46008]
INFO:     Waiting for application startup.
INFO:     Application startup complete.
ERROR:    [Errno 10048] error while attempting to bind on address ('0.0.0.0', 8000): only one usage of each socket address (protocol/network address/port) is normally permitted
INFO:     Waiting for application shutdown.
INFO:     Application shutdown complete.
INFO:     Started server process [15356]
INFO:     Waiting for application startup.
INFO:     Application startup complete.
ERROR:    [Errno 10048] error while attempting to bind on address ('0.0.0.0', 8000): only one usage of each socket address (protocol/network address/port) is normally permitted
INFO:     Waiting for application shutdown.
INFO:     Application shutdown complete.
INFO:     Started server process [23288]
INFO:     Waiting for application startup.
INFO:     Application startup complete.
ERROR:    [Errno 10048] error while attempting to bind on address ('0.0.0.0', 8000): only one usage of each socket address (protocol/network address/port) is normally permitted
INFO:     Waiting for application shutdown.
INFO:     Application shutdown complete.
INFO:     Started server process [38380]
INFO:     Waiting for application startup.
INFO:     Application startup complete.
ERROR:    [Errno 10048] error while attempting to bind on address ('0.0.0.0', 8000): only one usage of each socket address (protocol/network address/port) is normally permitted
INFO:     Waiting for application shutdown.
INFO:     Application shutdown complete.
INFO:     Started server process [11480]
INFO:     Waiting for application startup.
INFO:     Application startup complete.
ERROR:    [Errno 10048] error while attempting to bind on address ('0.0.0.0', 8000): only one usage of each socket address (protocol/network address/port) is normally permitted
INFO:     Waiting for application shutdown.
INFO:     Application shutdown complete.
INFO:     Started server process [4060]
INFO:     Waiting for application startup.
INFO:     Application startup complete.
ERROR:    [Errno 10048] error while attempting to bind on address ('0.0.0.0', 8000): only one usage of each socket address (protocol/network address/port) is normally permitted
INFO:     Waiting for application shutdown.
INFO:     Application shutdown complete.
INFO:     Started server process [36208]
INFO:     Waiting for application startup.
INFO:     Application startup complete.
ERROR:    [Errno 10048] error while attempting to bind on address ('0.0.0.0', 8000): only one usage of each socket address (protocol/network address/port) is normally permitted
INFO:     Waiting for application shutdown.
INFO:     Application shutdown complete.
INFO:     Started server process [8552]
INFO:     Waiting for application startup.
INFO:     Application startup complete.
ERROR:    [Errno 10048] error while attempting to bind on address ('0.0.0.0', 8000): only one usage of each socket address (protocol/network address/port) is normally permitted
INFO:     Waiting for application shutdown.
INFO:     Application shutdown complete.
INFO:     Started server process [47052]
INFO:     Waiting for application startup.
INFO:     Application startup complete.
ERROR:    [Errno 10048] error while attempting to bind on address ('0.0.0.0', 8000): only one usage of each socket address (protocol/network address/port) is normally permitted
INFO:     Waiting for application shutdown.
INFO:     Application shutdown complete.
INFO:     Started server process [38052]
INFO:     Waiting for application startup.
INFO:     Application startup complete.
ERROR:    [Errno 10048] error while attempting to bind on address ('0.0.0.0', 8000): only one usage of each socket address (protocol/network address/port) is normally permitted
INFO:     Waiting for application shutdown.
INFO:     Application shutdown complete.
INFO:     Started server process [45384]
INFO:     Waiting for application startup.
INFO:     Application startup complete.
ERROR:    [Errno 10048] error while attempting to bind on address ('0.0.0.0', 8000): only one usage of each socket address (protocol/network address/port) is normally permitted
INFO:     Waiting for application shutdown.
INFO:     Application shutdown complete.
INFO:     Started server process [10928]
INFO:     Waiting for application startup.
INFO:     Application startup complete.
ERROR:    [Errno 10048] error while attempting to bind on address ('0.0.0.0', 8000): only one usage of each socket address (protocol/network address/port) is normally permitted
INFO:     Waiting for application shutdown.
INFO:     Application shutdown complete.
INFO:     Started server process [46376]
INFO:     Waiting for application startup.
INFO:     Application startup complete.
ERROR:    [Errno 10048] error while attempting to bind on address ('0.0.0.0', 8000): only one usage of each socket address (protocol/network address/port) is normally permitted
INFO:     Waiting for application shutdown.
INFO:     Application shutdown complete.
INFO:     Started server process [33996]
INFO:     Waiting for application startup.
INFO:     Application startup complete.
ERROR:    [Errno 10048] error while attempting to bind on address ('0.0.0.0', 8000): only one usage of each socket address (protocol/network address/port) is normally permitted
INFO:     Waiting for application shutdown.
INFO:     Application shutdown complete.
INFO:     Started server process [46332]
INFO:     Waiting for application startup.
INFO:     Application startup complete.
ERROR:    [Errno 10048] error while attempting to bind on address ('0.0.0.0', 8000): only one usage of each socket address (protocol/network address/port) is normally permitted
INFO:     Waiting for application shutdown.
INFO:     Application shutdown complete.
INFO:     Started server process [46444]
INFO:     Waiting for application startup.
INFO:     Application startup complete.
ERROR:    [Errno 10048] error while attempting to bind on address ('0.0.0.0', 8000): only one usage of each socket address (protocol/network address/port) is normally permitted
INFO:     Waiting for application shutdown.
INFO:     Application shutdown complete.
INFO:     Started server process [7064]
INFO:     Waiting for application startup.
INFO:     Application startup complete.
ERROR:    [Errno 10048] error while attempting to bind on address ('0.0.0.0', 8000): only one usage of each socket address (protocol/network address/port) is normally permitted
INFO:     Waiting for application shutdown.
INFO:     Application shutdown complete.
INFO:     Started server process [29180]
INFO:     Waiting for application startup.
INFO:     Application startup complete.
ERROR:    [Errno 10048] error while attempting to bind on address ('0.0.0.0', 8000): only one usage of each socket address (protocol/network address/port) is normally permitted
INFO:     Waiting for application shutdown.
INFO:     Application shutdown complete.
INFO:     Started server process [39096]
INFO:     Waiting for application startup.
INFO:     Application startup complete.
ERROR:    [Errno 10048] error while attempting to bind on address ('0.0.0.0', 8000): only one usage of each socket address (protocol/network address/port) is normally permitted
INFO:     Waiting for application shutdown.
INFO:     Application shutdown complete.
INFO:     Started server process [21248]
INFO:     Waiting for application startup.
INFO:     Application startup complete.
ERROR:    [Errno 10048] error while attempting to bind on address ('0.0.0.0', 8000): only one usage of each socket address (protocol/network address/port) is normally permitted
INFO:     Waiting for application shutdown.
INFO:     Application shutdown complete.
INFO:     Started server process [19732]
INFO:     Waiting for application startup.
INFO:     Application startup complete.
ERROR:    [Errno 10048] error while attempting to bind on address ('0.0.0.0', 8000): only one usage of each socket address (protocol/network address/port) is normally permitted
INFO:     Waiting for application shutdown.
INFO:     Application shutdown complete.
INFO:     Started server process [6644]
INFO:     Waiting for application startup.
INFO:     Application startup complete.
ERROR:    [Errno 10048] error while attempting to bind on address ('0.0.0.0', 8000): only one usage of each socket address (protocol/network address/port) is normally permitted
INFO:     Waiting for application shutdown.
INFO:     Application shutdown complete.
INFO:     Started server process [40272]
INFO:     Waiting for application startup.
INFO:     Application startup complete.
ERROR:    [Errno 10048] error while attempting to bind on address ('0.0.0.0', 8000): only one usage of each socket address (protocol/network address/port) is normally permitted
INFO:     Waiting for application shutdown.
INFO:     Application shutdown complete.
INFO:     Started server process [12256]
INFO:     Waiting for application startup.
INFO:     Application startup complete.
ERROR:    [Errno 10048] error while attempting to bind on address ('0.0.0.0', 8000): only one usage of each socket address (protocol/network address/port) is normally permitted
INFO:     Waiting for application shutdown.
INFO:     Application shutdown complete.
INFO:     Started server process [46580]
INFO:     Waiting for application startup.
INFO:     Application startup complete.
ERROR:    [Errno 10048] error while attempting to bind on address ('0.0.0.0', 8000): only one usage of each socket address (protocol/network address/port) is normally permitted
INFO:     Waiting for application shutdown.
INFO:     Application shutdown complete.
INFO:     Started server process [4400]
INFO:     Waiting for application startup.
INFO:     Application startup complete.
ERROR:    [Errno 10048] error while attempting to bind on address ('0.0.0.0', 8000): only one usage of each socket address (protocol/network address/port) is normally permitted
INFO:     Waiting for application shutdown.
INFO:     Application shutdown complete.
INFO:     Started server process [24852]
INFO:     Waiting for application startup.
INFO:     Application startup complete.
ERROR:    [Errno 10048] error while attempting to bind on address ('0.0.0.0', 8000): only one usage of each socket address (protocol/network address/port) is normally permitted
INFO:     Waiting for application shutdown.
INFO:     Application shutdown complete.
INFO:     Started server process [46780]
INFO:     Waiting for application startup.
INFO:     Application startup complete.
ERROR:    [Errno 10048] error while attempting to bind on address ('0.0.0.0', 8000): only one usage of each socket address (protocol/network address/port) is normally permitted
INFO:     Waiting for application shutdown.
INFO:     Application shutdown complete.
INFO:     Started server process [33552]
INFO:     Waiting for application startup.
INFO:     Application startup complete.
ERROR:    [Errno 10048] error while attempting to bind on address ('0.0.0.0', 8000): only one usage of each socket address (protocol/network address/port) is normally permitted
INFO:     Waiting for application shutdown.
INFO:     Application shutdown complete.
INFO:     Started server process [17484]
INFO:     Waiting for application startup.
INFO:     Application startup complete.
ERROR:    [Errno 10048] error while attempting to bind on address ('0.0.0.0', 8000): only one usage of each socket address (protocol/network address/port) is normally permitted
INFO:     Waiting for application shutdown.
INFO:     Application shutdown complete.
INFO:     Started server process [18756]
INFO:     Waiting for application startup.
INFO:     Application startup complete.
ERROR:    [Errno 10048] error while attempting to bind on address ('0.0.0.0', 8000): only one usage of each socket address (protocol/network address/port) is normally permitted
INFO:     Waiting for application shutdown.
INFO:     Application shutdown complete.
INFO:     Started server process [30764]
INFO:     Waiting for application startup.
INFO:     Application startup complete.
ERROR:    [Errno 10048] error while attempting to bind on address ('0.0.0.0', 8000): only one usage of each socket address (protocol/network address/port) is normally permitted
INFO:     Waiting for application shutdown.
INFO:     Application shutdown complete.
INFO:     Started server process [40264]
INFO:     Waiting for application startup.
INFO:     Application startup complete.
ERROR:    [Errno 10048] error while attempting to bind on address ('0.0.0.0', 8000): only one usage of each socket address (protocol/network address/port) is normally permitted
INFO:     Waiting for application shutdown.
INFO:     Application shutdown complete.
INFO:     Started server process [43196]
INFO:     Waiting for application startup.
INFO:     Application startup complete.
ERROR:    [Errno 10048] error while attempting to bind on address ('0.0.0.0', 8000): only one usage of each socket address (protocol/network address/port) is normally permitted
INFO:     Waiting for application shutdown.
INFO:     Application shutdown complete.
INFO:     Started server process [36320]
INFO:     Waiting for application startup.
INFO:     Application startup complete.
ERROR:    [Errno 10048] error while attempting to bind on address ('0.0.0.0', 8000): only one usage of each socket address (protocol/network address/port) is normally permitted
INFO:     Waiting for application shutdown.
INFO:     Application shutdown complete.
INFO:     Started server process [8208]
INFO:     Waiting for application startup.
INFO:     Application startup complete.
ERROR:    [Errno 10048] error while attempting to bind on address ('0.0.0.0', 8000): only one usage of each socket address (protocol/network address/port) is normally permitted
INFO:     Waiting for application shutdown.
INFO:     Application shutdown complete.
INFO:     Started server process [16216]
INFO:     Waiting for application startup.
INFO:     Application startup complete.
ERROR:    [Errno 10048] error while attempting to bind on address ('0.0.0.0', 8000): only one usage of each socket address (protocol/network address/port) is normally permitted
INFO:     Waiting for application shutdown.
INFO:     Application shutdown complete.
INFO:     Started server process [12568]
INFO:     Waiting for application startup.
INFO:     Application startup complete.
ERROR:    [Errno 10048] error while attempting to bind on address ('0.0.0.0', 8000): only one usage of each socket address (protocol/network address/port) is normally permitted
INFO:     Waiting for application shutdown.
INFO:     Application shutdown complete.
INFO:     Started server process [16376]
INFO:     Waiting for application startup.
INFO:     Application startup complete.
ERROR:    [Errno 10048] error while attempting to bind on address ('0.0.0.0', 8000): only one usage of each socket address (protocol/network address/port) is normally permitted
INFO:     Waiting for application shutdown.
INFO:     Application shutdown complete.
INFO:     Started server process [11428]
INFO:     Waiting for application startup.
INFO:     Application startup complete.
ERROR:    [Errno 10048] error while attempting to bind on address ('0.0.0.0', 8000): only one usage of each socket address (protocol/network address/port) is normally permitted
INFO:     Waiting for application shutdown.
INFO:     Application shutdown complete.
INFO:     Started server process [42184]
INFO:     Waiting for application startup.
INFO:     Application startup complete.
ERROR:    [Errno 10048] error while attempting to bind on address ('0.0.0.0', 8000): only one usage of each socket address (protocol/network address/port) is normally permitted
INFO:     Waiting for application shutdown.
INFO:     Application shutdown complete.
INFO:     Started server process [34516]
INFO:     Waiting for application startup.
INFO:     Application startup complete.
ERROR:    [Errno 10048] error while attempting to bind on address ('0.0.0.0', 8000): only one usage of each socket address (protocol/network address/port) is normally permitted
INFO:     Waiting for application shutdown.
INFO:     Application shutdown complete.
INFO:     Started server process [47568]
INFO:     Waiting for application startup.
INFO:     Application startup complete.
ERROR:    [Errno 10048] error while attempting to bind on address ('0.0.0.0', 8000): only one usage of each socket address (protocol/network address/port) is normally permitted
INFO:     Waiting for application shutdown.
INFO:     Application shutdown complete.
INFO:     Started server process [20988]
INFO:     Waiting for application startup.
INFO:     Application startup complete.
ERROR:    [Errno 10048] error while attempting to bind on address ('0.0.0.0', 8000): only one usage of each socket address (protocol/network address/port) is normally permitted
INFO:     Waiting for application shutdown.
INFO:     Application shutdown complete.
INFO:     Started server process [40044]
INFO:     Waiting for application startup.
INFO:     Application startup complete.
ERROR:    [Errno 10048] error while attempting to bind on address ('0.0.0.0', 8000): only one usage of each socket address (protocol/network address/port) is normally permitted
INFO:     Waiting for application shutdown.
INFO:     Application shutdown complete.
INFO:     Started server process [43820]
INFO:     Waiting for application startup.
INFO:     Application startup complete.
ERROR:    [Errno 10048] error while attempting to bind on address ('0.0.0.0', 8000): only one usage of each socket address (protocol/network address/port) is normally permitted
INFO:     Waiting for application shutdown.
INFO:     Application shutdown complete.
INFO:     Started server process [47468]
INFO:     Waiting for application startup.
INFO:     Application startup complete.
ERROR:    [Errno 10048] error while attempting to bind on address ('0.0.0.0', 8000): only one usage of each socket address (protocol/network address/port) is normally permitted
INFO:     Waiting for application shutdown.
INFO:     Application shutdown complete.
INFO:     Started server process [3900]
INFO:     Waiting for application startup.
INFO:     Application startup complete.
ERROR:    [Errno 10048] error while attempting to bind on address ('0.0.0.0', 8000): only one usage of each socket address (protocol/network address/port) is normally permitted
INFO:     Waiting for application shutdown.
INFO:     Application shutdown complete.
INFO:     Started server process [10248]
INFO:     Waiting for application startup.
INFO:     Application startup complete.
ERROR:    [Errno 10048] error while attempting to bind on address ('0.0.0.0', 8000): only one usage of each socket address (protocol/network address/port) is normally permitted
INFO:     Waiting for application shutdown.
INFO:     Application shutdown complete.
INFO:     Started server process [43100]
INFO:     Waiting for application startup.
INFO:     Application startup complete.
ERROR:    [Errno 10048] error while attempting to bind on address ('0.0.0.0', 8000): only one usage of each socket address (protocol/network address/port) is normally permitted
INFO:     Waiting for application shutdown.
INFO:     Application shutdown complete.
INFO:     Started server process [9776]
INFO:     Waiting for application startup.
INFO:     Application startup complete.
ERROR:    [Errno 10048] error while attempting to bind on address ('0.0.0.0', 8000): only one usage of each socket address (protocol/network address/port) is normally permitted
INFO:     Waiting for application shutdown.
INFO:     Application shutdown complete.
INFO:     Started server process [46764]
INFO:     Waiting for application startup.
INFO:     Application startup complete.
ERROR:    [Errno 10048] error while attempting to bind on address ('0.0.0.0', 8000): only one usage of each socket address (protocol/network address/port) is normally permitted
INFO:     Waiting for application shutdown.
INFO:     Application shutdown complete.
INFO:     Started server process [4424]
INFO:     Waiting for application startup.
INFO:     Application startup complete.
ERROR:    [Errno 10048] error while attempting to bind on address ('0.0.0.0', 8000): only one usage of each socket address (protocol/network address/port) is normally permitted
INFO:     Waiting for application shutdown.
INFO:     Application shutdown complete.
INFO:     Started server process [42168]
INFO:     Waiting for application startup.
INFO:     Application startup complete.
ERROR:    [Errno 10048] error while attempting to bind on address ('0.0.0.0', 8000): only one usage of each socket address (protocol/network address/port) is normally permitted
INFO:     Waiting for application shutdown.
INFO:     Application shutdown complete.
INFO:     Started server process [19436]
INFO:     Waiting for application startup.
INFO:     Application startup complete.
ERROR:    [Errno 10048] error while attempting to bind on address ('0.0.0.0', 8000): only one usage of each socket address (protocol/network address/port) is normally permitted
INFO:     Waiting for application shutdown.
INFO:     Application shutdown complete.
INFO:     Started server process [47432]
INFO:     Waiting for application startup.
INFO:     Application startup complete.
ERROR:    [Errno 10048] error while attempting to bind on address ('0.0.0.0', 8000): only one usage of each socket address (protocol/network address/port) is normally permitted
INFO:     Waiting for application shutdown.
INFO:     Application shutdown complete.
INFO:     Started server process [42644]
INFO:     Waiting for application startup.
INFO:     Application startup complete.
ERROR:    [Errno 10048] error while attempting to bind on address ('0.0.0.0', 8000): only one usage of each socket address (protocol/network address/port) is normally permitted
INFO:     Waiting for application shutdown.
INFO:     Application shutdown complete.
INFO:     Started server process [47848]
INFO:     Waiting for application startup.
INFO:     Application startup complete.
ERROR:    [Errno 10048] error while attempting to bind on address ('0.0.0.0', 8000): only one usage of each socket address (protocol/network address/port) is normally permitted
INFO:     Waiting for application shutdown.
INFO:     Application shutdown complete.
INFO:     Started server process [23532]
INFO:     Waiting for application startup.
INFO:     Application startup complete.
ERROR:    [Errno 10048] error while attempting to bind on address ('0.0.0.0', 8000): only one usage of each socket address (protocol/network address/port) is normally permitted
INFO:     Waiting for application shutdown.
INFO:     Application shutdown complete.
INFO:     Started server process [44572]
INFO:     Waiting for application startup.
INFO:     Application startup complete.
ERROR:    [Errno 10048] error while attempting to bind on address ('0.0.0.0', 8000): only one usage of each socket address (protocol/network address/port) is normally permitted
INFO:     Waiting for application shutdown.
INFO:     Application shutdown complete.
INFO:     Started server process [47572]
INFO:     Waiting for application startup.
INFO:     Application startup complete.
ERROR:    [Errno 10048] error while attempting to bind on address ('0.0.0.0', 8000): only one usage of each socket address (protocol/network address/port) is normally permitted
INFO:     Waiting for application shutdown.
INFO:     Application shutdown complete.
INFO:     Started server process [26616]
INFO:     Waiting for application startup.
INFO:     Application startup complete.
ERROR:    [Errno 10048] error while attempting to bind on address ('0.0.0.0', 8000): only one usage of each socket address (protocol/network address/port) is normally permitted
INFO:     Waiting for application shutdown.
INFO:     Application shutdown complete.
INFO:     Started server process [38224]
INFO:     Waiting for application startup.
INFO:     Application startup complete.
ERROR:    [Errno 10048] error while attempting to bind on address ('0.0.0.0', 8000): only one usage of each socket address (protocol/network address/port) is normally permitted
INFO:     Waiting for application shutdown.
INFO:     Application shutdown complete.
INFO:     Started server process [20408]
INFO:     Waiting for application startup.
INFO:     Application startup complete.
ERROR:    [Errno 10048] error while attempting to bind on address ('0.0.0.0', 8000): only one usage of each socket address (protocol/network address/port) is normally permitted
INFO:     Waiting for application shutdown.
INFO:     Application shutdown complete.
INFO:     Started server process [33500]
INFO:     Waiting for application startup.
INFO:     Application startup complete.
ERROR:    [Errno 10048] error while attempting to bind on address ('0.0.0.0', 8000): only one usage of each socket address (protocol/network address/port) is normally permitted
INFO:     Waiting for application shutdown.
INFO:     Application shutdown complete.
INFO:     Started server process [13672]
INFO:     Waiting for application startup.
INFO:     Application startup complete.
ERROR:    [Errno 10048] error while attempting to bind on address ('0.0.0.0', 8000): only one usage of each socket address (protocol/network address/port) is normally permitted
INFO:     Waiting for application shutdown.
INFO:     Application shutdown complete.
INFO:     Started server process [47208]
INFO:     Waiting for application startup.
INFO:     Application startup complete.
ERROR:    [Errno 10048] error while attempting to bind on address ('0.0.0.0', 8000): only one usage of each socket address (protocol/network address/port) is normally permitted
INFO:     Waiting for application shutdown.
INFO:     Application shutdown complete.
INFO:     Started server process [8728]
INFO:     Waiting for application startup.
INFO:     Application startup complete.
ERROR:    [Errno 10048] error while attempting to bind on address ('0.0.0.0', 8000): only one usage of each socket address (protocol/network address/port) is normally permitted
INFO:     Waiting for application shutdown.
INFO:     Application shutdown complete.
INFO:     Started server process [38072]
INFO:     Waiting for application startup.
INFO:     Application startup complete.
ERROR:    [Errno 10048] error while attempting to bind on address ('0.0.0.0', 8000): only one usage of each socket address (protocol/network address/port) is normally permitted
INFO:     Waiting for application shutdown.
INFO:     Application shutdown complete.
INFO:     Started server process [45004]
INFO:     Waiting for application startup.
INFO:     Application startup complete.
ERROR:    [Errno 10048] error while attempting to bind on address ('0.0.0.0', 8000): only one usage of each socket address (protocol/network address/port) is normally permitted
INFO:     Waiting for application shutdown.
INFO:     Application shutdown complete.
INFO:     Started server process [48708]
INFO:     Waiting for application startup.
INFO:     Application startup complete.
ERROR:    [Errno 10048] error while attempting to bind on address ('0.0.0.0', 8000): only one usage of each socket address (protocol/network address/port) is normally permitted
INFO:     Waiting for application shutdown.
INFO:     Application shutdown complete.
INFO:     Started server process [42644]
INFO:     Waiting for application startup.
INFO:     Application startup complete.
ERROR:    [Errno 10048] error while attempting to bind on address ('0.0.0.0', 8000): only one usage of each socket address (protocol/network address/port) is normally permitted
INFO:     Waiting for application shutdown.
INFO:     Application shutdown complete.
INFO:     Started server process [24272]
INFO:     Waiting for application startup.
INFO:     Application startup complete.
ERROR:    [Errno 10048] error while attempting to bind on address ('0.0.0.0', 8000): only one usage of each socket address (protocol/network address/port) is normally permitted
INFO:     Waiting for application shutdown.
INFO:     Application shutdown complete.
INFO:     Started server process [13680]
INFO:     Waiting for application startup.
INFO:     Application startup complete.
ERROR:    [Errno 10048] error while attempting to bind on address ('0.0.0.0', 8000): only one usage of each socket address (protocol/network address/port) is normally permitted
INFO:     Waiting for application shutdown.
INFO:     Application shutdown complete.
INFO:     Started server process [24272]
INFO:     Waiting for application startup.
INFO:     Application startup complete.
ERROR:    [Errno 10048] error while attempting to bind on address ('0.0.0.0', 8000): only one usage of each socket address (protocol/network address/port) is normally permitted
INFO:     Waiting for application shutdown.
INFO:     Application shutdown complete.
INFO:     Started server process [2656]
INFO:     Waiting for application startup.
INFO:     Application startup complete.
ERROR:    [Errno 10048] error while attempting to bind on address ('0.0.0.0', 8000): only one usage of each socket address (protocol/network address/port) is normally permitted
INFO:     Waiting for application shutdown.
INFO:     Application shutdown complete.
INFO:     Started server process [46156]
INFO:     Waiting for application startup.
INFO:     Application startup complete.
ERROR:    [Errno 10048] error while attempting to bind on address ('0.0.0.0', 8000): only one usage of each socket address (protocol/network address/port) is normally permitted
INFO:     Waiting for application shutdown.
INFO:     Application shutdown complete.
INFO:     Started server process [26524]
INFO:     Waiting for application startup.
INFO:     Application startup complete.
ERROR:    [Errno 10048] error while attempting to bind on address ('0.0.0.0', 8000): only one usage of each socket address (protocol/network address/port) is normally permitted
INFO:     Waiting for application shutdown.
INFO:     Application shutdown complete.
INFO:     Started server process [48496]
INFO:     Waiting for application startup.
INFO:     Application startup complete.
ERROR:    [Errno 10048] error while attempting to bind on address ('0.0.0.0', 8000): only one usage of each socket address (protocol/network address/port) is normally permitted
INFO:     Waiting for application shutdown.
INFO:     Application shutdown complete.
INFO:     Started server process [48060]
INFO:     Waiting for application startup.
INFO:     Application startup complete.
ERROR:    [Errno 10048] error while attempting to bind on address ('0.0.0.0', 8000): only one usage of each socket address (protocol/network address/port) is normally permitted
INFO:     Waiting for application shutdown.
INFO:     Application shutdown complete.
INFO:     Started server process [25056]
INFO:     Waiting for application startup.
INFO:     Application startup complete.
ERROR:    [Errno 10048] error while attempting to bind on address ('0.0.0.0', 8000): only one usage of each socket address (protocol/network address/port) is normally permitted
INFO:     Waiting for application shutdown.
INFO:     Application shutdown complete.
INFO:     Started server process [48524]
INFO:     Waiting for application startup.
INFO:     Application startup complete.
ERROR:    [Errno 10048] error while attempting to bind on address ('0.0.0.0', 8000): only one usage of each socket address (protocol/network address/port) is normally permitted
INFO:     Waiting for application shutdown.
INFO:     Application shutdown complete.
INFO:     Started server process [48284]
INFO:     Waiting for application startup.
INFO:     Application startup complete.
ERROR:    [Errno 10048] error while attempting to bind on address ('0.0.0.0', 8000): only one usage of each socket address (protocol/network address/port) is normally permitted
INFO:     Waiting for application shutdown.
INFO:     Application shutdown complete.
INFO:     Started server process [26012]
INFO:     Waiting for application startup.
INFO:     Application startup complete.
ERROR:    [Errno 10048] error while attempting to bind on address ('0.0.0.0', 8000): only one usage of each socket address (protocol/network address/port) is normally permitted
INFO:     Waiting for application shutdown.
INFO:     Application shutdown complete.
INFO:     Started server process [39804]
INFO:     Waiting for application startup.
INFO:     Application startup complete.
ERROR:    [Errno 10048] error while attempting to bind on address ('0.0.0.0', 8000): only one usage of each socket address (protocol/network address/port) is normally permitted
INFO:     Waiting for application shutdown.
INFO:     Application shutdown complete.
INFO:     Started server process [31012]
INFO:     Waiting for application startup.
INFO:     Application startup complete.
ERROR:    [Errno 10048] error while attempting to bind on address ('0.0.0.0', 8000): only one usage of each socket address (protocol/network address/port) is normally permitted
INFO:     Waiting for application shutdown.
INFO:     Application shutdown complete.
INFO:     Started server process [43628]
INFO:     Waiting for application startup.
INFO:     Application startup complete.
ERROR:    [Errno 10048] error while attempting to bind on address ('0.0.0.0', 8000): only one usage of each socket address (protocol/network address/port) is normally permitted
INFO:     Waiting for application shutdown.
INFO:     Application shutdown complete.
INFO:     Started server process [33572]
INFO:     Waiting for application startup.
INFO:     Application startup complete.
ERROR:    [Errno 10048] error while attempting to bind on address ('0.0.0.0', 8000): only one usage of each socket address (protocol/network address/port) is normally permitted
INFO:     Waiting for application shutdown.
INFO:     Application shutdown complete.
INFO:     Started server process [41952]
INFO:     Waiting for application startup.
INFO:     Application startup complete.
ERROR:    [Errno 10048] error while attempting to bind on address ('0.0.0.0', 8000): only one usage of each socket address (protocol/network address/port) is normally permitted
INFO:     Waiting for application shutdown.
INFO:     Application shutdown complete.
INFO:     Started server process [47784]
INFO:     Waiting for application startup.
INFO:     Application startup complete.
ERROR:    [Errno 10048] error while attempting to bind on address ('0.0.0.0', 8000): only one usage of each socket address (protocol/network address/port) is normally permitted
INFO:     Waiting for application shutdown.
INFO:     Application shutdown complete.
INFO:     Started server process [48240]
INFO:     Waiting for application startup.
INFO:     Application startup complete.
ERROR:    [Errno 10048] error while attempting to bind on address ('0.0.0.0', 8000): only one usage of each socket address (protocol/network address/port) is normally permitted
INFO:     Waiting for application shutdown.
INFO:     Application shutdown complete.
INFO:     Started server process [47452]
INFO:     Waiting for application startup.
INFO:     Application startup complete.
ERROR:    [Errno 10048] error while attempting to bind on address ('0.0.0.0', 8000): only one usage of each socket address (protocol/network address/port) is normally permitted
INFO:     Waiting for application shutdown.
INFO:     Application shutdown complete.
INFO:     Started server process [32244]
INFO:     Waiting for application startup.
INFO:     Application startup complete.
ERROR:    [Errno 10048] error while attempting to bind on address ('0.0.0.0', 8000): only one usage of each socket address (protocol/network address/port) is normally permitted
INFO:     Waiting for application shutdown.
INFO:     Application shutdown complete.
INFO:     Started server process [14472]
INFO:     Waiting for application startup.
INFO:     Application startup complete.
ERROR:    [Errno 10048] error while attempting to bind on address ('0.0.0.0', 8000): only one usage of each socket address (protocol/network address/port) is normally permitted
INFO:     Waiting for application shutdown.
INFO:     Application shutdown complete.
INFO:     Started server process [21208]
INFO:     Waiting for application startup.
INFO:     Application startup complete.
ERROR:    [Errno 10048] error while attempting to bind on address ('0.0.0.0', 8000): only one usage of each socket address (protocol/network address/port) is normally permitted
INFO:     Waiting for application shutdown.
INFO:     Application shutdown complete.
INFO:     Started server process [18972]
INFO:     Waiting for application startup.
INFO:     Application startup complete.
ERROR:    [Errno 10048] error while attempting to bind on address ('0.0.0.0', 8000): only one usage of each socket address (protocol/network address/port) is normally permitted
INFO:     Waiting for application shutdown.
INFO:     Application shutdown complete.
INFO:     Started server process [696]
INFO:     Waiting for application startup.
INFO:     Application startup complete.
ERROR:    [Errno 10048] error while attempting to bind on address ('0.0.0.0', 8000): only one usage of each socket address (protocol/network address/port) is normally permitted
INFO:     Waiting for application shutdown.
INFO:     Application shutdown complete.
INFO:     Started server process [27296]
INFO:     Waiting for application startup.
INFO:     Application startup complete.
ERROR:    [Errno 10048] error while attempting to bind on address ('0.0.0.0', 8000): only one usage of each socket address (protocol/network address/port) is normally permitted
INFO:     Waiting for application shutdown.
INFO:     Application shutdown complete.
INFO:     Started server process [7708]
INFO:     Waiting for application startup.
INFO:     Application startup complete.
ERROR:    [Errno 10048] error while attempting to bind on address ('0.0.0.0', 8000): only one usage of each socket address (protocol/network address/port) is normally permitted
INFO:     Waiting for application shutdown.
INFO:     Application shutdown complete.
INFO:     Started server process [19368]
INFO:     Waiting for application startup.
INFO:     Application startup complete.
ERROR:    [Errno 10048] error while attempting to bind on address ('0.0.0.0', 8000): only one usage of each socket address (protocol/network address/port) is normally permitted
INFO:     Waiting for application shutdown.
INFO:     Application shutdown complete.
INFO:     Started server process [9604]
INFO:     Waiting for application startup.
INFO:     Application startup complete.
ERROR:    [Errno 10048] error while attempting to bind on address ('0.0.0.0', 8000): only one usage of each socket address (protocol/network address/port) is normally permitted
INFO:     Waiting for application shutdown.
INFO:     Application shutdown complete.
INFO:     Started server process [12796]
INFO:     Waiting for application startup.
INFO:     Application startup complete.
ERROR:    [Errno 10048] error while attempting to bind on address ('0.0.0.0', 8000): only one usage of each socket address (protocol/network address/port) is normally permitted
INFO:     Waiting for application shutdown.
INFO:     Application shutdown complete.
INFO:     Started server process [42408]
INFO:     Waiting for application startup.
INFO:     Application startup complete.
ERROR:    [Errno 10048] error while attempting to bind on address ('0.0.0.0', 8000): only one usage of each socket address (protocol/network address/port) is normally permitted
INFO:     Waiting for application shutdown.
INFO:     Application shutdown complete.
INFO:     Started server process [26012]
INFO:     Waiting for application startup.
INFO:     Application startup complete.
ERROR:    [Errno 10048] error while attempting to bind on address ('0.0.0.0', 8000): only one usage of each socket address (protocol/network address/port) is normally permitted
INFO:     Waiting for application shutdown.
INFO:     Application shutdown complete.
INFO:     Started server process [20668]
INFO:     Waiting for application startup.
INFO:     Application startup complete.
ERROR:    [Errno 10048] error while attempting to bind on address ('0.0.0.0', 8000): only one usage of each socket address (protocol/network address/port) is normally permitted
INFO:     Waiting for application shutdown.
INFO:     Application shutdown complete.
INFO:     Started server process [32232]
INFO:     Waiting for application startup.
INFO:     Application startup complete.
ERROR:    [Errno 10048] error while attempting to bind on address ('0.0.0.0', 8000): only one usage of each socket address (protocol/network address/port) is normally permitted
INFO:     Waiting for application shutdown.
INFO:     Application shutdown complete.
INFO:     Started server process [37592]
INFO:     Waiting for application startup.
INFO:     Application startup complete.
ERROR:    [Errno 10048] error while attempting to bind on address ('0.0.0.0', 8000): only one usage of each socket address (protocol/network address/port) is normally permitted
INFO:     Waiting for application shutdown.
INFO:     Application shutdown complete.
INFO:     Started server process [46528]
INFO:     Waiting for application startup.
INFO:     Application startup complete.
ERROR:    [Errno 10048] error while attempting to bind on address ('0.0.0.0', 8000): only one usage of each socket address (protocol/network address/port) is normally permitted
INFO:     Waiting for application shutdown.
INFO:     Application shutdown complete.
INFO:     Started server process [12976]
INFO:     Waiting for application startup.
INFO:     Application startup complete.
ERROR:    [Errno 10048] error while attempting to bind on address ('0.0.0.0', 8000): only one usage of each socket address (protocol/network address/port) is normally permitted
INFO:     Waiting for application shutdown.
INFO:     Application shutdown complete.
INFO:     Started server process [35744]
INFO:     Waiting for application startup.
INFO:     Application startup complete.
ERROR:    [Errno 10048] error while attempting to bind on address ('0.0.0.0', 8000): only one usage of each socket address (protocol/network address/port) is normally permitted
INFO:     Waiting for application shutdown.
INFO:     Application shutdown complete.
INFO:     Started server process [48956]
INFO:     Waiting for application startup.
INFO:     Application startup complete.
ERROR:    [Errno 10048] error while attempting to bind on address ('0.0.0.0', 8000): only one usage of each socket address (protocol/network address/port) is normally permitted
INFO:     Waiting for application shutdown.
INFO:     Application shutdown complete.
INFO:     Started server process [4516]
INFO:     Waiting for application startup.
INFO:     Application startup complete.
ERROR:    [Errno 10048] error while attempting to bind on address ('0.0.0.0', 8000): only one usage of each socket address (protocol/network address/port) is normally permitted
INFO:     Waiting for application shutdown.
INFO:     Application shutdown complete.
INFO:     Started server process [23808]
INFO:     Waiting for application startup.
INFO:     Application startup complete.
ERROR:    [Errno 10048] error while attempting to bind on address ('0.0.0.0', 8000): only one usage of each socket address (protocol/network address/port) is normally permitted
INFO:     Waiting for application shutdown.
INFO:     Application shutdown complete.
INFO:     Started server process [21676]
INFO:     Waiting for application startup.
INFO:     Application startup complete.
ERROR:    [Errno 10048] error while attempting to bind on address ('0.0.0.0', 8000): only one usage of each socket address (protocol/network address/port) is normally permitted
INFO:     Waiting for application shutdown.
INFO:     Application shutdown complete.
INFO:     Started server process [22288]
INFO:     Waiting for application startup.
INFO:     Application startup complete.
ERROR:    [Errno 10048] error while attempting to bind on address ('0.0.0.0', 8000): only one usage of each socket address (protocol/network address/port) is normally permitted
INFO:     Waiting for application shutdown.
INFO:     Application shutdown complete.
INFO:     Started server process [35908]
INFO:     Waiting for application startup.
INFO:     Application startup complete.
ERROR:    [Errno 10048] error while attempting to bind on address ('0.0.0.0', 8000): only one usage of each socket address (protocol/network address/port) is normally permitted
INFO:     Waiting for application shutdown.
INFO:     Application shutdown complete.
INFO:     Started server process [40228]
INFO:     Waiting for application startup.
INFO:     Application startup complete.
ERROR:    [Errno 10048] error while attempting to bind on address ('0.0.0.0', 8000): only one usage of each socket address (protocol/network address/port) is normally permitted
INFO:     Waiting for application shutdown.
INFO:     Application shutdown complete.
INFO:     Started server process [21316]
INFO:     Waiting for application startup.
INFO:     Application startup complete.
ERROR:    [Errno 10048] error while attempting to bind on address ('0.0.0.0', 8000): only one usage of each socket address (protocol/network address/port) is normally permitted
INFO:     Waiting for application shutdown.
INFO:     Application shutdown complete.
INFO:     Started server process [18584]
INFO:     Waiting for application startup.
INFO:     Application startup complete.
ERROR:    [Errno 10048] error while attempting to bind on address ('0.0.0.0', 8000): only one usage of each socket address (protocol/network address/port) is normally permitted
INFO:     Waiting for application shutdown.
INFO:     Application shutdown complete.
INFO:     Started server process [45876]
INFO:     Waiting for application startup.
INFO:     Application startup complete.
ERROR:    [Errno 10048] error while attempting to bind on address ('0.0.0.0', 8000): only one usage of each socket address (protocol/network address/port) is normally permitted
INFO:     Waiting for application shutdown.
INFO:     Application shutdown complete.
INFO:     Started server process [43524]
INFO:     Waiting for application startup.
INFO:     Application startup complete.
ERROR:    [Errno 10048] error while attempting to bind on address ('0.0.0.0', 8000): only one usage of each socket address (protocol/network address/port) is normally permitted
INFO:     Waiting for application shutdown.
INFO:     Application shutdown complete.
INFO:     Started server process [19860]
INFO:     Waiting for application startup.
INFO:     Application startup complete.
ERROR:    [Errno 10048] error while attempting to bind on address ('0.0.0.0', 8000): only one usage of each socket address (protocol/network address/port) is normally permitted
INFO:     Waiting for application shutdown.
INFO:     Application shutdown complete.
INFO:     Started server process [37080]
INFO:     Waiting for application startup.
INFO:     Application startup complete.
ERROR:    [Errno 10048] error while attempting to bind on address ('0.0.0.0', 8000): only one usage of each socket address (protocol/network address/port) is normally permitted
INFO:     Waiting for application shutdown.
INFO:     Application shutdown complete.
INFO:     Started server process [14484]
INFO:     Waiting for application startup.
INFO:     Application startup complete.
ERROR:    [Errno 10048] error while attempting to bind on address ('0.0.0.0', 8000): only one usage of each socket address (protocol/network address/port) is normally permitted
INFO:     Waiting for application shutdown.
INFO:     Application shutdown complete.
INFO:     Started server process [11328]
INFO:     Waiting for application startup.
INFO:     Application startup complete.
ERROR:    [Errno 10048] error while attempting to bind on address ('0.0.0.0', 8000): only one usage of each socket address (protocol/network address/port) is normally permitted
INFO:     Waiting for application shutdown.
INFO:     Application shutdown complete.
INFO:     Started server process [47176]
INFO:     Waiting for application startup.
INFO:     Application startup complete.
ERROR:    [Errno 10048] error while attempting to bind on address ('0.0.0.0', 8000): only one usage of each socket address (protocol/network address/port) is normally permitted
INFO:     Waiting for application shutdown.
INFO:     Application shutdown complete.
INFO:     Started server process [34308]
INFO:     Waiting for application startup.
INFO:     Application startup complete.
ERROR:    [Errno 10048] error while attempting to bind on address ('0.0.0.0', 8000): only one usage of each socket address (protocol/network address/port) is normally permitted
INFO:     Waiting for application shutdown.
INFO:     Application shutdown complete.
INFO:     Started server process [7880]
INFO:     Waiting for application startup.
INFO:     Application startup complete.
ERROR:    [Errno 10048] error while attempting to bind on address ('0.0.0.0', 8000): only one usage of each socket address (protocol/network address/port) is normally permitted
INFO:     Waiting for application shutdown.
INFO:     Application shutdown complete.
INFO:     Started server process [49008]
INFO:     Waiting for application startup.
INFO:     Application startup complete.
ERROR:    [Errno 10048] error while attempting to bind on address ('0.0.0.0', 8000): only one usage of each socket address (protocol/network address/port) is normally permitted
INFO:     Waiting for application shutdown.
INFO:     Application shutdown complete.
INFO:     Started server process [45072]
INFO:     Waiting for application startup.
INFO:     Application startup complete.
ERROR:    [Errno 10048] error while attempting to bind on address ('0.0.0.0', 8000): only one usage of each socket address (protocol/network address/port) is normally permitted
INFO:     Waiting for application shutdown.
INFO:     Application shutdown complete.
INFO:     Started server process [4564]
INFO:     Waiting for application startup.
INFO:     Application startup complete.
ERROR:    [Errno 10048] error while attempting to bind on address ('0.0.0.0', 8000): only one usage of each socket address (protocol/network address/port) is normally permitted
INFO:     Waiting for application shutdown.
INFO:     Application shutdown complete.
INFO:     Started server process [20844]
INFO:     Waiting for application startup.
INFO:     Application startup complete.
ERROR:    [Errno 10048] error while attempting to bind on address ('0.0.0.0', 8000): only one usage of each socket address (protocol/network address/port) is normally permitted
INFO:     Waiting for application shutdown.
INFO:     Application shutdown complete.
INFO:     Started server process [48800]
INFO:     Waiting for application startup.
INFO:     Application startup complete.
ERROR:    [Errno 10048] error while attempting to bind on address ('0.0.0.0', 8000): only one usage of each socket address (protocol/network address/port) is normally permitted
INFO:     Waiting for application shutdown.
INFO:     Application shutdown complete.
INFO:     Started server process [48620]
INFO:     Waiting for application startup.
INFO:     Application startup complete.
ERROR:    [Errno 10048] error while attempting to bind on address ('0.0.0.0', 8000): only one usage of each socket address (protocol/network address/port) is normally permitted
INFO:     Waiting for application shutdown.
INFO:     Application shutdown complete.
INFO:     Started server process [14932]
INFO:     Waiting for application startup.
INFO:     Application startup complete.
ERROR:    [Errno 10048] error while attempting to bind on address ('0.0.0.0', 8000): only one usage of each socket address (protocol/network address/port) is normally permitted
INFO:     Waiting for application shutdown.
INFO:     Application shutdown complete.
INFO:     Started server process [48852]
INFO:     Waiting for application startup.
INFO:     Application startup complete.
ERROR:    [Errno 10048] error while attempting to bind on address ('0.0.0.0', 8000): only one usage of each socket address (protocol/network address/port) is normally permitted
INFO:     Waiting for application shutdown.
INFO:     Application shutdown complete.
INFO:     Started server process [46032]
INFO:     Waiting for application startup.
INFO:     Application startup complete.
ERROR:    [Errno 10048] error while attempting to bind on address ('0.0.0.0', 8000): only one usage of each socket address (protocol/network address/port) is normally permitted
INFO:     Waiting for application shutdown.
INFO:     Application shutdown complete.
INFO:     Started server process [47420]
INFO:     Waiting for application startup.
INFO:     Application startup complete.
ERROR:    [Errno 10048] error while attempting to bind on address ('0.0.0.0', 8000): only one usage of each socket address (protocol/network address/port) is normally permitted
INFO:     Waiting for application shutdown.
INFO:     Application shutdown complete.
INFO:     Started server process [36712]
INFO:     Waiting for application startup.
INFO:     Application startup complete.
ERROR:    [Errno 10048] error while attempting to bind on address ('0.0.0.0', 8000): only one usage of each socket address (protocol/network address/port) is normally permitted
INFO:     Waiting for application shutdown.
INFO:     Application shutdown complete.
INFO:     Started server process [35016]
INFO:     Waiting for application startup.
INFO:     Application startup complete.
ERROR:    [Errno 10048] error while attempting to bind on address ('0.0.0.0', 8000): only one usage of each socket address (protocol/network address/port) is normally permitted
INFO:     Waiting for application shutdown.
INFO:     Application shutdown complete.
INFO:     Started server process [38212]
INFO:     Waiting for application startup.
INFO:     Application startup complete.
ERROR:    [Errno 10048] error while attempting to bind on address ('0.0.0.0', 8000): only one usage of each socket address (protocol/network address/port) is normally permitted
INFO:     Waiting for application shutdown.
INFO:     Application shutdown complete.
INFO:     Started server process [8300]
INFO:     Waiting for application startup.
INFO:     Application startup complete.
ERROR:    [Errno 10048] error while attempting to bind on address ('0.0.0.0', 8000): only one usage of each socket address (protocol/network address/port) is normally permitted
INFO:     Waiting for application shutdown.
INFO:     Application shutdown complete.
INFO:     Started server process [14996]
INFO:     Waiting for application startup.
INFO:     Application startup complete.
ERROR:    [Errno 10048] error while attempting to bind on address ('0.0.0.0', 8000): only one usage of each socket address (protocol/network address/port) is normally permitted
INFO:     Waiting for application shutdown.
INFO:     Application shutdown complete.
INFO:     Started server process [23584]
INFO:     Waiting for application startup.
INFO:     Application startup complete.
ERROR:    [Errno 10048] error while attempting to bind on address ('0.0.0.0', 8000): only one usage of each socket address (protocol/network address/port) is normally permitted
INFO:     Waiting for application shutdown.
INFO:     Application shutdown complete.
INFO:     Started server process [48300]
INFO:     Waiting for application startup.
INFO:     Application startup complete.
ERROR:    [Errno 10048] error while attempting to bind on address ('0.0.0.0', 8000): only one usage of each socket address (protocol/network address/port) is normally permitted
INFO:     Waiting for application shutdown.
INFO:     Application shutdown complete.
INFO:     Started server process [45492]
INFO:     Waiting for application startup.
INFO:     Application startup complete.
ERROR:    [Errno 10048] error while attempting to bind on address ('0.0.0.0', 8000): only one usage of each socket address (protocol/network address/port) is normally permitted
INFO:     Waiting for application shutdown.
INFO:     Application shutdown complete.
INFO:     Started server process [33804]
INFO:     Waiting for application startup.
INFO:     Application startup complete.
ERROR:    [Errno 10048] error while attempting to bind on address ('0.0.0.0', 8000): only one usage of each socket address (protocol/network address/port) is normally permitted
INFO:     Waiting for application shutdown.
INFO:     Application shutdown complete.
INFO:     Started server process [37920]
INFO:     Waiting for application startup.
INFO:     Application startup complete.
ERROR:    [Errno 10048] error while attempting to bind on address ('0.0.0.0', 8000): only one usage of each socket address (protocol/network address/port) is normally permitted
INFO:     Waiting for application shutdown.
INFO:     Application shutdown complete.
INFO:     Started server process [49348]
INFO:     Waiting for application startup.
INFO:     Application startup complete.
ERROR:    [Errno 10048] error while attempting to bind on address ('0.0.0.0', 8000): only one usage of each socket address (protocol/network address/port) is normally permitted
INFO:     Waiting for application shutdown.
INFO:     Application shutdown complete.
INFO:     Started server process [44368]
INFO:     Waiting for application startup.
INFO:     Application startup complete.
ERROR:    [Errno 10048] error while attempting to bind on address ('0.0.0.0', 8000): only one usage of each socket address (protocol/network address/port) is normally permitted
INFO:     Waiting for application shutdown.
INFO:     Application shutdown complete.
INFO:     Started server process [49808]
INFO:     Waiting for application startup.
INFO:     Application startup complete.
ERROR:    [Errno 10048] error while attempting to bind on address ('0.0.0.0', 8000): only one usage of each socket address (protocol/network address/port) is normally permitted
INFO:     Waiting for application shutdown.
INFO:     Application shutdown complete.
INFO:     Started server process [41964]
INFO:     Waiting for application startup.
INFO:     Application startup complete.
ERROR:    [Errno 10048] error while attempting to bind on address ('0.0.0.0', 8000): only one usage of each socket address (protocol/network address/port) is normally permitted
INFO:     Waiting for application shutdown.
INFO:     Application shutdown complete.
INFO:     Started server process [43680]
INFO:     Waiting for application startup.
INFO:     Application startup complete.
ERROR:    [Errno 10048] error while attempting to bind on address ('0.0.0.0', 8000): only one usage of each socket address (protocol/network address/port) is normally permitted
INFO:     Waiting for application shutdown.
INFO:     Application shutdown complete.
INFO:     Started server process [47452]
INFO:     Waiting for application startup.
INFO:     Application startup complete.
ERROR:    [Errno 10048] error while attempting to bind on address ('0.0.0.0', 8000): only one usage of each socket address (protocol/network address/port) is normally permitted
INFO:     Waiting for application shutdown.
INFO:     Application shutdown complete.
INFO:     Started server process [17716]
INFO:     Waiting for application startup.
INFO:     Application startup complete.
ERROR:    [Errno 10048] error while attempting to bind on address ('0.0.0.0', 8000): only one usage of each socket address (protocol/network address/port) is normally permitted
INFO:     Waiting for application shutdown.
INFO:     Application shutdown complete.
INFO:     Started server process [16784]
INFO:     Waiting for application startup.
INFO:     Application startup complete.
ERROR:    [Errno 10048] error while attempting to bind on address ('0.0.0.0', 8000): only one usage of each socket address (protocol/network address/port) is normally permitted
INFO:     Waiting for application shutdown.
INFO:     Application shutdown complete.
INFO:     Started server process [24268]
INFO:     Waiting for application startup.
INFO:     Application startup complete.
ERROR:    [Errno 10048] error while attempting to bind on address ('0.0.0.0', 8000): only one usage of each socket address (protocol/network address/port) is normally permitted
INFO:     Waiting for application shutdown.
INFO:     Application shutdown complete.
INFO:     Started server process [49296]
INFO:     Waiting for application startup.
INFO:     Application startup complete.
ERROR:    [Errno 10048] error while attempting to bind on address ('0.0.0.0', 8000): only one usage of each socket address (protocol/network address/port) is normally permitted
INFO:     Waiting for application shutdown.
INFO:     Application shutdown complete.
INFO:     Started server process [8144]
INFO:     Waiting for application startup.
INFO:     Application startup complete.
ERROR:    [Errno 10048] error while attempting to bind on address ('0.0.0.0', 8000): only one usage of each socket address (protocol/network address/port) is normally permitted
INFO:     Waiting for application shutdown.
INFO:     Application shutdown complete.
INFO:     Started server process [7452]
INFO:     Waiting for application startup.
INFO:     Application startup complete.
ERROR:    [Errno 10048] error while attempting to bind on address ('0.0.0.0', 8000): only one usage of each socket address (protocol/network address/port) is normally permitted
INFO:     Waiting for application shutdown.
INFO:     Application shutdown complete.
INFO:     Started server process [49876]
INFO:     Waiting for application startup.
INFO:     Application startup complete.
ERROR:    [Errno 10048] error while attempting to bind on address ('0.0.0.0', 8000): only one usage of each socket address (protocol/network address/port) is normally permitted
INFO:     Waiting for application shutdown.
INFO:     Application shutdown complete.
INFO:     Started server process [45548]
INFO:     Waiting for application startup.
INFO:     Application startup complete.
ERROR:    [Errno 10048] error while attempting to bind on address ('0.0.0.0', 8000): only one usage of each socket address (protocol/network address/port) is normally permitted
INFO:     Waiting for application shutdown.
INFO:     Application shutdown complete.
INFO:     Started server process [47408]
INFO:     Waiting for application startup.
INFO:     Application startup complete.
ERROR:    [Errno 10048] error while attempting to bind on address ('0.0.0.0', 8000): only one usage of each socket address (protocol/network address/port) is normally permitted
INFO:     Waiting for application shutdown.
INFO:     Application shutdown complete.
INFO:     Started server process [49144]
INFO:     Waiting for application startup.
INFO:     Application startup complete.
ERROR:    [Errno 10048] error while attempting to bind on address ('0.0.0.0', 8000): only one usage of each socket address (protocol/network address/port) is normally permitted
INFO:     Waiting for application shutdown.
INFO:     Application shutdown complete.
INFO:     Started server process [30300]
INFO:     Waiting for application startup.
INFO:     Application startup complete.
ERROR:    [Errno 10048] error while attempting to bind on address ('0.0.0.0', 8000): only one usage of each socket address (protocol/network address/port) is normally permitted
INFO:     Waiting for application shutdown.
INFO:     Application shutdown complete.
INFO:     Started server process [44344]
INFO:     Waiting for application startup.
INFO:     Application startup complete.
ERROR:    [Errno 10048] error while attempting to bind on address ('0.0.0.0', 8000): only one usage of each socket address (protocol/network address/port) is normally permitted
INFO:     Waiting for application shutdown.
INFO:     Application shutdown complete.
INFO:     Started server process [49240]
INFO:     Waiting for application startup.
INFO:     Application startup complete.
ERROR:    [Errno 10048] error while attempting to bind on address ('0.0.0.0', 8000): only one usage of each socket address (protocol/network address/port) is normally permitted
INFO:     Waiting for application shutdown.
INFO:     Application shutdown complete.
INFO:     Started server process [49796]
INFO:     Waiting for application startup.
INFO:     Application startup complete.
ERROR:    [Errno 10048] error while attempting to bind on address ('0.0.0.0', 8000): only one usage of each socket address (protocol/network address/port) is normally permitted
INFO:     Waiting for application shutdown.
INFO:     Application shutdown complete.
INFO:     Started server process [48860]
INFO:     Waiting for application startup.
INFO:     Application startup complete.
ERROR:    [Errno 10048] error while attempting to bind on address ('0.0.0.0', 8000): only one usage of each socket address (protocol/network address/port) is normally permitted
INFO:     Waiting for application shutdown.
INFO:     Application shutdown complete.
INFO:     Started server process [16652]
INFO:     Waiting for application startup.
INFO:     Application startup complete.
ERROR:    [Errno 10048] error while attempting to bind on address ('0.0.0.0', 8000): only one usage of each socket address (protocol/network address/port) is normally permitted
INFO:     Waiting for application shutdown.
INFO:     Application shutdown complete.
INFO:     Started server process [45068]
INFO:     Waiting for application startup.
INFO:     Application startup complete.
ERROR:    [Errno 10048] error while attempting to bind on address ('0.0.0.0', 8000): only one usage of each socket address (protocol/network address/port) is normally permitted
INFO:     Waiting for application shutdown.
INFO:     Application shutdown complete.
INFO:     Started server process [10328]
INFO:     Waiting for application startup.
INFO:     Application startup complete.
ERROR:    [Errno 10048] error while attempting to bind on address ('0.0.0.0', 8000): only one usage of each socket address (protocol/network address/port) is normally permitted
INFO:     Waiting for application shutdown.
INFO:     Application shutdown complete.
INFO:     Started server process [48992]
INFO:     Waiting for application startup.
INFO:     Application startup complete.
ERROR:    [Errno 10048] error while attempting to bind on address ('0.0.0.0', 8000): only one usage of each socket address (protocol/network address/port) is normally permitted
INFO:     Waiting for application shutdown.
INFO:     Application shutdown complete.
INFO:     Started server process [11148]
INFO:     Waiting for application startup.
INFO:     Application startup complete.
ERROR:    [Errno 10048] error while attempting to bind on address ('0.0.0.0', 8000): only one usage of each socket address (protocol/network address/port) is normally permitted
INFO:     Waiting for application shutdown.
INFO:     Application shutdown complete.
INFO:     Started server process [36132]
INFO:     Waiting for application startup.
INFO:     Application startup complete.
ERROR:    [Errno 10048] error while attempting to bind on address ('0.0.0.0', 8000): only one usage of each socket address (protocol/network address/port) is normally permitted
INFO:     Waiting for application shutdown.
INFO:     Application shutdown complete.
INFO:     Started server process [50384]
INFO:     Waiting for application startup.
INFO:     Application startup complete.
ERROR:    [Errno 10048] error while attempting to bind on address ('0.0.0.0', 8000): only one usage of each socket address (protocol/network address/port) is normally permitted
INFO:     Waiting for application shutdown.
INFO:     Application shutdown complete.
INFO:     Started server process [27680]
INFO:     Waiting for application startup.
INFO:     Application startup complete.
ERROR:    [Errno 10048] error while attempting to bind on address ('0.0.0.0', 8000): only one usage of each socket address (protocol/network address/port) is normally permitted
INFO:     Waiting for application shutdown.
INFO:     Application shutdown complete.
INFO:     Started server process [47028]
INFO:     Waiting for application startup.
INFO:     Application startup complete.
ERROR:    [Errno 10048] error while attempting to bind on address ('0.0.0.0', 8000): only one usage of each socket address (protocol/network address/port) is normally permitted
INFO:     Waiting for application shutdown.
INFO:     Application shutdown complete.
INFO:     Started server process [51032]
INFO:     Waiting for application startup.
INFO:     Application startup complete.
ERROR:    [Errno 10048] error while attempting to bind on address ('0.0.0.0', 8000): only one usage of each socket address (protocol/network address/port) is normally permitted
INFO:     Waiting for application shutdown.
INFO:     Application shutdown complete.
INFO:     Started server process [50312]
INFO:     Waiting for application startup.
INFO:     Application startup complete.
ERROR:    [Errno 10048] error while attempting to bind on address ('0.0.0.0', 8000): only one usage of each socket address (protocol/network address/port) is normally permitted
INFO:     Waiting for application shutdown.
INFO:     Application shutdown complete.
INFO:     Started server process [42796]
INFO:     Waiting for application startup.
INFO:     Application startup complete.
ERROR:    [Errno 10048] error while attempting to bind on address ('0.0.0.0', 8000): only one usage of each socket address (protocol/network address/port) is normally permitted
INFO:     Waiting for application shutdown.
INFO:     Application shutdown complete.
INFO:     Started server process [49988]
INFO:     Waiting for application startup.
INFO:     Application startup complete.
ERROR:    [Errno 10048] error while attempting to bind on address ('0.0.0.0', 8000): only one usage of each socket address (protocol/network address/port) is normally permitted
INFO:     Waiting for application shutdown.
INFO:     Application shutdown complete.
INFO:     Started server process [51104]
INFO:     Waiting for application startup.
INFO:     Application startup complete.
ERROR:    [Errno 10048] error while attempting to bind on address ('0.0.0.0', 8000): only one usage of each socket address (protocol/network address/port) is normally permitted
INFO:     Waiting for application shutdown.
INFO:     Application shutdown complete.
INFO:     Started server process [50984]
INFO:     Waiting for application startup.
INFO:     Application startup complete.
ERROR:    [Errno 10048] error while attempting to bind on address ('0.0.0.0', 8000): only one usage of each socket address (protocol/network address/port) is normally permitted
INFO:     Waiting for application shutdown.
INFO:     Application shutdown complete.
INFO:     Started server process [19436]
INFO:     Waiting for application startup.
INFO:     Application startup complete.
ERROR:    [Errno 10048] error while attempting to bind on address ('0.0.0.0', 8000): only one usage of each socket address (protocol/network address/port) is normally permitted
INFO:     Waiting for application shutdown.
INFO:     Application shutdown complete.
INFO:     Started server process [11920]
INFO:     Waiting for application startup.
INFO:     Application startup complete.
ERROR:    [Errno 10048] error while attempting to bind on address ('0.0.0.0', 8000): only one usage of each socket address (protocol/network address/port) is normally permitted
INFO:     Waiting for application shutdown.
INFO:     Application shutdown complete.
INFO:     Started server process [23452]
INFO:     Waiting for application startup.
INFO:     Application startup complete.
ERROR:    [Errno 10048] error while attempting to bind on address ('0.0.0.0', 8000): only one usage of each socket address (protocol/network address/port) is normally permitted
INFO:     Waiting for application shutdown.
INFO:     Application shutdown complete.
INFO:     Started server process [50484]
INFO:     Waiting for application startup.
INFO:     Application startup complete.
ERROR:    [Errno 10048] error while attempting to bind on address ('0.0.0.0', 8000): only one usage of each socket address (protocol/network address/port) is normally permitted
INFO:     Waiting for application shutdown.
INFO:     Application shutdown complete.
INFO:     Started server process [50448]
INFO:     Waiting for application startup.
INFO:     Application startup complete.
ERROR:    [Errno 10048] error while attempting to bind on address ('0.0.0.0', 8000): only one usage of each socket address (protocol/network address/port) is normally permitted
INFO:     Waiting for application shutdown.
INFO:     Application shutdown complete.
INFO:     Started server process [10192]
INFO:     Waiting for application startup.
INFO:     Application startup complete.
ERROR:    [Errno 10048] error while attempting to bind on address ('0.0.0.0', 8000): only one usage of each socket address (protocol/network address/port) is normally permitted
INFO:     Waiting for application shutdown.
INFO:     Application shutdown complete.
INFO:     Started server process [51744]
INFO:     Waiting for application startup.
INFO:     Application startup complete.
ERROR:    [Errno 10048] error while attempting to bind on address ('0.0.0.0', 8000): only one usage of each socket address (protocol/network address/port) is normally permitted
INFO:     Waiting for application shutdown.
INFO:     Application shutdown complete.
INFO:     Started server process [50976]
INFO:     Waiting for application startup.
INFO:     Application startup complete.
ERROR:    [Errno 10048] error while attempting to bind on address ('0.0.0.0', 8000): only one usage of each socket address (protocol/network address/port) is normally permitted
INFO:     Waiting for application shutdown.
INFO:     Application shutdown complete.
INFO:     Started server process [43112]
INFO:     Waiting for application startup.
INFO:     Application startup complete.
ERROR:    [Errno 10048] error while attempting to bind on address ('0.0.0.0', 8000): only one usage of each socket address (protocol/network address/port) is normally permitted
INFO:     Waiting for application shutdown.
INFO:     Application shutdown complete.
INFO:     Started server process [45620]
INFO:     Waiting for application startup.
INFO:     Application startup complete.
ERROR:    [Errno 10048] error while attempting to bind on address ('0.0.0.0', 8000): only one usage of each socket address (protocol/network address/port) is normally permitted
INFO:     Waiting for application shutdown.
INFO:     Application shutdown complete.
INFO:     Started server process [51364]
INFO:     Waiting for application startup.
INFO:     Application startup complete.
ERROR:    [Errno 10048] error while attempting to bind on address ('0.0.0.0', 8000): only one usage of each socket address (protocol/network address/port) is normally permitted
INFO:     Waiting for application shutdown.
INFO:     Application shutdown complete.
INFO:     Started server process [47112]
INFO:     Waiting for application startup.
INFO:     Application startup complete.
ERROR:    [Errno 10048] error while attempting to bind on address ('0.0.0.0', 8000): only one usage of each socket address (protocol/network address/port) is normally permitted
INFO:     Waiting for application shutdown.
INFO:     Application shutdown complete.
INFO:     Started server process [51332]
INFO:     Waiting for application startup.
INFO:     Application startup complete.
ERROR:    [Errno 10048] error while attempting to bind on address ('0.0.0.0', 8000): only one usage of each socket address (protocol/network address/port) is normally permitted
INFO:     Waiting for application shutdown.
INFO:     Application shutdown complete.
INFO:     Started server process [35960]
INFO:     Waiting for application startup.
INFO:     Application startup complete.
ERROR:    [Errno 10048] error while attempting to bind on address ('0.0.0.0', 8000): only one usage of each socket address (protocol/network address/port) is normally permitted
INFO:     Waiting for application shutdown.
INFO:     Application shutdown complete.
INFO:     Started server process [51008]
INFO:     Waiting for application startup.
INFO:     Application startup complete.
ERROR:    [Errno 10048] error while attempting to bind on address ('0.0.0.0', 8000): only one usage of each socket address (protocol/network address/port) is normally permitted
INFO:     Waiting for application shutdown.
INFO:     Application shutdown complete.
INFO:     Started server process [51032]
INFO:     Waiting for application startup.
INFO:     Application startup complete.
ERROR:    [Errno 10048] error while attempting to bind on address ('0.0.0.0', 8000): only one usage of each socket address (protocol/network address/port) is normally permitted
INFO:     Waiting for application shutdown.
INFO:     Application shutdown complete.
INFO:     Started server process [2248]
INFO:     Waiting for application startup.
INFO:     Application startup complete.
ERROR:    [Errno 10048] error while attempting to bind on address ('0.0.0.0', 8000): only one usage of each socket address (protocol/network address/port) is normally permitted
INFO:     Waiting for application shutdown.
INFO:     Application shutdown complete.
INFO:     Started server process [49424]
INFO:     Waiting for application startup.
INFO:     Application startup complete.
ERROR:    [Errno 10048] error while attempting to bind on address ('0.0.0.0', 8000): only one usage of each socket address (protocol/network address/port) is normally permitted
INFO:     Waiting for application shutdown.
INFO:     Application shutdown complete.
INFO:     Started server process [24336]
INFO:     Waiting for application startup.
INFO:     Application startup complete.
ERROR:    [Errno 10048] error while attempting to bind on address ('0.0.0.0', 8000): only one usage of each socket address (protocol/network address/port) is normally permitted
INFO:     Waiting for application shutdown.
INFO:     Application shutdown complete.
INFO:     Started server process [52212]
INFO:     Waiting for application startup.
INFO:     Application startup complete.
ERROR:    [Errno 10048] error while attempting to bind on address ('0.0.0.0', 8000): only one usage of each socket address (protocol/network address/port) is normally permitted
INFO:     Waiting for application shutdown.
INFO:     Application shutdown complete.
INFO:     Started server process [49632]
INFO:     Waiting for application startup.
INFO:     Application startup complete.
ERROR:    [Errno 10048] error while attempting to bind on address ('0.0.0.0', 8000): only one usage of each socket address (protocol/network address/port) is normally permitted
INFO:     Waiting for application shutdown.
INFO:     Application shutdown complete.
INFO:     Started server process [50352]
INFO:     Waiting for application startup.
INFO:     Application startup complete.
ERROR:    [Errno 10048] error while attempting to bind on address ('0.0.0.0', 8000): only one usage of each socket address (protocol/network address/port) is normally permitted
INFO:     Waiting for application shutdown.
INFO:     Application shutdown complete.
INFO:     Started server process [41972]
INFO:     Waiting for application startup.
INFO:     Application startup complete.
ERROR:    [Errno 10048] error while attempting to bind on address ('0.0.0.0', 8000): only one usage of each socket address (protocol/network address/port) is normally permitted
INFO:     Waiting for application shutdown.
INFO:     Application shutdown complete.
INFO:     Started server process [29304]
INFO:     Waiting for application startup.
INFO:     Application startup complete.
ERROR:    [Errno 10048] error while attempting to bind on address ('0.0.0.0', 8000): only one usage of each socket address (protocol/network address/port) is normally permitted
INFO:     Waiting for application shutdown.
INFO:     Application shutdown complete.
INFO:     Started server process [48652]
INFO:     Waiting for application startup.
INFO:     Application startup complete.
ERROR:    [Errno 10048] error while attempting to bind on address ('0.0.0.0', 8000): only one usage of each socket address (protocol/network address/port) is normally permitted
INFO:     Waiting for application shutdown.
INFO:     Application shutdown complete.
INFO:     Started server process [49728]
INFO:     Waiting for application startup.
INFO:     Application startup complete.
ERROR:    [Errno 10048] error while attempting to bind on address ('0.0.0.0', 8000): only one usage of each socket address (protocol/network address/port) is normally permitted
INFO:     Waiting for application shutdown.
INFO:     Application shutdown complete.
INFO:     Started server process [41604]
INFO:     Waiting for application startup.
INFO:     Application startup complete.
ERROR:    [Errno 10048] error while attempting to bind on address ('0.0.0.0', 8000): only one usage of each socket address (protocol/network address/port) is normally permitted
INFO:     Waiting for application shutdown.
INFO:     Application shutdown complete.
INFO:     Started server process [41604]
INFO:     Waiting for application startup.
INFO:     Application startup complete.
ERROR:    [Errno 10048] error while attempting to bind on address ('0.0.0.0', 8000): only one usage of each socket address (protocol/network address/port) is normally permitted
INFO:     Waiting for application shutdown.
INFO:     Application shutdown complete.
INFO:     Started server process [23284]
INFO:     Waiting for application startup.
INFO:     Application startup complete.
ERROR:    [Errno 10048] error while attempting to bind on address ('0.0.0.0', 8000): only one usage of each socket address (protocol/network address/port) is normally permitted
INFO:     Waiting for application shutdown.
INFO:     Application shutdown complete.
INFO:     Started server process [37420]
INFO:     Waiting for application startup.
INFO:     Application startup complete.
ERROR:    [Errno 10048] error while attempting to bind on address ('0.0.0.0', 8000): only one usage of each socket address (protocol/network address/port) is normally permitted
INFO:     Waiting for application shutdown.
INFO:     Application shutdown complete.
INFO:     Started server process [48500]
INFO:     Waiting for application startup.
INFO:     Application startup complete.
ERROR:    [Errno 10048] error while attempting to bind on address ('0.0.0.0', 8000): only one usage of each socket address (protocol/network address/port) is normally permitted
INFO:     Waiting for application shutdown.
INFO:     Application shutdown complete.
INFO:     Started server process [50956]
INFO:     Waiting for application startup.
INFO:     Application startup complete.
ERROR:    [Errno 10048] error while attempting to bind on address ('0.0.0.0', 8000): only one usage of each socket address (protocol/network address/port) is normally permitted
INFO:     Waiting for application shutdown.
INFO:     Application shutdown complete.
INFO:     Started server process [51860]
INFO:     Waiting for application startup.
INFO:     Application startup complete.
ERROR:    [Errno 10048] error while attempting to bind on address ('0.0.0.0', 8000): only one usage of each socket address (protocol/network address/port) is normally permitted
INFO:     Waiting for application shutdown.
INFO:     Application shutdown complete.
INFO:     Started server process [36760]
INFO:     Waiting for application startup.
INFO:     Application startup complete.
ERROR:    [Errno 10048] error while attempting to bind on address ('0.0.0.0', 8000): only one usage of each socket address (protocol/network address/port) is normally permitted
INFO:     Waiting for application shutdown.
INFO:     Application shutdown complete.
INFO:     Started server process [47344]
INFO:     Waiting for application startup.
INFO:     Application startup complete.
ERROR:    [Errno 10048] error while attempting to bind on address ('0.0.0.0', 8000): only one usage of each socket address (protocol/network address/port) is normally permitted
INFO:     Waiting for application shutdown.
INFO:     Application shutdown complete.
INFO:     Started server process [50772]
INFO:     Waiting for application startup.
INFO:     Application startup complete.
ERROR:    [Errno 10048] error while attempting to bind on address ('0.0.0.0', 8000): only one usage of each socket address (protocol/network address/port) is normally permitted
INFO:     Waiting for application shutdown.
INFO:     Application shutdown complete.
INFO:     Started server process [11648]
INFO:     Waiting for application startup.
INFO:     Application startup complete.
ERROR:    [Errno 10048] error while attempting to bind on address ('0.0.0.0', 8000): only one usage of each socket address (protocol/network address/port) is normally permitted
INFO:     Waiting for application shutdown.
INFO:     Application shutdown complete.
INFO:     Started server process [45588]
INFO:     Waiting for application startup.
INFO:     Application startup complete.
ERROR:    [Errno 10048] error while attempting to bind on address ('0.0.0.0', 8000): only one usage of each socket address (protocol/network address/port) is normally permitted
INFO:     Waiting for application shutdown.
INFO:     Application shutdown complete.
INFO:     Started server process [39336]
INFO:     Waiting for application startup.
INFO:     Application startup complete.
ERROR:    [Errno 10048] error while attempting to bind on address ('0.0.0.0', 8000): only one usage of each socket address (protocol/network address/port) is normally permitted
INFO:     Waiting for application shutdown.
INFO:     Application shutdown complete.
INFO:     Started server process [48048]
INFO:     Waiting for application startup.
INFO:     Application startup complete.
ERROR:    [Errno 10048] error while attempting to bind on address ('0.0.0.0', 8000): only one usage of each socket address (protocol/network address/port) is normally permitted
INFO:     Waiting for application shutdown.
INFO:     Application shutdown complete.
INFO:     Started server process [27452]
INFO:     Waiting for application startup.
INFO:     Application startup complete.
ERROR:    [Errno 10048] error while attempting to bind on address ('0.0.0.0', 8000): only one usage of each socket address (protocol/network address/port) is normally permitted
INFO:     Waiting for application shutdown.
INFO:     Application shutdown complete.
INFO:     Started server process [17256]
INFO:     Waiting for application startup.
INFO:     Application startup complete.
ERROR:    [Errno 10048] error while attempting to bind on address ('0.0.0.0', 8000): only one usage of each socket address (protocol/network address/port) is normally permitted
INFO:     Waiting for application shutdown.
INFO:     Application shutdown complete.
INFO:     Started server process [48348]
INFO:     Waiting for application startup.
INFO:     Application startup complete.
ERROR:    [Errno 10048] error while attempting to bind on address ('0.0.0.0', 8000): only one usage of each socket address (protocol/network address/port) is normally permitted
INFO:     Waiting for application shutdown.
INFO:     Application shutdown complete.
INFO:     Started server process [51476]
INFO:     Waiting for application startup.
INFO:     Application startup complete.
ERROR:    [Errno 10048] error while attempting to bind on address ('0.0.0.0', 8000): only one usage of each socket address (protocol/network address/port) is normally permitted
INFO:     Waiting for application shutdown.
INFO:     Application shutdown complete.
INFO:     Started server process [52488]
INFO:     Waiting for application startup.
INFO:     Application startup complete.
ERROR:    [Errno 10048] error while attempting to bind on address ('0.0.0.0', 8000): only one usage of each socket address (protocol/network address/port) is normally permitted
INFO:     Waiting for application shutdown.
INFO:     Application shutdown complete.
INFO:     Started server process [52392]
INFO:     Waiting for application startup.
INFO:     Application startup complete.
ERROR:    [Errno 10048] error while attempting to bind on address ('0.0.0.0', 8000): only one usage of each socket address (protocol/network address/port) is normally permitted
INFO:     Waiting for application shutdown.
INFO:     Application shutdown complete.
INFO:     Started server process [41008]
INFO:     Waiting for application startup.
INFO:     Application startup complete.
ERROR:    [Errno 10048] error while attempting to bind on address ('0.0.0.0', 8000): only one usage of each socket address (protocol/network address/port) is normally permitted
INFO:     Waiting for application shutdown.
INFO:     Application shutdown complete.
INFO:     Started server process [48308]
INFO:     Waiting for application startup.
INFO:     Application startup complete.
ERROR:    [Errno 10048] error while attempting to bind on address ('0.0.0.0', 8000): only one usage of each socket address (protocol/network address/port) is normally permitted
INFO:     Waiting for application shutdown.
INFO:     Application shutdown complete.
INFO:     Started server process [51956]
INFO:     Waiting for application startup.
INFO:     Application startup complete.
ERROR:    [Errno 10048] error while attempting to bind on address ('0.0.0.0', 8000): only one usage of each socket address (protocol/network address/port) is normally permitted
INFO:     Waiting for application shutdown.
INFO:     Application shutdown complete.
INFO:     Started server process [49496]
INFO:     Waiting for application startup.
INFO:     Application startup complete.
ERROR:    [Errno 10048] error while attempting to bind on address ('0.0.0.0', 8000): only one usage of each socket address (protocol/network address/port) is normally permitted
INFO:     Waiting for application shutdown.
INFO:     Application shutdown complete.
INFO:     Started server process [46996]
INFO:     Waiting for application startup.
INFO:     Application startup complete.
ERROR:    [Errno 10048] error while attempting to bind on address ('0.0.0.0', 8000): only one usage of each socket address (protocol/network address/port) is normally permitted
INFO:     Waiting for application shutdown.
INFO:     Application shutdown complete.
INFO:     Started server process [52572]
INFO:     Waiting for application startup.
INFO:     Application startup complete.
ERROR:    [Errno 10048] error while attempting to bind on address ('0.0.0.0', 8000): only one usage of each socket address (protocol/network address/port) is normally permitted
INFO:     Waiting for application shutdown.
INFO:     Application shutdown complete.
INFO:     Started server process [46096]
INFO:     Waiting for application startup.
INFO:     Application startup complete.
ERROR:    [Errno 10048] error while attempting to bind on address ('0.0.0.0', 8000): only one usage of each socket address (protocol/network address/port) is normally permitted
INFO:     Waiting for application shutdown.
INFO:     Application shutdown complete.
INFO:     Started server process [19584]
INFO:     Waiting for application startup.
INFO:     Application startup complete.
ERROR:    [Errno 10048] error while attempting to bind on address ('0.0.0.0', 8000): only one usage of each socket address (protocol/network address/port) is normally permitted
INFO:     Waiting for application shutdown.
INFO:     Application shutdown complete.
INFO:     Started server process [47552]
INFO:     Waiting for application startup.
INFO:     Application startup complete.
ERROR:    [Errno 10048] error while attempting to bind on address ('0.0.0.0', 8000): only one usage of each socket address (protocol/network address/port) is normally permitted
INFO:     Waiting for application shutdown.
INFO:     Application shutdown complete.
INFO:     Started server process [23416]
INFO:     Waiting for application startup.
INFO:     Application startup complete.
ERROR:    [Errno 10048] error while attempting to bind on address ('0.0.0.0', 8000): only one usage of each socket address (protocol/network address/port) is normally permitted
INFO:     Waiting for application shutdown.
INFO:     Application shutdown complete.
INFO:     Started server process [52780]
INFO:     Waiting for application startup.
INFO:     Application startup complete.
ERROR:    [Errno 10048] error while attempting to bind on address ('0.0.0.0', 8000): only one usage of each socket address (protocol/network address/port) is normally permitted
INFO:     Waiting for application shutdown.
INFO:     Application shutdown complete.
INFO:     Started server process [51132]
INFO:     Waiting for application startup.
INFO:     Application startup complete.
ERROR:    [Errno 10048] error while attempting to bind on address ('0.0.0.0', 8000): only one usage of each socket address (protocol/network address/port) is normally permitted
INFO:     Waiting for application shutdown.
INFO:     Application shutdown complete.
INFO:     Started server process [51820]
INFO:     Waiting for application startup.
INFO:     Application startup complete.
ERROR:    [Errno 10048] error while attempting to bind on address ('0.0.0.0', 8000): only one usage of each socket address (protocol/network address/port) is normally permitted
INFO:     Waiting for application shutdown.
INFO:     Application shutdown complete.
INFO:     Started server process [48912]
INFO:     Waiting for application startup.
INFO:     Application startup complete.
ERROR:    [Errno 10048] error while attempting to bind on address ('0.0.0.0', 8000): only one usage of each socket address (protocol/network address/port) is normally permitted
INFO:     Waiting for application shutdown.
INFO:     Application shutdown complete.
INFO:     Started server process [51020]
INFO:     Waiting for application startup.
INFO:     Application startup complete.
ERROR:    [Errno 10048] error while attempting to bind on address ('0.0.0.0', 8000): only one usage of each socket address (protocol/network address/port) is normally permitted
INFO:     Waiting for application shutdown.
INFO:     Application shutdown complete.
INFO:     Started server process [50800]
INFO:     Waiting for application startup.
INFO:     Application startup complete.
ERROR:    [Errno 10048] error while attempting to bind on address ('0.0.0.0', 8000): only one usage of each socket address (protocol/network address/port) is normally permitted
INFO:     Waiting for application shutdown.
INFO:     Application shutdown complete.
INFO:     Started server process [53228]
INFO:     Waiting for application startup.
INFO:     Application startup complete.
ERROR:    [Errno 10048] error while attempting to bind on address ('0.0.0.0', 8000): only one usage of each socket address (protocol/network address/port) is normally permitted
INFO:     Waiting for application shutdown.
INFO:     Application shutdown complete.
INFO:     Started server process [6640]
INFO:     Waiting for application startup.
INFO:     Application startup complete.
ERROR:    [Errno 10048] error while attempting to bind on address ('0.0.0.0', 8000): only one usage of each socket address (protocol/network address/port) is normally permitted
INFO:     Waiting for application shutdown.
INFO:     Application shutdown complete.
INFO:     Started server process [50536]
INFO:     Waiting for application startup.
INFO:     Application startup complete.
ERROR:    [Errno 10048] error while attempting to bind on address ('0.0.0.0', 8000): only one usage of each socket address (protocol/network address/port) is normally permitted
INFO:     Waiting for application shutdown.
INFO:     Application shutdown complete.
INFO:     Started server process [52772]
INFO:     Waiting for application startup.
INFO:     Application startup complete.
ERROR:    [Errno 10048] error while attempting to bind on address ('0.0.0.0', 8000): only one usage of each socket address (protocol/network address/port) is normally permitted
INFO:     Waiting for application shutdown.
INFO:     Application shutdown complete.
INFO:     Started server process [48912]
INFO:     Waiting for application startup.
INFO:     Application startup complete.
ERROR:    [Errno 10048] error while attempting to bind on address ('0.0.0.0', 8000): only one usage of each socket address (protocol/network address/port) is normally permitted
INFO:     Waiting for application shutdown.
INFO:     Application shutdown complete.
INFO:     Started server process [50780]
INFO:     Waiting for application startup.
INFO:     Application startup complete.
ERROR:    [Errno 10048] error while attempting to bind on address ('0.0.0.0', 8000): only one usage of each socket address (protocol/network address/port) is normally permitted
INFO:     Waiting for application shutdown.
INFO:     Application shutdown complete.
INFO:     Started server process [51524]
INFO:     Waiting for application startup.
INFO:     Application startup complete.
ERROR:    [Errno 10048] error while attempting to bind on address ('0.0.0.0', 8000): only one usage of each socket address (protocol/network address/port) is normally permitted
INFO:     Waiting for application shutdown.
INFO:     Application shutdown complete.
INFO:     Started server process [43656]
INFO:     Waiting for application startup.
INFO:     Application startup complete.
ERROR:    [Errno 10048] error while attempting to bind on address ('0.0.0.0', 8000): only one usage of each socket address (protocol/network address/port) is normally permitted
INFO:     Waiting for application shutdown.
INFO:     Application shutdown complete.
INFO:     Started server process [21676]
INFO:     Waiting for application startup.
INFO:     Application startup complete.
ERROR:    [Errno 10048] error while attempting to bind on address ('0.0.0.0', 8000): only one usage of each socket address (protocol/network address/port) is normally permitted
INFO:     Waiting for application shutdown.
INFO:     Application shutdown complete.
INFO:     Started server process [50276]
INFO:     Waiting for application startup.
INFO:     Application startup complete.
ERROR:    [Errno 10048] error while attempting to bind on address ('0.0.0.0', 8000): only one usage of each socket address (protocol/network address/port) is normally permitted
INFO:     Waiting for application shutdown.
INFO:     Application shutdown complete.
INFO:     Started server process [52896]
INFO:     Waiting for application startup.
INFO:     Application startup complete.
ERROR:    [Errno 10048] error while attempting to bind on address ('0.0.0.0', 8000): only one usage of each socket address (protocol/network address/port) is normally permitted
INFO:     Waiting for application shutdown.
INFO:     Application shutdown complete.
INFO:     Started server process [53220]
INFO:     Waiting for application startup.
INFO:     Application startup complete.
ERROR:    [Errno 10048] error while attempting to bind on address ('0.0.0.0', 8000): only one usage of each socket address (protocol/network address/port) is normally permitted
INFO:     Waiting for application shutdown.
INFO:     Application shutdown complete.
INFO:     Started server process [53164]
INFO:     Waiting for application startup.
INFO:     Application startup complete.
ERROR:    [Errno 10048] error while attempting to bind on address ('0.0.0.0', 8000): only one usage of each socket address (protocol/network address/port) is normally permitted
INFO:     Waiting for application shutdown.
INFO:     Application shutdown complete.
INFO:     Started server process [52772]
INFO:     Waiting for application startup.
INFO:     Application startup complete.
ERROR:    [Errno 10048] error while attempting to bind on address ('0.0.0.0', 8000): only one usage of each socket address (protocol/network address/port) is normally permitted
INFO:     Waiting for application shutdown.
INFO:     Application shutdown complete.
INFO:     Started server process [52268]
INFO:     Waiting for application startup.
INFO:     Application startup complete.
ERROR:    [Errno 10048] error while attempting to bind on address ('0.0.0.0', 8000): only one usage of each socket address (protocol/network address/port) is normally permitted
INFO:     Waiting for application shutdown.
INFO:     Application shutdown complete.
INFO:     Started server process [49384]
INFO:     Waiting for application startup.
INFO:     Application startup complete.
ERROR:    [Errno 10048] error while attempting to bind on address ('0.0.0.0', 8000): only one usage of each socket address (protocol/network address/port) is normally permitted
INFO:     Waiting for application shutdown.
INFO:     Application shutdown complete.
INFO:     Started server process [6976]
INFO:     Waiting for application startup.
INFO:     Application startup complete.
ERROR:    [Errno 10048] error while attempting to bind on address ('0.0.0.0', 8000): only one usage of each socket address (protocol/network address/port) is normally permitted
INFO:     Waiting for application shutdown.
INFO:     Application shutdown complete.
INFO:     Started server process [54140]
INFO:     Waiting for application startup.
INFO:     Application startup complete.
ERROR:    [Errno 10048] error while attempting to bind on address ('0.0.0.0', 8000): only one usage of each socket address (protocol/network address/port) is normally permitted
INFO:     Waiting for application shutdown.
INFO:     Application shutdown complete.
INFO:     Started server process [54184]
INFO:     Waiting for application startup.
INFO:     Application startup complete.
ERROR:    [Errno 10048] error while attempting to bind on address ('0.0.0.0', 8000): only one usage of each socket address (protocol/network address/port) is normally permitted
INFO:     Waiting for application shutdown.
INFO:     Application shutdown complete.
INFO:     Started server process [53856]
INFO:     Waiting for application startup.
INFO:     Application startup complete.
ERROR:    [Errno 10048] error while attempting to bind on address ('0.0.0.0', 8000): only one usage of each socket address (protocol/network address/port) is normally permitted
INFO:     Waiting for application shutdown.
INFO:     Application shutdown complete.
INFO:     Started server process [53992]
INFO:     Waiting for application startup.
INFO:     Application startup complete.
ERROR:    [Errno 10048] error while attempting to bind on address ('0.0.0.0', 8000): only one usage of each socket address (protocol/network address/port) is normally permitted
INFO:     Waiting for application shutdown.
INFO:     Application shutdown complete.
INFO:     Started server process [49984]
INFO:     Waiting for application startup.
INFO:     Application startup complete.
ERROR:    [Errno 10048] error while attempting to bind on address ('0.0.0.0', 8000): only one usage of each socket address (protocol/network address/port) is normally permitted
INFO:     Waiting for application shutdown.
INFO:     Application shutdown complete.
INFO:     Started server process [51448]
INFO:     Waiting for application startup.
INFO:     Application startup complete.
ERROR:    [Errno 10048] error while attempting to bind on address ('0.0.0.0', 8000): only one usage of each socket address (protocol/network address/port) is normally permitted
INFO:     Waiting for application shutdown.
INFO:     Application shutdown complete.
INFO:     Started server process [53472]
INFO:     Waiting for application startup.
INFO:     Application startup complete.
ERROR:    [Errno 10048] error while attempting to bind on address ('0.0.0.0', 8000): only one usage of each socket address (protocol/network address/port) is normally permitted
INFO:     Waiting for application shutdown.
INFO:     Application shutdown complete.
INFO:     Started server process [51660]
INFO:     Waiting for application startup.
INFO:     Application startup complete.
ERROR:    [Errno 10048] error while attempting to bind on address ('0.0.0.0', 8000): only one usage of each socket address (protocol/network address/port) is normally permitted
INFO:     Waiting for application shutdown.
INFO:     Application shutdown complete.
INFO:     Started server process [40608]
INFO:     Waiting for application startup.
INFO:     Application startup complete.
ERROR:    [Errno 10048] error while attempting to bind on address ('0.0.0.0', 8000): only one usage of each socket address (protocol/network address/port) is normally permitted
INFO:     Waiting for application shutdown.
INFO:     Application shutdown complete.
INFO:     Started server process [30152]
INFO:     Waiting for application startup.
INFO:     Application startup complete.
ERROR:    [Errno 10048] error while attempting to bind on address ('0.0.0.0', 8000): only one usage of each socket address (protocol/network address/port) is normally permitted
INFO:     Waiting for application shutdown.
INFO:     Application shutdown complete.
INFO:     Started server process [49844]
INFO:     Waiting for application startup.
INFO:     Application startup complete.
ERROR:    [Errno 10048] error while attempting to bind on address ('0.0.0.0', 8000): only one usage of each socket address (protocol/network address/port) is normally permitted
INFO:     Waiting for application shutdown.
INFO:     Application shutdown complete.
INFO:     Started server process [49568]
INFO:     Waiting for application startup.
INFO:     Application startup complete.
ERROR:    [Errno 10048] error while attempting to bind on address ('0.0.0.0', 8000): only one usage of each socket address (protocol/network address/port) is normally permitted
INFO:     Waiting for application shutdown.
INFO:     Application shutdown complete.
INFO:     Started server process [43732]
INFO:     Waiting for application startup.
INFO:     Application startup complete.
ERROR:    [Errno 10048] error while attempting to bind on address ('0.0.0.0', 8000): only one usage of each socket address (protocol/network address/port) is normally permitted
INFO:     Waiting for application shutdown.
INFO:     Application shutdown complete.
INFO:     Started server process [51484]
INFO:     Waiting for application startup.
INFO:     Application startup complete.
ERROR:    [Errno 10048] error while attempting to bind on address ('0.0.0.0', 8000): only one usage of each socket address (protocol/network address/port) is normally permitted
INFO:     Waiting for application shutdown.
INFO:     Application shutdown complete.
INFO:     Started server process [52256]
INFO:     Waiting for application startup.
INFO:     Application startup complete.
ERROR:    [Errno 10048] error while attempting to bind on address ('0.0.0.0', 8000): only one usage of each socket address (protocol/network address/port) is normally permitted
INFO:     Waiting for application shutdown.
INFO:     Application shutdown complete.
INFO:     Started server process [26768]
INFO:     Waiting for application startup.
INFO:     Application startup complete.
ERROR:    [Errno 10048] error while attempting to bind on address ('0.0.0.0', 8000): only one usage of each socket address (protocol/network address/port) is normally permitted
INFO:     Waiting for application shutdown.
INFO:     Application shutdown complete.
INFO:     Started server process [53092]
INFO:     Waiting for application startup.
INFO:     Application startup complete.
ERROR:    [Errno 10048] error while attempting to bind on address ('0.0.0.0', 8000): only one usage of each socket address (protocol/network address/port) is normally permitted
INFO:     Waiting for application shutdown.
INFO:     Application shutdown complete.
INFO:     Started server process [51244]
INFO:     Waiting for application startup.
INFO:     Application startup complete.
ERROR:    [Errno 10048] error while attempting to bind on address ('0.0.0.0', 8000): only one usage of each socket address (protocol/network address/port) is normally permitted
INFO:     Waiting for application shutdown.
INFO:     Application shutdown complete.
INFO:     Started server process [39096]
INFO:     Waiting for application startup.
INFO:     Application startup complete.
ERROR:    [Errno 10048] error while attempting to bind on address ('0.0.0.0', 8000): only one usage of each socket address (protocol/network address/port) is normally permitted
INFO:     Waiting for application shutdown.
INFO:     Application shutdown complete.
INFO:     Started server process [53712]
INFO:     Waiting for application startup.
INFO:     Application startup complete.
ERROR:    [Errno 10048] error while attempting to bind on address ('0.0.0.0', 8000): only one usage of each socket address (protocol/network address/port) is normally permitted
INFO:     Waiting for application shutdown.
INFO:     Application shutdown complete.
INFO:     Started server process [48028]
INFO:     Waiting for application startup.
INFO:     Application startup complete.
ERROR:    [Errno 10048] error while attempting to bind on address ('0.0.0.0', 8000): only one usage of each socket address (protocol/network address/port) is normally permitted
INFO:     Waiting for application shutdown.
INFO:     Application shutdown complete.
INFO:     Started server process [49212]
INFO:     Waiting for application startup.
INFO:     Application startup complete.
ERROR:    [Errno 10048] error while attempting to bind on address ('0.0.0.0', 8000): only one usage of each socket address (protocol/network address/port) is normally permitted
INFO:     Waiting for application shutdown.
INFO:     Application shutdown complete.
INFO:     Started server process [48392]
INFO:     Waiting for application startup.
INFO:     Application startup complete.
ERROR:    [Errno 10048] error while attempting to bind on address ('0.0.0.0', 8000): only one usage of each socket address (protocol/network address/port) is normally permitted
INFO:     Waiting for application shutdown.
INFO:     Application shutdown complete.
INFO:     Started server process [48612]
INFO:     Waiting for application startup.
INFO:     Application startup complete.
ERROR:    [Errno 10048] error while attempting to bind on address ('0.0.0.0', 8000): only one usage of each socket address (protocol/network address/port) is normally permitted
INFO:     Waiting for application shutdown.
INFO:     Application shutdown complete.
INFO:     Started server process [51732]
INFO:     Waiting for application startup.
INFO:     Application startup complete.
ERROR:    [Errno 10048] error while attempting to bind on address ('0.0.0.0', 8000): only one usage of each socket address (protocol/network address/port) is normally permitted
INFO:     Waiting for application shutdown.
INFO:     Application shutdown complete.
INFO:     Started server process [49044]
INFO:     Waiting for application startup.
INFO:     Application startup complete.
ERROR:    [Errno 10048] error while attempting to bind on address ('0.0.0.0', 8000): only one usage of each socket address (protocol/network address/port) is normally permitted
INFO:     Waiting for application shutdown.
INFO:     Application shutdown complete.
INFO:     Started server process [50572]
INFO:     Waiting for application startup.
INFO:     Application startup complete.
ERROR:    [Errno 10048] error while attempting to bind on address ('0.0.0.0', 8000): only one usage of each socket address (protocol/network address/port) is normally permitted
INFO:     Waiting for application shutdown.
INFO:     Application shutdown complete.
INFO:     Started server process [51164]
INFO:     Waiting for application startup.
INFO:     Application startup complete.
ERROR:    [Errno 10048] error while attempting to bind on address ('0.0.0.0', 8000): only one usage of each socket address (protocol/network address/port) is normally permitted
INFO:     Waiting for application shutdown.
INFO:     Application shutdown complete.
INFO:     Started server process [53908]
INFO:     Waiting for application startup.
INFO:     Application startup complete.
ERROR:    [Errno 10048] error while attempting to bind on address ('0.0.0.0', 8000): only one usage of each socket address (protocol/network address/port) is normally permitted
INFO:     Waiting for application shutdown.
INFO:     Application shutdown complete.
INFO:     Started server process [10280]
INFO:     Waiting for application startup.
INFO:     Application startup complete.
ERROR:    [Errno 10048] error while attempting to bind on address ('0.0.0.0', 8000): only one usage of each socket address (protocol/network address/port) is normally permitted
INFO:     Waiting for application shutdown.
INFO:     Application shutdown complete.
INFO:     Started server process [46408]
INFO:     Waiting for application startup.
INFO:     Application startup complete.
ERROR:    [Errno 10048] error while attempting to bind on address ('0.0.0.0', 8000): only one usage of each socket address (protocol/network address/port) is normally permitted
INFO:     Waiting for application shutdown.
INFO:     Application shutdown complete.
INFO:     Started server process [52212]
INFO:     Waiting for application startup.
INFO:     Application startup complete.
ERROR:    [Errno 10048] error while attempting to bind on address ('0.0.0.0', 8000): only one usage of each socket address (protocol/network address/port) is normally permitted
INFO:     Waiting for application shutdown.
INFO:     Application shutdown complete.
INFO:     Started server process [54204]
INFO:     Waiting for application startup.
INFO:     Application startup complete.
ERROR:    [Errno 10048] error while attempting to bind on address ('0.0.0.0', 8000): only one usage of each socket address (protocol/network address/port) is normally permitted
INFO:     Waiting for application shutdown.
INFO:     Application shutdown complete.
INFO:     Started server process [29760]
INFO:     Waiting for application startup.
INFO:     Application startup complete.
ERROR:    [Errno 10048] error while attempting to bind on address ('0.0.0.0', 8000): only one usage of each socket address (protocol/network address/port) is normally permitted
INFO:     Waiting for application shutdown.
INFO:     Application shutdown complete.
INFO:     Started server process [14484]
INFO:     Waiting for application startup.
INFO:     Application startup complete.
ERROR:    [Errno 10048] error while attempting to bind on address ('0.0.0.0', 8000): only one usage of each socket address (protocol/network address/port) is normally permitted
INFO:     Waiting for application shutdown.
INFO:     Application shutdown complete.
INFO:     Started server process [37908]
INFO:     Waiting for application startup.
INFO:     Application startup complete.
ERROR:    [Errno 10048] error while attempting to bind on address ('0.0.0.0', 8000): only one usage of each socket address (protocol/network address/port) is normally permitted
INFO:     Waiting for application shutdown.
INFO:     Application shutdown complete.
INFO:     Started server process [48344]
INFO:     Waiting for application startup.
INFO:     Application startup complete.
ERROR:    [Errno 10048] error while attempting to bind on address ('0.0.0.0', 8000): only one usage of each socket address (protocol/network address/port) is normally permitted
INFO:     Waiting for application shutdown.
INFO:     Application shutdown complete.
INFO:     Started server process [14484]
INFO:     Waiting for application startup.
INFO:     Application startup complete.
ERROR:    [Errno 10048] error while attempting to bind on address ('0.0.0.0', 8000): only one usage of each socket address (protocol/network address/port) is normally permitted
INFO:     Waiting for application shutdown.
INFO:     Application shutdown complete.
INFO:     Started server process [50700]
INFO:     Waiting for application startup.
INFO:     Application startup complete.
ERROR:    [Errno 10048] error while attempting to bind on address ('0.0.0.0', 8000): only one usage of each socket address (protocol/network address/port) is normally permitted
INFO:     Waiting for application shutdown.
INFO:     Application shutdown complete.
INFO:     Started server process [15220]
INFO:     Waiting for application startup.
INFO:     Application startup complete.
ERROR:    [Errno 10048] error while attempting to bind on address ('0.0.0.0', 8000): only one usage of each socket address (protocol/network address/port) is normally permitted
INFO:     Waiting for application shutdown.
INFO:     Application shutdown complete.
INFO:     Started server process [29388]
INFO:     Waiting for application startup.
INFO:     Application startup complete.
ERROR:    [Errno 10048] error while attempting to bind on address ('0.0.0.0', 8000): only one usage of each socket address (protocol/network address/port) is normally permitted
INFO:     Waiting for application shutdown.
INFO:     Application shutdown complete.
INFO:     Started server process [23724]
INFO:     Waiting for application startup.
INFO:     Application startup complete.
ERROR:    [Errno 10048] error while attempting to bind on address ('0.0.0.0', 8000): only one usage of each socket address (protocol/network address/port) is normally permitted
INFO:     Waiting for application shutdown.
INFO:     Application shutdown complete.
INFO:     Started server process [27296]
INFO:     Waiting for application startup.
INFO:     Application startup complete.
ERROR:    [Errno 10048] error while attempting to bind on address ('0.0.0.0', 8000): only one usage of each socket address (protocol/network address/port) is normally permitted
INFO:     Waiting for application shutdown.
INFO:     Application shutdown complete.
INFO:     Started server process [50636]
INFO:     Waiting for application startup.
INFO:     Application startup complete.
ERROR:    [Errno 10048] error while attempting to bind on address ('0.0.0.0', 8000): only one usage of each socket address (protocol/network address/port) is normally permitted
INFO:     Waiting for application shutdown.
INFO:     Application shutdown complete.
INFO:     Started server process [55788]
INFO:     Waiting for application startup.
INFO:     Application startup complete.
ERROR:    [Errno 10048] error while attempting to bind on address ('0.0.0.0', 8000): only one usage of each socket address (protocol/network address/port) is normally permitted
INFO:     Waiting for application shutdown.
INFO:     Application shutdown complete.
INFO:     Started server process [55720]
INFO:     Waiting for application startup.
INFO:     Application startup complete.
ERROR:    [Errno 10048] error while attempting to bind on address ('0.0.0.0', 8000): only one usage of each socket address (protocol/network address/port) is normally permitted
INFO:     Waiting for application shutdown.
INFO:     Application shutdown complete.
INFO:     Started server process [52308]
INFO:     Waiting for application startup.
INFO:     Application startup complete.
ERROR:    [Errno 10048] error while attempting to bind on address ('0.0.0.0', 8000): only one usage of each socket address (protocol/network address/port) is normally permitted
INFO:     Waiting for application shutdown.
INFO:     Application shutdown complete.
INFO:     Started server process [52428]
INFO:     Waiting for application startup.
INFO:     Application startup complete.
ERROR:    [Errno 10048] error while attempting to bind on address ('0.0.0.0', 8000): only one usage of each socket address (protocol/network address/port) is normally permitted
INFO:     Waiting for application shutdown.
INFO:     Application shutdown complete.
INFO:     Started server process [51668]
INFO:     Waiting for application startup.
INFO:     Application startup complete.
ERROR:    [Errno 10048] error while attempting to bind on address ('0.0.0.0', 8000): only one usage of each socket address (protocol/network address/port) is normally permitted
INFO:     Waiting for application shutdown.
INFO:     Application shutdown complete.
INFO:     Started server process [52432]
INFO:     Waiting for application startup.
INFO:     Application startup complete.
ERROR:    [Errno 10048] error while attempting to bind on address ('0.0.0.0', 8000): only one usage of each socket address (protocol/network address/port) is normally permitted
INFO:     Waiting for application shutdown.
INFO:     Application shutdown complete.
INFO:     Started server process [50944]
INFO:     Waiting for application startup.
INFO:     Application startup complete.
ERROR:    [Errno 10048] error while attempting to bind on address ('0.0.0.0', 8000): only one usage of each socket address (protocol/network address/port) is normally permitted
INFO:     Waiting for application shutdown.
INFO:     Application shutdown complete.
INFO:     Started server process [56208]
INFO:     Waiting for application startup.
INFO:     Application startup complete.
ERROR:    [Errno 10048] error while attempting to bind on address ('0.0.0.0', 8000): only one usage of each socket address (protocol/network address/port) is normally permitted
INFO:     Waiting for application shutdown.
INFO:     Application shutdown complete.
INFO:     Started server process [55696]
INFO:     Waiting for application startup.
INFO:     Application startup complete.
ERROR:    [Errno 10048] error while attempting to bind on address ('0.0.0.0', 8000): only one usage of each socket address (protocol/network address/port) is normally permitted
INFO:     Waiting for application shutdown.
INFO:     Application shutdown complete.
INFO:     Started server process [54684]
INFO:     Waiting for application startup.
INFO:     Application startup complete.
ERROR:    [Errno 10048] error while attempting to bind on address ('0.0.0.0', 8000): only one usage of each socket address (protocol/network address/port) is normally permitted
INFO:     Waiting for application shutdown.
INFO:     Application shutdown complete.
INFO:     Started server process [56220]
INFO:     Waiting for application startup.
INFO:     Application startup complete.
ERROR:    [Errno 10048] error while attempting to bind on address ('0.0.0.0', 8000): only one usage of each socket address (protocol/network address/port) is normally permitted
INFO:     Waiting for application shutdown.
INFO:     Application shutdown complete.
INFO:     Started server process [49424]
INFO:     Waiting for application startup.
INFO:     Application startup complete.
ERROR:    [Errno 10048] error while attempting to bind on address ('0.0.0.0', 8000): only one usage of each socket address (protocol/network address/port) is normally permitted
INFO:     Waiting for application shutdown.
INFO:     Application shutdown complete.
INFO:     Started server process [49668]
INFO:     Waiting for application startup.
INFO:     Application startup complete.
ERROR:    [Errno 10048] error while attempting to bind on address ('0.0.0.0', 8000): only one usage of each socket address (protocol/network address/port) is normally permitted
INFO:     Waiting for application shutdown.
INFO:     Application shutdown complete.
INFO:     Started server process [52572]
INFO:     Waiting for application startup.
INFO:     Application startup complete.
ERROR:    [Errno 10048] error while attempting to bind on address ('0.0.0.0', 8000): only one usage of each socket address (protocol/network address/port) is normally permitted
INFO:     Waiting for application shutdown.
INFO:     Application shutdown complete.
INFO:     Started server process [53916]
INFO:     Waiting for application startup.
INFO:     Application startup complete.
ERROR:    [Errno 10048] error while attempting to bind on address ('0.0.0.0', 8000): only one usage of each socket address (protocol/network address/port) is normally permitted
INFO:     Waiting for application shutdown.
INFO:     Application shutdown complete.
INFO:     Started server process [54752]
INFO:     Waiting for application startup.
INFO:     Application startup complete.
ERROR:    [Errno 10048] error while attempting to bind on address ('0.0.0.0', 8000): only one usage of each socket address (protocol/network address/port) is normally permitted
INFO:     Waiting for application shutdown.
INFO:     Application shutdown complete.
INFO:     Started server process [55564]
INFO:     Waiting for application startup.
INFO:     Application startup complete.
ERROR:    [Errno 10048] error while attempting to bind on address ('0.0.0.0', 8000): only one usage of each socket address (protocol/network address/port) is normally permitted
INFO:     Waiting for application shutdown.
INFO:     Application shutdown complete.
INFO:     Started server process [52412]
INFO:     Waiting for application startup.
INFO:     Application startup complete.
ERROR:    [Errno 10048] error while attempting to bind on address ('0.0.0.0', 8000): only one usage of each socket address (protocol/network address/port) is normally permitted
INFO:     Waiting for application shutdown.
INFO:     Application shutdown complete.
INFO:     Started server process [53312]
INFO:     Waiting for application startup.
INFO:     Application startup complete.
ERROR:    [Errno 10048] error while attempting to bind on address ('0.0.0.0', 8000): only one usage of each socket address (protocol/network address/port) is normally permitted
INFO:     Waiting for application shutdown.
INFO:     Application shutdown complete.
INFO:     Started server process [52800]
INFO:     Waiting for application startup.
INFO:     Application startup complete.
ERROR:    [Errno 10048] error while attempting to bind on address ('0.0.0.0', 8000): only one usage of each socket address (protocol/network address/port) is normally permitted
INFO:     Waiting for application shutdown.
INFO:     Application shutdown complete.
INFO:     Started server process [55548]
INFO:     Waiting for application startup.
INFO:     Application startup complete.
ERROR:    [Errno 10048] error while attempting to bind on address ('0.0.0.0', 8000): only one usage of each socket address (protocol/network address/port) is normally permitted
INFO:     Waiting for application shutdown.
INFO:     Application shutdown complete.
INFO:     Started server process [48064]
INFO:     Waiting for application startup.
INFO:     Application startup complete.
ERROR:    [Errno 10048] error while attempting to bind on address ('0.0.0.0', 8000): only one usage of each socket address (protocol/network address/port) is normally permitted
INFO:     Waiting for application shutdown.
INFO:     Application shutdown complete.
INFO:     Started server process [52828]
INFO:     Waiting for application startup.
INFO:     Application startup complete.
ERROR:    [Errno 10048] error while attempting to bind on address ('0.0.0.0', 8000): only one usage of each socket address (protocol/network address/port) is normally permitted
INFO:     Waiting for application shutdown.
INFO:     Application shutdown complete.
INFO:     Started server process [30484]
INFO:     Waiting for application startup.
INFO:     Application startup complete.
ERROR:    [Errno 10048] error while attempting to bind on address ('0.0.0.0', 8000): only one usage of each socket address (protocol/network address/port) is normally permitted
INFO:     Waiting for application shutdown.
INFO:     Application shutdown complete.
INFO:     Started server process [55172]
INFO:     Waiting for application startup.
INFO:     Application startup complete.
ERROR:    [Errno 10048] error while attempting to bind on address ('0.0.0.0', 8000): only one usage of each socket address (protocol/network address/port) is normally permitted
INFO:     Waiting for application shutdown.
INFO:     Application shutdown complete.
INFO:     Started server process [52176]
INFO:     Waiting for application startup.
INFO:     Application startup complete.
ERROR:    [Errno 10048] error while attempting to bind on address ('0.0.0.0', 8000): only one usage of each socket address (protocol/network address/port) is normally permitted
INFO:     Waiting for application shutdown.
INFO:     Application shutdown complete.
INFO:     Started server process [51648]
INFO:     Waiting for application startup.
INFO:     Application startup complete.
ERROR:    [Errno 10048] error while attempting to bind on address ('0.0.0.0', 8000): only one usage of each socket address (protocol/network address/port) is normally permitted
INFO:     Waiting for application shutdown.
INFO:     Application shutdown complete.
INFO:     Started server process [8300]
INFO:     Waiting for application startup.
INFO:     Application startup complete.
ERROR:    [Errno 10048] error while attempting to bind on address ('0.0.0.0', 8000): only one usage of each socket address (protocol/network address/port) is normally permitted
INFO:     Waiting for application shutdown.
INFO:     Application shutdown complete.
INFO:     Started server process [48892]
INFO:     Waiting for application startup.
INFO:     Application startup complete.
ERROR:    [Errno 10048] error while attempting to bind on address ('0.0.0.0', 8000): only one usage of each socket address (protocol/network address/port) is normally permitted
INFO:     Waiting for application shutdown.
INFO:     Application shutdown complete.
INFO:     Started server process [27452]
INFO:     Waiting for application startup.
INFO:     Application startup complete.
ERROR:    [Errno 10048] error while attempting to bind on address ('0.0.0.0', 8000): only one usage of each socket address (protocol/network address/port) is normally permitted
INFO:     Waiting for application shutdown.
INFO:     Application shutdown complete.
INFO:     Started server process [49496]
INFO:     Waiting for application startup.
INFO:     Application startup complete.
ERROR:    [Errno 10048] error while attempting to bind on address ('0.0.0.0', 8000): only one usage of each socket address (protocol/network address/port) is normally permitted
INFO:     Waiting for application shutdown.
INFO:     Application shutdown complete.
INFO:     Started server process [56824]
INFO:     Waiting for application startup.
INFO:     Application startup complete.
ERROR:    [Errno 10048] error while attempting to bind on address ('0.0.0.0', 8000): only one usage of each socket address (protocol/network address/port) is normally permitted
INFO:     Waiting for application shutdown.
INFO:     Application shutdown complete.
INFO:     Started server process [48864]
INFO:     Waiting for application startup.
INFO:     Application startup complete.
ERROR:    [Errno 10048] error while attempting to bind on address ('0.0.0.0', 8000): only one usage of each socket address (protocol/network address/port) is normally permitted
INFO:     Waiting for application shutdown.
INFO:     Application shutdown complete.
INFO:     Started server process [56460]
INFO:     Waiting for application startup.
INFO:     Application startup complete.
ERROR:    [Errno 10048] error while attempting to bind on address ('0.0.0.0', 8000): only one usage of each socket address (protocol/network address/port) is normally permitted
INFO:     Waiting for application shutdown.
INFO:     Application shutdown complete.
INFO:     Started server process [55400]
INFO:     Waiting for application startup.
INFO:     Application startup complete.
ERROR:    [Errno 10048] error while attempting to bind on address ('0.0.0.0', 8000): only one usage of each socket address (protocol/network address/port) is normally permitted
INFO:     Waiting for application shutdown.
INFO:     Application shutdown complete.
INFO:     Started server process [52100]
INFO:     Waiting for application startup.
INFO:     Application startup complete.
ERROR:    [Errno 10048] error while attempting to bind on address ('0.0.0.0', 8000): only one usage of each socket address (protocol/network address/port) is normally permitted
INFO:     Waiting for application shutdown.
INFO:     Application shutdown complete.
INFO:     Started server process [52316]
INFO:     Waiting for application startup.
INFO:     Application startup complete.
ERROR:    [Errno 10048] error while attempting to bind on address ('0.0.0.0', 8000): only one usage of each socket address (protocol/network address/port) is normally permitted
INFO:     Waiting for application shutdown.
INFO:     Application shutdown complete.
INFO:     Started server process [54252]
INFO:     Waiting for application startup.
INFO:     Application startup complete.
ERROR:    [Errno 10048] error while attempting to bind on address ('0.0.0.0', 8000): only one usage of each socket address (protocol/network address/port) is normally permitted
INFO:     Waiting for application shutdown.
INFO:     Application shutdown complete.
INFO:     Started server process [55216]
INFO:     Waiting for application startup.
INFO:     Application startup complete.
ERROR:    [Errno 10048] error while attempting to bind on address ('0.0.0.0', 8000): only one usage of each socket address (protocol/network address/port) is normally permitted
INFO:     Waiting for application shutdown.
INFO:     Application shutdown complete.
INFO:     Started server process [52668]
INFO:     Waiting for application startup.
INFO:     Application startup complete.
ERROR:    [Errno 10048] error while attempting to bind on address ('0.0.0.0', 8000): only one usage of each socket address (protocol/network address/port) is normally permitted
INFO:     Waiting for application shutdown.
INFO:     Application shutdown complete.
INFO:     Started server process [30840]
INFO:     Waiting for application startup.
INFO:     Application startup complete.
ERROR:    [Errno 10048] error while attempting to bind on address ('0.0.0.0', 8000): only one usage of each socket address (protocol/network address/port) is normally permitted
INFO:     Waiting for application shutdown.
INFO:     Application shutdown complete.
INFO:     Started server process [26768]
INFO:     Waiting for application startup.
INFO:     Application startup complete.
ERROR:    [Errno 10048] error while attempting to bind on address ('0.0.0.0', 8000): only one usage of each socket address (protocol/network address/port) is normally permitted
INFO:     Waiting for application shutdown.
INFO:     Application shutdown complete.
INFO:     Started server process [27052]
INFO:     Waiting for application startup.
INFO:     Application startup complete.
ERROR:    [Errno 10048] error while attempting to bind on address ('0.0.0.0', 8000): only one usage of each socket address (protocol/network address/port) is normally permitted
INFO:     Waiting for application shutdown.
INFO:     Application shutdown complete.
INFO:     Started server process [48480]
INFO:     Waiting for application startup.
INFO:     Application startup complete.
ERROR:    [Errno 10048] error while attempting to bind on address ('0.0.0.0', 8000): only one usage of each socket address (protocol/network address/port) is normally permitted
INFO:     Waiting for application shutdown.
INFO:     Application shutdown complete.
INFO:     Started server process [54736]
INFO:     Waiting for application startup.
INFO:     Application startup complete.
ERROR:    [Errno 10048] error while attempting to bind on address ('0.0.0.0', 8000): only one usage of each socket address (protocol/network address/port) is normally permitted
INFO:     Waiting for application shutdown.
INFO:     Application shutdown complete.
INFO:     Started server process [54796]
INFO:     Waiting for application startup.
INFO:     Application startup complete.
ERROR:    [Errno 10048] error while attempting to bind on address ('0.0.0.0', 8000): only one usage of each socket address (protocol/network address/port) is normally permitted
INFO:     Waiting for application shutdown.
INFO:     Application shutdown complete.
INFO:     Started server process [55728]
INFO:     Waiting for application startup.
INFO:     Application startup complete.
ERROR:    [Errno 10048] error while attempting to bind on address ('0.0.0.0', 8000): only one usage of each socket address (protocol/network address/port) is normally permitted
INFO:     Waiting for application shutdown.
INFO:     Application shutdown complete.
INFO:     Started server process [52580]
INFO:     Waiting for application startup.
INFO:     Application startup complete.
ERROR:    [Errno 10048] error while attempting to bind on address ('0.0.0.0', 8000): only one usage of each socket address (protocol/network address/port) is normally permitted
INFO:     Waiting for application shutdown.
INFO:     Application shutdown complete.
INFO:     Started server process [54124]
INFO:     Waiting for application startup.
INFO:     Application startup complete.
ERROR:    [Errno 10048] error while attempting to bind on address ('0.0.0.0', 8000): only one usage of each socket address (protocol/network address/port) is normally permitted
INFO:     Waiting for application shutdown.
INFO:     Application shutdown complete.
INFO:     Started server process [57764]
INFO:     Waiting for application startup.
INFO:     Application startup complete.
ERROR:    [Errno 10048] error while attempting to bind on address ('0.0.0.0', 8000): only one usage of each socket address (protocol/network address/port) is normally permitted
INFO:     Waiting for application shutdown.
INFO:     Application shutdown complete.
INFO:     Started server process [42120]
INFO:     Waiting for application startup.
INFO:     Application startup complete.
ERROR:    [Errno 10048] error while attempting to bind on address ('0.0.0.0', 8000): only one usage of each socket address (protocol/network address/port) is normally permitted
INFO:     Waiting for application shutdown.
INFO:     Application shutdown complete.
INFO:     Started server process [55504]
INFO:     Waiting for application startup.
INFO:     Application startup complete.
ERROR:    [Errno 10048] error while attempting to bind on address ('0.0.0.0', 8000): only one usage of each socket address (protocol/network address/port) is normally permitted
INFO:     Waiting for application shutdown.
INFO:     Application shutdown complete.
INFO:     Started server process [57520]
INFO:     Waiting for application startup.
INFO:     Application startup complete.
ERROR:    [Errno 10048] error while attempting to bind on address ('0.0.0.0', 8000): only one usage of each socket address (protocol/network address/port) is normally permitted
INFO:     Waiting for application shutdown.
INFO:     Application shutdown complete.
INFO:     Started server process [17388]
INFO:     Waiting for application startup.
INFO:     Application startup complete.
ERROR:    [Errno 10048] error while attempting to bind on address ('0.0.0.0', 8000): only one usage of each socket address (protocol/network address/port) is normally permitted
INFO:     Waiting for application shutdown.
INFO:     Application shutdown complete.
INFO:     Started server process [59084]
INFO:     Waiting for application startup.
INFO:     Application startup complete.
ERROR:    [Errno 10048] error while attempting to bind on address ('0.0.0.0', 8000): only one usage of each socket address (protocol/network address/port) is normally permitted
INFO:     Waiting for application shutdown.
INFO:     Application shutdown complete.
INFO:     Started server process [58876]
INFO:     Waiting for application startup.
INFO:     Application startup complete.
ERROR:    [Errno 10048] error while attempting to bind on address ('0.0.0.0', 8000): only one usage of each socket address (protocol/network address/port) is normally permitted
INFO:     Waiting for application shutdown.
INFO:     Application shutdown complete.
INFO:     Started server process [58352]
INFO:     Waiting for application startup.
INFO:     Application startup complete.
ERROR:    [Errno 10048] error while attempting to bind on address ('0.0.0.0', 8000): only one usage of each socket address (protocol/network address/port) is normally permitted
INFO:     Waiting for application shutdown.
INFO:     Application shutdown complete.
INFO:     Started server process [57264]
INFO:     Waiting for application startup.
INFO:     Application startup complete.
ERROR:    [Errno 10048] error while attempting to bind on address ('0.0.0.0', 8000): only one usage of each socket address (protocol/network address/port) is normally permitted
INFO:     Waiting for application shutdown.
INFO:     Application shutdown complete.
INFO:     Started server process [52100]
INFO:     Waiting for application startup.
INFO:     Application startup complete.
ERROR:    [Errno 10048] error while attempting to bind on address ('0.0.0.0', 8000): only one usage of each socket address (protocol/network address/port) is normally permitted
INFO:     Waiting for application shutdown.
INFO:     Application shutdown complete.
INFO:     Started server process [54704]
INFO:     Waiting for application startup.
INFO:     Application startup complete.
ERROR:    [Errno 10048] error while attempting to bind on address ('0.0.0.0', 8000): only one usage of each socket address (protocol/network address/port) is normally permitted
INFO:     Waiting for application shutdown.
INFO:     Application shutdown complete.
INFO:     Started server process [55736]
INFO:     Waiting for application startup.
INFO:     Application startup complete.
ERROR:    [Errno 10048] error while attempting to bind on address ('0.0.0.0', 8000): only one usage of each socket address (protocol/network address/port) is normally permitted
INFO:     Waiting for application shutdown.
INFO:     Application shutdown complete.
INFO:     Started server process [30352]
INFO:     Waiting for application startup.
INFO:     Application startup complete.
ERROR:    [Errno 10048] error while attempting to bind on address ('0.0.0.0', 8000): only one usage of each socket address (protocol/network address/port) is normally permitted
INFO:     Waiting for application shutdown.
INFO:     Application shutdown complete.
INFO:     Started server process [58044]
INFO:     Waiting for application startup.
INFO:     Application startup complete.
ERROR:    [Errno 10048] error while attempting to bind on address ('0.0.0.0', 8000): only one usage of each socket address (protocol/network address/port) is normally permitted
INFO:     Waiting for application shutdown.
INFO:     Application shutdown complete.
INFO:     Started server process [55788]
INFO:     Waiting for application startup.
INFO:     Application startup complete.
ERROR:    [Errno 10048] error while attempting to bind on address ('0.0.0.0', 8000): only one usage of each socket address (protocol/network address/port) is normally permitted
INFO:     Waiting for application shutdown.
INFO:     Application shutdown complete.
INFO:     Started server process [58840]
INFO:     Waiting for application startup.
INFO:     Application startup complete.
ERROR:    [Errno 10048] error while attempting to bind on address ('0.0.0.0', 8000): only one usage of each socket address (protocol/network address/port) is normally permitted
INFO:     Waiting for application shutdown.
INFO:     Application shutdown complete.
INFO:     Started server process [53728]
INFO:     Waiting for application startup.
INFO:     Application startup complete.
ERROR:    [Errno 10048] error while attempting to bind on address ('0.0.0.0', 8000): only one usage of each socket address (protocol/network address/port) is normally permitted
INFO:     Waiting for application shutdown.
INFO:     Application shutdown complete.
INFO:     Started server process [16784]
INFO:     Waiting for application startup.
INFO:     Application startup complete.
ERROR:    [Errno 10048] error while attempting to bind on address ('0.0.0.0', 8000): only one usage of each socket address (protocol/network address/port) is normally permitted
INFO:     Waiting for application shutdown.
INFO:     Application shutdown complete.
INFO:     Started server process [55092]
INFO:     Waiting for application startup.
INFO:     Application startup complete.
ERROR:    [Errno 10048] error while attempting to bind on address ('0.0.0.0', 8000): only one usage of each socket address (protocol/network address/port) is normally permitted
INFO:     Waiting for application shutdown.
INFO:     Application shutdown complete.
INFO:     Started server process [57916]
INFO:     Waiting for application startup.
INFO:     Application startup complete.
ERROR:    [Errno 10048] error while attempting to bind on address ('0.0.0.0', 8000): only one usage of each socket address (protocol/network address/port) is normally permitted
INFO:     Waiting for application shutdown.
INFO:     Application shutdown complete.
INFO:     Started server process [48676]
INFO:     Waiting for application startup.
INFO:     Application startup complete.
ERROR:    [Errno 10048] error while attempting to bind on address ('0.0.0.0', 8000): only one usage of each socket address (protocol/network address/port) is normally permitted
INFO:     Waiting for application shutdown.
INFO:     Application shutdown complete.
INFO:     Started server process [49816]
INFO:     Waiting for application startup.
INFO:     Application startup complete.
ERROR:    [Errno 10048] error while attempting to bind on address ('0.0.0.0', 8000): only one usage of each socket address (protocol/network address/port) is normally permitted
INFO:     Waiting for application shutdown.
INFO:     Application shutdown complete.
INFO:     Started server process [51756]
INFO:     Waiting for application startup.
INFO:     Application startup complete.
ERROR:    [Errno 10048] error while attempting to bind on address ('0.0.0.0', 8000): only one usage of each socket address (protocol/network address/port) is normally permitted
INFO:     Waiting for application shutdown.
INFO:     Application shutdown complete.
INFO:     Started server process [57348]
INFO:     Waiting for application startup.
INFO:     Application startup complete.
ERROR:    [Errno 10048] error while attempting to bind on address ('0.0.0.0', 8000): only one usage of each socket address (protocol/network address/port) is normally permitted
INFO:     Waiting for application shutdown.
INFO:     Application shutdown complete.
INFO:     Started server process [40012]
INFO:     Waiting for application startup.
INFO:     Application startup complete.
ERROR:    [Errno 10048] error while attempting to bind on address ('0.0.0.0', 8000): only one usage of each socket address (protocol/network address/port) is normally permitted
INFO:     Waiting for application shutdown.
INFO:     Application shutdown complete.
INFO:     Started server process [51020]
INFO:     Waiting for application startup.
INFO:     Application startup complete.
ERROR:    [Errno 10048] error while attempting to bind on address ('0.0.0.0', 8000): only one usage of each socket address (protocol/network address/port) is normally permitted
INFO:     Waiting for application shutdown.
INFO:     Application shutdown complete.
INFO:     Started server process [57988]
INFO:     Waiting for application startup.
INFO:     Application startup complete.
ERROR:    [Errno 10048] error while attempting to bind on address ('0.0.0.0', 8000): only one usage of each socket address (protocol/network address/port) is normally permitted
INFO:     Waiting for application shutdown.
INFO:     Application shutdown complete.
INFO:     Started server process [57460]
INFO:     Waiting for application startup.
INFO:     Application startup complete.
ERROR:    [Errno 10048] error while attempting to bind on address ('0.0.0.0', 8000): only one usage of each socket address (protocol/network address/port) is normally permitted
INFO:     Waiting for application shutdown.
INFO:     Application shutdown complete.
INFO:     Started server process [55532]
INFO:     Waiting for application startup.
INFO:     Application startup complete.
ERROR:    [Errno 10048] error while attempting to bind on address ('0.0.0.0', 8000): only one usage of each socket address (protocol/network address/port) is normally permitted
INFO:     Waiting for application shutdown.
INFO:     Application shutdown complete.
INFO:     Started server process [48668]
INFO:     Waiting for application startup.
INFO:     Application startup complete.
ERROR:    [Errno 10048] error while attempting to bind on address ('0.0.0.0', 8000): only one usage of each socket address (protocol/network address/port) is normally permitted
INFO:     Waiting for application shutdown.
INFO:     Application shutdown complete.
INFO:     Started server process [56864]
INFO:     Waiting for application startup.
INFO:     Application startup complete.
ERROR:    [Errno 10048] error while attempting to bind on address ('0.0.0.0', 8000): only one usage of each socket address (protocol/network address/port) is normally permitted
INFO:     Waiting for application shutdown.
INFO:     Application shutdown complete.
INFO:     Started server process [58456]
INFO:     Waiting for application startup.
INFO:     Application startup complete.
ERROR:    [Errno 10048] error while attempting to bind on address ('0.0.0.0', 8000): only one usage of each socket address (protocol/network address/port) is normally permitted
INFO:     Waiting for application shutdown.
INFO:     Application shutdown complete.
INFO:     Started server process [51368]
INFO:     Waiting for application startup.
INFO:     Application startup complete.
ERROR:    [Errno 10048] error while attempting to bind on address ('0.0.0.0', 8000): only one usage of each socket address (protocol/network address/port) is normally permitted
INFO:     Waiting for application shutdown.
INFO:     Application shutdown complete.
INFO:     Started server process [57468]
INFO:     Waiting for application startup.
INFO:     Application startup complete.
ERROR:    [Errno 10048] error while attempting to bind on address ('0.0.0.0', 8000): only one usage of each socket address (protocol/network address/port) is normally permitted
INFO:     Waiting for application shutdown.
INFO:     Application shutdown complete.
INFO:     Started server process [55456]
INFO:     Waiting for application startup.
INFO:     Application startup complete.
ERROR:    [Errno 10048] error while attempting to bind on address ('0.0.0.0', 8000): only one usage of each socket address (protocol/network address/port) is normally permitted
INFO:     Waiting for application shutdown.
INFO:     Application shutdown complete.
INFO:     Started server process [54284]
INFO:     Waiting for application startup.
INFO:     Application startup complete.
ERROR:    [Errno 10048] error while attempting to bind on address ('0.0.0.0', 8000): only one usage of each socket address (protocol/network address/port) is normally permitted
INFO:     Waiting for application shutdown.
INFO:     Application shutdown complete.
INFO:     Started server process [50388]
INFO:     Waiting for application startup.
INFO:     Application startup complete.
ERROR:    [Errno 10048] error while attempting to bind on address ('0.0.0.0', 8000): only one usage of each socket address (protocol/network address/port) is normally permitted
INFO:     Waiting for application shutdown.
INFO:     Application shutdown complete.
INFO:     Started server process [55608]
INFO:     Waiting for application startup.
INFO:     Application startup complete.
ERROR:    [Errno 10048] error while attempting to bind on address ('0.0.0.0', 8000): only one usage of each socket address (protocol/network address/port) is normally permitted
INFO:     Waiting for application shutdown.
INFO:     Application shutdown complete.
INFO:     Started server process [58220]
INFO:     Waiting for application startup.
INFO:     Application startup complete.
ERROR:    [Errno 10048] error while attempting to bind on address ('0.0.0.0', 8000): only one usage of each socket address (protocol/network address/port) is normally permitted
INFO:     Waiting for application shutdown.
INFO:     Application shutdown complete.
INFO:     Started server process [54104]
INFO:     Waiting for application startup.
INFO:     Application startup complete.
ERROR:    [Errno 10048] error while attempting to bind on address ('0.0.0.0', 8000): only one usage of each socket address (protocol/network address/port) is normally permitted
INFO:     Waiting for application shutdown.
INFO:     Application shutdown complete.
INFO:     Started server process [55944]
INFO:     Waiting for application startup.
INFO:     Application startup complete.
ERROR:    [Errno 10048] error while attempting to bind on address ('0.0.0.0', 8000): only one usage of each socket address (protocol/network address/port) is normally permitted
INFO:     Waiting for application shutdown.
INFO:     Application shutdown complete.
INFO:     Started server process [48460]
INFO:     Waiting for application startup.
INFO:     Application startup complete.
ERROR:    [Errno 10048] error while attempting to bind on address ('0.0.0.0', 8000): only one usage of each socket address (protocol/network address/port) is normally permitted
INFO:     Waiting for application shutdown.
INFO:     Application shutdown complete.
INFO:     Started server process [59744]
INFO:     Waiting for application startup.
INFO:     Application startup complete.
ERROR:    [Errno 10048] error while attempting to bind on address ('0.0.0.0', 8000): only one usage of each socket address (protocol/network address/port) is normally permitted
INFO:     Waiting for application shutdown.
INFO:     Application shutdown complete.
INFO:     Started server process [57336]
INFO:     Waiting for application startup.
INFO:     Application startup complete.
ERROR:    [Errno 10048] error while attempting to bind on address ('0.0.0.0', 8000): only one usage of each socket address (protocol/network address/port) is normally permitted
INFO:     Waiting for application shutdown.
INFO:     Application shutdown complete.
INFO:     Started server process [31860]
INFO:     Waiting for application startup.
INFO:     Application startup complete.
ERROR:    [Errno 10048] error while attempting to bind on address ('0.0.0.0', 8000): only one usage of each socket address (protocol/network address/port) is normally permitted
INFO:     Waiting for application shutdown.
INFO:     Application shutdown complete.
INFO:     Started server process [57100]
INFO:     Waiting for application startup.
INFO:     Application startup complete.
ERROR:    [Errno 10048] error while attempting to bind on address ('0.0.0.0', 8000): only one usage of each socket address (protocol/network address/port) is normally permitted
INFO:     Waiting for application shutdown.
INFO:     Application shutdown complete.
INFO:     Started server process [55816]
INFO:     Waiting for application startup.
INFO:     Application startup complete.
ERROR:    [Errno 10048] error while attempting to bind on address ('0.0.0.0', 8000): only one usage of each socket address (protocol/network address/port) is normally permitted
INFO:     Waiting for application shutdown.
INFO:     Application shutdown complete.
INFO:     Started server process [52532]
INFO:     Waiting for application startup.
INFO:     Application startup complete.
ERROR:    [Errno 10048] error while attempting to bind on address ('0.0.0.0', 8000): only one usage of each socket address (protocol/network address/port) is normally permitted
INFO:     Waiting for application shutdown.
INFO:     Application shutdown complete.
INFO:     Started server process [56120]
INFO:     Waiting for application startup.
INFO:     Application startup complete.
ERROR:    [Errno 10048] error while attempting to bind on address ('0.0.0.0', 8000): only one usage of each socket address (protocol/network address/port) is normally permitted
INFO:     Waiting for application shutdown.
INFO:     Application shutdown complete.
INFO:     Started server process [60360]
INFO:     Waiting for application startup.
INFO:     Application startup complete.
ERROR:    [Errno 10048] error while attempting to bind on address ('0.0.0.0', 8000): only one usage of each socket address (protocol/network address/port) is normally permitted
INFO:     Waiting for application shutdown.
INFO:     Application shutdown complete.
INFO:     Started server process [60164]
INFO:     Waiting for application startup.
INFO:     Application startup complete.
ERROR:    [Errno 10048] error while attempting to bind on address ('0.0.0.0', 8000): only one usage of each socket address (protocol/network address/port) is normally permitted
INFO:     Waiting for application shutdown.
INFO:     Application shutdown complete.
INFO:     Started server process [54728]
INFO:     Waiting for application startup.
INFO:     Application startup complete.
ERROR:    [Errno 10048] error while attempting to bind on address ('0.0.0.0', 8000): only one usage of each socket address (protocol/network address/port) is normally permitted
INFO:     Waiting for application shutdown.
INFO:     Application shutdown complete.
INFO:     Started server process [49644]
INFO:     Waiting for application startup.
INFO:     Application startup complete.
ERROR:    [Errno 10048] error while attempting to bind on address ('0.0.0.0', 8000): only one usage of each socket address (protocol/network address/port) is normally permitted
INFO:     Waiting for application shutdown.
INFO:     Application shutdown complete.
INFO:     Started server process [58568]
INFO:     Waiting for application startup.
INFO:     Application startup complete.
ERROR:    [Errno 10048] error while attempting to bind on address ('0.0.0.0', 8000): only one usage of each socket address (protocol/network address/port) is normally permitted
INFO:     Waiting for application shutdown.
INFO:     Application shutdown complete.
INFO:     Started server process [56384]
INFO:     Waiting for application startup.
INFO:     Application startup complete.
ERROR:    [Errno 10048] error while attempting to bind on address ('0.0.0.0', 8000): only one usage of each socket address (protocol/network address/port) is normally permitted
INFO:     Waiting for application shutdown.
INFO:     Application shutdown complete.
INFO:     Started server process [57964]
INFO:     Waiting for application startup.
INFO:     Application startup complete.
ERROR:    [Errno 10048] error while attempting to bind on address ('0.0.0.0', 8000): only one usage of each socket address (protocol/network address/port) is normally permitted
INFO:     Waiting for application shutdown.
INFO:     Application shutdown complete.
INFO:     Started server process [1256]
INFO:     Waiting for application startup.
INFO:     Application startup complete.
ERROR:    [Errno 10048] error while attempting to bind on address ('0.0.0.0', 8000): only one usage of each socket address (protocol/network address/port) is normally permitted
INFO:     Waiting for application shutdown.
INFO:     Application shutdown complete.
INFO:     Started server process [26312]
INFO:     Waiting for application startup.
INFO:     Application startup complete.
ERROR:    [Errno 10048] error while attempting to bind on address ('0.0.0.0', 8000): only one usage of each socket address (protocol/network address/port) is normally permitted
INFO:     Waiting for application shutdown.
INFO:     Application shutdown complete.
INFO:     Started server process [51368]
INFO:     Waiting for application startup.
INFO:     Application startup complete.
ERROR:    [Errno 10048] error while attempting to bind on address ('0.0.0.0', 8000): only one usage of each socket address (protocol/network address/port) is normally permitted
INFO:     Waiting for application shutdown.
INFO:     Application shutdown complete.
INFO:     Started server process [60464]
INFO:     Waiting for application startup.
INFO:     Application startup complete.
ERROR:    [Errno 10048] error while attempting to bind on address ('0.0.0.0', 8000): only one usage of each socket address (protocol/network address/port) is normally permitted
INFO:     Waiting for application shutdown.
INFO:     Application shutdown complete.
INFO:     Started server process [61232]
INFO:     Waiting for application startup.
INFO:     Application startup complete.
ERROR:    [Errno 10048] error while attempting to bind on address ('0.0.0.0', 8000): only one usage of each socket address (protocol/network address/port) is normally permitted
INFO:     Waiting for application shutdown.
INFO:     Application shutdown complete.
INFO:     Started server process [50672]
INFO:     Waiting for application startup.
INFO:     Application startup complete.
ERROR:    [Errno 10048] error while attempting to bind on address ('0.0.0.0', 8000): only one usage of each socket address (protocol/network address/port) is normally permitted
INFO:     Waiting for application shutdown.
INFO:     Application shutdown complete.
INFO:     Started server process [55396]
INFO:     Waiting for application startup.
INFO:     Application startup complete.
ERROR:    [Errno 10048] error while attempting to bind on address ('0.0.0.0', 8000): only one usage of each socket address (protocol/network address/port) is normally permitted
INFO:     Waiting for application shutdown.
INFO:     Application shutdown complete.
INFO:     Started server process [26884]
INFO:     Waiting for application startup.
INFO:     Application startup complete.
ERROR:    [Errno 10048] error while attempting to bind on address ('0.0.0.0', 8000): only one usage of each socket address (protocol/network address/port) is normally permitted
INFO:     Waiting for application shutdown.
INFO:     Application shutdown complete.
INFO:     Started server process [53188]
INFO:     Waiting for application startup.
INFO:     Application startup complete.
ERROR:    [Errno 10048] error while attempting to bind on address ('0.0.0.0', 8000): only one usage of each socket address (protocol/network address/port) is normally permitted
INFO:     Waiting for application shutdown.
INFO:     Application shutdown complete.
INFO:     Started server process [53512]
INFO:     Waiting for application startup.
INFO:     Application startup complete.
ERROR:    [Errno 10048] error while attempting to bind on address ('0.0.0.0', 8000): only one usage of each socket address (protocol/network address/port) is normally permitted
INFO:     Waiting for application shutdown.
INFO:     Application shutdown complete.
INFO:     Started server process [57312]
INFO:     Waiting for application startup.
INFO:     Application startup complete.
ERROR:    [Errno 10048] error while attempting to bind on address ('0.0.0.0', 8000): only one usage of each socket address (protocol/network address/port) is normally permitted
INFO:     Waiting for application shutdown.
INFO:     Application shutdown complete.
INFO:     Started server process [58660]
INFO:     Waiting for application startup.
INFO:     Application startup complete.
ERROR:    [Errno 10048] error while attempting to bind on address ('0.0.0.0', 8000): only one usage of each socket address (protocol/network address/port) is normally permitted
INFO:     Waiting for application shutdown.
INFO:     Application shutdown complete.
INFO:     Started server process [47564]
INFO:     Waiting for application startup.
INFO:     Application startup complete.
ERROR:    [Errno 10048] error while attempting to bind on address ('0.0.0.0', 8000): only one usage of each socket address (protocol/network address/port) is normally permitted
INFO:     Waiting for application shutdown.
INFO:     Application shutdown complete.
INFO:     Started server process [55744]
INFO:     Waiting for application startup.
INFO:     Application startup complete.
ERROR:    [Errno 10048] error while attempting to bind on address ('0.0.0.0', 8000): only one usage of each socket address (protocol/network address/port) is normally permitted
INFO:     Waiting for application shutdown.
INFO:     Application shutdown complete.
INFO:     Started server process [60868]
INFO:     Waiting for application startup.
INFO:     Application startup complete.
ERROR:    [Errno 10048] error while attempting to bind on address ('0.0.0.0', 8000): only one usage of each socket address (protocol/network address/port) is normally permitted
INFO:     Waiting for application shutdown.
INFO:     Application shutdown complete.
INFO:     Started server process [59724]
INFO:     Waiting for application startup.
INFO:     Application startup complete.
ERROR:    [Errno 10048] error while attempting to bind on address ('0.0.0.0', 8000): only one usage of each socket address (protocol/network address/port) is normally permitted
INFO:     Waiting for application shutdown.
INFO:     Application shutdown complete.
INFO:     Started server process [58148]
INFO:     Waiting for application startup.
INFO:     Application startup complete.
ERROR:    [Errno 10048] error while attempting to bind on address ('0.0.0.0', 8000): only one usage of each socket address (protocol/network address/port) is normally permitted
INFO:     Waiting for application shutdown.
INFO:     Application shutdown complete.
INFO:     Started server process [58904]
INFO:     Waiting for application startup.
INFO:     Application startup complete.
ERROR:    [Errno 10048] error while attempting to bind on address ('0.0.0.0', 8000): only one usage of each socket address (protocol/network address/port) is normally permitted
INFO:     Waiting for application shutdown.
INFO:     Application shutdown complete.
INFO:     Started server process [24312]
INFO:     Waiting for application startup.
INFO:     Application startup complete.
ERROR:    [Errno 10048] error while attempting to bind on address ('0.0.0.0', 8000): only one usage of each socket address (protocol/network address/port) is normally permitted
INFO:     Waiting for application shutdown.
INFO:     Application shutdown complete.
INFO:     Started server process [60088]
INFO:     Waiting for application startup.
INFO:     Application startup complete.
ERROR:    [Errno 10048] error while attempting to bind on address ('0.0.0.0', 8000): only one usage of each socket address (protocol/network address/port) is normally permitted
INFO:     Waiting for application shutdown.
INFO:     Application shutdown complete.
INFO:     Started server process [13052]
INFO:     Waiting for application startup.
INFO:     Application startup complete.
ERROR:    [Errno 10048] error while attempting to bind on address ('0.0.0.0', 8000): only one usage of each socket address (protocol/network address/port) is normally permitted
INFO:     Waiting for application shutdown.
INFO:     Application shutdown complete.
INFO:     Started server process [51952]
INFO:     Waiting for application startup.
INFO:     Application startup complete.
ERROR:    [Errno 10048] error while attempting to bind on address ('0.0.0.0', 8000): only one usage of each socket address (protocol/network address/port) is normally permitted
INFO:     Waiting for application shutdown.
INFO:     Application shutdown complete.
INFO:     Started server process [60380]
INFO:     Waiting for application startup.
INFO:     Application startup complete.
ERROR:    [Errno 10048] error while attempting to bind on address ('0.0.0.0', 8000): only one usage of each socket address (protocol/network address/port) is normally permitted
INFO:     Waiting for application shutdown.
INFO:     Application shutdown complete.
INFO:     Started server process [57652]
INFO:     Waiting for application startup.
INFO:     Application startup complete.
ERROR:    [Errno 10048] error while attempting to bind on address ('0.0.0.0', 8000): only one usage of each socket address (protocol/network address/port) is normally permitted
INFO:     Waiting for application shutdown.
INFO:     Application shutdown complete.
INFO:     Started server process [55920]
INFO:     Waiting for application startup.
INFO:     Application startup complete.
ERROR:    [Errno 10048] error while attempting to bind on address ('0.0.0.0', 8000): only one usage of each socket address (protocol/network address/port) is normally permitted
INFO:     Waiting for application shutdown.
INFO:     Application shutdown complete.
INFO:     Started server process [43748]
INFO:     Waiting for application startup.
INFO:     Application startup complete.
ERROR:    [Errno 10048] error while attempting to bind on address ('0.0.0.0', 8000): only one usage of each socket address (protocol/network address/port) is normally permitted
INFO:     Waiting for application shutdown.
INFO:     Application shutdown complete.
INFO:     Started server process [49204]
INFO:     Waiting for application startup.
INFO:     Application startup complete.
ERROR:    [Errno 10048] error while attempting to bind on address ('0.0.0.0', 8000): only one usage of each socket address (protocol/network address/port) is normally permitted
INFO:     Waiting for application shutdown.
INFO:     Application shutdown complete.
INFO:     Started server process [60996]
INFO:     Waiting for application startup.
INFO:     Application startup complete.
ERROR:    [Errno 10048] error while attempting to bind on address ('0.0.0.0', 8000): only one usage of each socket address (protocol/network address/port) is normally permitted
INFO:     Waiting for application shutdown.
INFO:     Application shutdown complete.
INFO:     Started server process [56936]
INFO:     Waiting for application startup.
INFO:     Application startup complete.
ERROR:    [Errno 10048] error while attempting to bind on address ('0.0.0.0', 8000): only one usage of each socket address (protocol/network address/port) is normally permitted
INFO:     Waiting for application shutdown.
INFO:     Application shutdown complete.
INFO:     Started server process [61012]
INFO:     Waiting for application startup.
INFO:     Application startup complete.
ERROR:    [Errno 10048] error while attempting to bind on address ('0.0.0.0', 8000): only one usage of each socket address (protocol/network address/port) is normally permitted
INFO:     Waiting for application shutdown.
INFO:     Application shutdown complete.
INFO:     Started server process [36680]
INFO:     Waiting for application startup.
INFO:     Application startup complete.
ERROR:    [Errno 10048] error while attempting to bind on address ('0.0.0.0', 8000): only one usage of each socket address (protocol/network address/port) is normally permitted
INFO:     Waiting for application shutdown.
INFO:     Application shutdown complete.
INFO:     Started server process [50536]
INFO:     Waiting for application startup.
INFO:     Application startup complete.
ERROR:    [Errno 10048] error while attempting to bind on address ('0.0.0.0', 8000): only one usage of each socket address (protocol/network address/port) is normally permitted
INFO:     Waiting for application shutdown.
INFO:     Application shutdown complete.
INFO:     Started server process [60916]
INFO:     Waiting for application startup.
INFO:     Application startup complete.
ERROR:    [Errno 10048] error while attempting to bind on address ('0.0.0.0', 8000): only one usage of each socket address (protocol/network address/port) is normally permitted
INFO:     Waiting for application shutdown.
INFO:     Application shutdown complete.
INFO:     Started server process [56480]
INFO:     Waiting for application startup.
INFO:     Application startup complete.
ERROR:    [Errno 10048] error while attempting to bind on address ('0.0.0.0', 8000): only one usage of each socket address (protocol/network address/port) is normally permitted
INFO:     Waiting for application shutdown.
INFO:     Application shutdown complete.
INFO:     Started server process [57580]
INFO:     Waiting for application startup.
INFO:     Application startup complete.
ERROR:    [Errno 10048] error while attempting to bind on address ('0.0.0.0', 8000): only one usage of each socket address (protocol/network address/port) is normally permitted
INFO:     Waiting for application shutdown.
INFO:     Application shutdown complete.
INFO:     Started server process [57072]
INFO:     Waiting for application startup.
INFO:     Application startup complete.
ERROR:    [Errno 10048] error while attempting to bind on address ('0.0.0.0', 8000): only one usage of each socket address (protocol/network address/port) is normally permitted
INFO:     Waiting for application shutdown.
INFO:     Application shutdown complete.
INFO:     Started server process [17388]
INFO:     Waiting for application startup.
INFO:     Application startup complete.
ERROR:    [Errno 10048] error while attempting to bind on address ('0.0.0.0', 8000): only one usage of each socket address (protocol/network address/port) is normally permitted
INFO:     Waiting for application shutdown.
INFO:     Application shutdown complete.
INFO:     Started server process [35912]
INFO:     Waiting for application startup.
INFO:     Application startup complete.
ERROR:    [Errno 10048] error while attempting to bind on address ('0.0.0.0', 8000): only one usage of each socket address (protocol/network address/port) is normally permitted
INFO:     Waiting for application shutdown.
INFO:     Application shutdown complete.
INFO:     Started server process [61088]
INFO:     Waiting for application startup.
INFO:     Application startup complete.
ERROR:    [Errno 10048] error while attempting to bind on address ('0.0.0.0', 8000): only one usage of each socket address (protocol/network address/port) is normally permitted
INFO:     Waiting for application shutdown.
INFO:     Application shutdown complete.
INFO:     Started server process [54784]
INFO:     Waiting for application startup.
INFO:     Application startup complete.
ERROR:    [Errno 10048] error while attempting to bind on address ('0.0.0.0', 8000): only one usage of each socket address (protocol/network address/port) is normally permitted
INFO:     Waiting for application shutdown.
INFO:     Application shutdown complete.
INFO:     Started server process [61180]
INFO:     Waiting for application startup.
INFO:     Application startup complete.
ERROR:    [Errno 10048] error while attempting to bind on address ('0.0.0.0', 8000): only one usage of each socket address (protocol/network address/port) is normally permitted
INFO:     Waiting for application shutdown.
INFO:     Application shutdown complete.
INFO:     Started server process [54464]
INFO:     Waiting for application startup.
INFO:     Application startup complete.
ERROR:    [Errno 10048] error while attempting to bind on address ('0.0.0.0', 8000): only one usage of each socket address (protocol/network address/port) is normally permitted
INFO:     Waiting for application shutdown.
INFO:     Application shutdown complete.
INFO:     Started server process [50628]
INFO:     Waiting for application startup.
INFO:     Application startup complete.
ERROR:    [Errno 10048] error while attempting to bind on address ('0.0.0.0', 8000): only one usage of each socket address (protocol/network address/port) is normally permitted
INFO:     Waiting for application shutdown.
INFO:     Application shutdown complete.
INFO:     Started server process [54584]
INFO:     Waiting for application startup.
INFO:     Application startup complete.
ERROR:    [Errno 10048] error while attempting to bind on address ('0.0.0.0', 8000): only one usage of each socket address (protocol/network address/port) is normally permitted
INFO:     Waiting for application shutdown.
INFO:     Application shutdown complete.
INFO:     Started server process [58268]
INFO:     Waiting for application startup.
INFO:     Application startup complete.
ERROR:    [Errno 10048] error while attempting to bind on address ('0.0.0.0', 8000): only one usage of each socket address (protocol/network address/port) is normally permitted
INFO:     Waiting for application shutdown.
INFO:     Application shutdown complete.
INFO:     Started server process [57192]
INFO:     Waiting for application startup.
INFO:     Application startup complete.
ERROR:    [Errno 10048] error while attempting to bind on address ('0.0.0.0', 8000): only one usage of each socket address (protocol/network address/port) is normally permitted
INFO:     Waiting for application shutdown.
INFO:     Application shutdown complete.
INFO:     Started server process [60244]
INFO:     Waiting for application startup.
INFO:     Application startup complete.
ERROR:    [Errno 10048] error while attempting to bind on address ('0.0.0.0', 8000): only one usage of each socket address (protocol/network address/port) is normally permitted
INFO:     Waiting for application shutdown.
INFO:     Application shutdown complete.
INFO:     Started server process [58104]
INFO:     Waiting for application startup.
INFO:     Application startup complete.
ERROR:    [Errno 10048] error while attempting to bind on address ('0.0.0.0', 8000): only one usage of each socket address (protocol/network address/port) is normally permitted
INFO:     Waiting for application shutdown.
INFO:     Application shutdown complete.
INFO:     Started server process [59284]
INFO:     Waiting for application startup.
INFO:     Application startup complete.
ERROR:    [Errno 10048] error while attempting to bind on address ('0.0.0.0', 8000): only one usage of each socket address (protocol/network address/port) is normally permitted
INFO:     Waiting for application shutdown.
INFO:     Application shutdown complete.
INFO:     Started server process [60828]
INFO:     Waiting for application startup.
INFO:     Application startup complete.
ERROR:    [Errno 10048] error while attempting to bind on address ('0.0.0.0', 8000): only one usage of each socket address (protocol/network address/port) is normally permitted
INFO:     Waiting for application shutdown.
INFO:     Application shutdown complete.
INFO:     Started server process [57880]
INFO:     Waiting for application startup.
INFO:     Application startup complete.
ERROR:    [Errno 10048] error while attempting to bind on address ('0.0.0.0', 8000): only one usage of each socket address (protocol/network address/port) is normally permitted
INFO:     Waiting for application shutdown.
INFO:     Application shutdown complete.
INFO:     Started server process [2928]
INFO:     Waiting for application startup.
INFO:     Application startup complete.
ERROR:    [Errno 10048] error while attempting to bind on address ('0.0.0.0', 8000): only one usage of each socket address (protocol/network address/port) is normally permitted
INFO:     Waiting for application shutdown.
INFO:     Application shutdown complete.
INFO:     Started server process [56456]
INFO:     Waiting for application startup.
INFO:     Application startup complete.
ERROR:    [Errno 10048] error while attempting to bind on address ('0.0.0.0', 8000): only one usage of each socket address (protocol/network address/port) is normally permitted
INFO:     Waiting for application shutdown.
INFO:     Application shutdown complete.
INFO:     Started server process [58848]
INFO:     Waiting for application startup.
INFO:     Application startup complete.
ERROR:    [Errno 10048] error while attempting to bind on address ('0.0.0.0', 8000): only one usage of each socket address (protocol/network address/port) is normally permitted
INFO:     Waiting for application shutdown.
INFO:     Application shutdown complete.
INFO:     Started server process [61480]
INFO:     Waiting for application startup.
INFO:     Application startup complete.
ERROR:    [Errno 10048] error while attempting to bind on address ('0.0.0.0', 8000): only one usage of each socket address (protocol/network address/port) is normally permitted
INFO:     Waiting for application shutdown.
INFO:     Application shutdown complete.
INFO:     Started server process [59868]
INFO:     Waiting for application startup.
INFO:     Application startup complete.
ERROR:    [Errno 10048] error while attempting to bind on address ('0.0.0.0', 8000): only one usage of each socket address (protocol/network address/port) is normally permitted
INFO:     Waiting for application shutdown.
INFO:     Application shutdown complete.
INFO:     Started server process [47868]
INFO:     Waiting for application startup.
INFO:     Application startup complete.
ERROR:    [Errno 10048] error while attempting to bind on address ('0.0.0.0', 8000): only one usage of each socket address (protocol/network address/port) is normally permitted
INFO:     Waiting for application shutdown.
INFO:     Application shutdown complete.
INFO:     Started server process [39508]
INFO:     Waiting for application startup.
INFO:     Application startup complete.
ERROR:    [Errno 10048] error while attempting to bind on address ('0.0.0.0', 8000): only one usage of each socket address (protocol/network address/port) is normally permitted
INFO:     Waiting for application shutdown.
INFO:     Application shutdown complete.
INFO:     Started server process [62196]
INFO:     Waiting for application startup.
INFO:     Application startup complete.
ERROR:    [Errno 10048] error while attempting to bind on address ('0.0.0.0', 8000): only one usage of each socket address (protocol/network address/port) is normally permitted
INFO:     Waiting for application shutdown.
INFO:     Application shutdown complete.
INFO:     Started server process [45224]
INFO:     Waiting for application startup.
INFO:     Application startup complete.
ERROR:    [Errno 10048] error while attempting to bind on address ('0.0.0.0', 8000): only one usage of each socket address (protocol/network address/port) is normally permitted
INFO:     Waiting for application shutdown.
INFO:     Application shutdown complete.
INFO:     Started server process [62444]
INFO:     Waiting for application startup.
INFO:     Application startup complete.
ERROR:    [Errno 10048] error while attempting to bind on address ('0.0.0.0', 8000): only one usage of each socket address (protocol/network address/port) is normally permitted
INFO:     Waiting for application shutdown.
INFO:     Application shutdown complete.
INFO:     Started server process [9604]
INFO:     Waiting for application startup.
INFO:     Application startup complete.
ERROR:    [Errno 10048] error while attempting to bind on address ('0.0.0.0', 8000): only one usage of each socket address (protocol/network address/port) is normally permitted
INFO:     Waiting for application shutdown.
INFO:     Application shutdown complete.
INFO:     Started server process [62524]
INFO:     Waiting for application startup.
INFO:     Application startup complete.
ERROR:    [Errno 10048] error while attempting to bind on address ('0.0.0.0', 8000): only one usage of each socket address (protocol/network address/port) is normally permitted
INFO:     Waiting for application shutdown.
INFO:     Application shutdown complete.
INFO:     Started server process [59488]
INFO:     Waiting for application startup.
INFO:     Application startup complete.
ERROR:    [Errno 10048] error while attempting to bind on address ('0.0.0.0', 8000): only one usage of each socket address (protocol/network address/port) is normally permitted
INFO:     Waiting for application shutdown.
INFO:     Application shutdown complete.
INFO:     Started server process [60464]
INFO:     Waiting for application startup.
INFO:     Application startup complete.
ERROR:    [Errno 10048] error while attempting to bind on address ('0.0.0.0', 8000): only one usage of each socket address (protocol/network address/port) is normally permitted
INFO:     Waiting for application shutdown.
INFO:     Application shutdown complete.
INFO:     Started server process [52404]
INFO:     Waiting for application startup.
INFO:     Application startup complete.
ERROR:    [Errno 10048] error while attempting to bind on address ('0.0.0.0', 8000): only one usage of each socket address (protocol/network address/port) is normally permitted
INFO:     Waiting for application shutdown.
INFO:     Application shutdown complete.
INFO:     Started server process [49320]
INFO:     Waiting for application startup.
INFO:     Application startup complete.
ERROR:    [Errno 10048] error while attempting to bind on address ('0.0.0.0', 8000): only one usage of each socket address (protocol/network address/port) is normally permitted
INFO:     Waiting for application shutdown.
INFO:     Application shutdown complete.
INFO:     Started server process [57976]
INFO:     Waiting for application startup.
INFO:     Application startup complete.
ERROR:    [Errno 10048] error while attempting to bind on address ('0.0.0.0', 8000): only one usage of each socket address (protocol/network address/port) is normally permitted
INFO:     Waiting for application shutdown.
INFO:     Application shutdown complete.
INFO:     Started server process [48628]
INFO:     Waiting for application startup.
INFO:     Application startup complete.
ERROR:    [Errno 10048] error while attempting to bind on address ('0.0.0.0', 8000): only one usage of each socket address (protocol/network address/port) is normally permitted
INFO:     Waiting for application shutdown.
INFO:     Application shutdown complete.
INFO:     Started server process [51960]
INFO:     Waiting for application startup.
INFO:     Application startup complete.
ERROR:    [Errno 10048] error while attempting to bind on address ('0.0.0.0', 8000): only one usage of each socket address (protocol/network address/port) is normally permitted
INFO:     Waiting for application shutdown.
INFO:     Application shutdown complete.
INFO:     Started server process [45396]
INFO:     Waiting for application startup.
INFO:     Application startup complete.
ERROR:    [Errno 10048] error while attempting to bind on address ('0.0.0.0', 8000): only one usage of each socket address (protocol/network address/port) is normally permitted
INFO:     Waiting for application shutdown.
INFO:     Application shutdown complete.
INFO:     Started server process [58264]
INFO:     Waiting for application startup.
INFO:     Application startup complete.
ERROR:    [Errno 10048] error while attempting to bind on address ('0.0.0.0', 8000): only one usage of each socket address (protocol/network address/port) is normally permitted
INFO:     Waiting for application shutdown.
INFO:     Application shutdown complete.
INFO:     Started server process [61676]
INFO:     Waiting for application startup.
INFO:     Application startup complete.
ERROR:    [Errno 10048] error while attempting to bind on address ('0.0.0.0', 8000): only one usage of each socket address (protocol/network address/port) is normally permitted
INFO:     Waiting for application shutdown.
INFO:     Application shutdown complete.
INFO:     Started server process [62596]
INFO:     Waiting for application startup.
INFO:     Application startup complete.
ERROR:    [Errno 10048] error while attempting to bind on address ('0.0.0.0', 8000): only one usage of each socket address (protocol/network address/port) is normally permitted
INFO:     Waiting for application shutdown.
INFO:     Application shutdown complete.
INFO:     Started server process [60424]
INFO:     Waiting for application startup.
INFO:     Application startup complete.
ERROR:    [Errno 10048] error while attempting to bind on address ('0.0.0.0', 8000): only one usage of each socket address (protocol/network address/port) is normally permitted
INFO:     Waiting for application shutdown.
INFO:     Application shutdown complete.
INFO:     Started server process [62196]
INFO:     Waiting for application startup.
INFO:     Application startup complete.
ERROR:    [Errno 10048] error while attempting to bind on address ('0.0.0.0', 8000): only one usage of each socket address (protocol/network address/port) is normally permitted
INFO:     Waiting for application shutdown.
INFO:     Application shutdown complete.
INFO:     Started server process [56696]
INFO:     Waiting for application startup.
INFO:     Application startup complete.
ERROR:    [Errno 10048] error while attempting to bind on address ('0.0.0.0', 8000): only one usage of each socket address (protocol/network address/port) is normally permitted
INFO:     Waiting for application shutdown.
INFO:     Application shutdown complete.
INFO:     Started server process [58732]
INFO:     Waiting for application startup.
INFO:     Application startup complete.
ERROR:    [Errno 10048] error while attempting to bind on address ('0.0.0.0', 8000): only one usage of each socket address (protocol/network address/port) is normally permitted
INFO:     Waiting for application shutdown.
INFO:     Application shutdown complete.
INFO:     Started server process [61984]
INFO:     Waiting for application startup.
INFO:     Application startup complete.
ERROR:    [Errno 10048] error while attempting to bind on address ('0.0.0.0', 8000): only one usage of each socket address (protocol/network address/port) is normally permitted
INFO:     Waiting for application shutdown.
INFO:     Application shutdown complete.
INFO:     Started server process [62020]
INFO:     Waiting for application startup.
INFO:     Application startup complete.
ERROR:    [Errno 10048] error while attempting to bind on address ('0.0.0.0', 8000): only one usage of each socket address (protocol/network address/port) is normally permitted
INFO:     Waiting for application shutdown.
INFO:     Application shutdown complete.
INFO:     Started server process [61052]
INFO:     Waiting for application startup.
INFO:     Application startup complete.
ERROR:    [Errno 10048] error while attempting to bind on address ('0.0.0.0', 8000): only one usage of each socket address (protocol/network address/port) is normally permitted
INFO:     Waiting for application shutdown.
INFO:     Application shutdown complete.
INFO:     Started server process [63484]
INFO:     Waiting for application startup.
INFO:     Application startup complete.
ERROR:    [Errno 10048] error while attempting to bind on address ('0.0.0.0', 8000): only one usage of each socket address (protocol/network address/port) is normally permitted
INFO:     Waiting for application shutdown.
INFO:     Application shutdown complete.
INFO:     Started server process [30152]
INFO:     Waiting for application startup.
INFO:     Application startup complete.
ERROR:    [Errno 10048] error while attempting to bind on address ('0.0.0.0', 8000): only one usage of each socket address (protocol/network address/port) is normally permitted
INFO:     Waiting for application shutdown.
INFO:     Application shutdown complete.
INFO:     Started server process [56956]
INFO:     Waiting for application startup.
INFO:     Application startup complete.
ERROR:    [Errno 10048] error while attempting to bind on address ('0.0.0.0', 8000): only one usage of each socket address (protocol/network address/port) is normally permitted
INFO:     Waiting for application shutdown.
INFO:     Application shutdown complete.
INFO:     Started server process [52648]
INFO:     Waiting for application startup.
INFO:     Application startup complete.
ERROR:    [Errno 10048] error while attempting to bind on address ('0.0.0.0', 8000): only one usage of each socket address (protocol/network address/port) is normally permitted
INFO:     Waiting for application shutdown.
INFO:     Application shutdown complete.
INFO:     Started server process [45396]
INFO:     Waiting for application startup.
INFO:     Application startup complete.
ERROR:    [Errno 10048] error while attempting to bind on address ('0.0.0.0', 8000): only one usage of each socket address (protocol/network address/port) is normally permitted
INFO:     Waiting for application shutdown.
INFO:     Application shutdown complete.
INFO:     Started server process [62208]
INFO:     Waiting for application startup.
INFO:     Application startup complete.
ERROR:    [Errno 10048] error while attempting to bind on address ('0.0.0.0', 8000): only one usage of each socket address (protocol/network address/port) is normally permitted
INFO:     Waiting for application shutdown.
INFO:     Application shutdown complete.
INFO:     Started server process [59924]
INFO:     Waiting for application startup.
INFO:     Application startup complete.
ERROR:    [Errno 10048] error while attempting to bind on address ('0.0.0.0', 8000): only one usage of each socket address (protocol/network address/port) is normally permitted
INFO:     Waiting for application shutdown.
INFO:     Application shutdown complete.
INFO:     Started server process [60296]
INFO:     Waiting for application startup.
INFO:     Application startup complete.
ERROR:    [Errno 10048] error while attempting to bind on address ('0.0.0.0', 8000): only one usage of each socket address (protocol/network address/port) is normally permitted
INFO:     Waiting for application shutdown.
INFO:     Application shutdown complete.
INFO:     Started server process [59460]
INFO:     Waiting for application startup.
INFO:     Application startup complete.
ERROR:    [Errno 10048] error while attempting to bind on address ('0.0.0.0', 8000): only one usage of each socket address (protocol/network address/port) is normally permitted
INFO:     Waiting for application shutdown.
INFO:     Application shutdown complete.
INFO:     Started server process [6260]
INFO:     Waiting for application startup.
INFO:     Application startup complete.
ERROR:    [Errno 10048] error while attempting to bind on address ('0.0.0.0', 8000): only one usage of each socket address (protocol/network address/port) is normally permitted
INFO:     Waiting for application shutdown.
INFO:     Application shutdown complete.
INFO:     Started server process [50396]
INFO:     Waiting for application startup.
INFO:     Application startup complete.
ERROR:    [Errno 10048] error while attempting to bind on address ('0.0.0.0', 8000): only one usage of each socket address (protocol/network address/port) is normally permitted
INFO:     Waiting for application shutdown.
INFO:     Application shutdown complete.
INFO:     Started server process [60408]
INFO:     Waiting for application startup.
INFO:     Application startup complete.
ERROR:    [Errno 10048] error while attempting to bind on address ('0.0.0.0', 8000): only one usage of each socket address (protocol/network address/port) is normally permitted
INFO:     Waiting for application shutdown.
INFO:     Application shutdown complete.
INFO:     Started server process [61520]
INFO:     Waiting for application startup.
INFO:     Application startup complete.
ERROR:    [Errno 10048] error while attempting to bind on address ('0.0.0.0', 8000): only one usage of each socket address (protocol/network address/port) is normally permitted
INFO:     Waiting for application shutdown.
INFO:     Application shutdown complete.
INFO:     Started server process [23592]
INFO:     Waiting for application startup.
INFO:     Application startup complete.
ERROR:    [Errno 10048] error while attempting to bind on address ('0.0.0.0', 8000): only one usage of each socket address (protocol/network address/port) is normally permitted
INFO:     Waiting for application shutdown.
INFO:     Application shutdown complete.
INFO:     Started server process [60020]
INFO:     Waiting for application startup.
INFO:     Application startup complete.
ERROR:    [Errno 10048] error while attempting to bind on address ('0.0.0.0', 8000): only one usage of each socket address (protocol/network address/port) is normally permitted
INFO:     Waiting for application shutdown.
INFO:     Application shutdown complete.
INFO:     Started server process [55076]
INFO:     Waiting for application startup.
INFO:     Application startup complete.
ERROR:    [Errno 10048] error while attempting to bind on address ('0.0.0.0', 8000): only one usage of each socket address (protocol/network address/port) is normally permitted
INFO:     Waiting for application shutdown.
INFO:     Application shutdown complete.
INFO:     Started server process [11412]
INFO:     Waiting for application startup.
INFO:     Application startup complete.
ERROR:    [Errno 10048] error while attempting to bind on address ('0.0.0.0', 8000): only one usage of each socket address (protocol/network address/port) is normally permitted
INFO:     Waiting for application shutdown.
INFO:     Application shutdown complete.
INFO:     Started server process [48636]
INFO:     Waiting for application startup.
INFO:     Application startup complete.
ERROR:    [Errno 10048] error while attempting to bind on address ('0.0.0.0', 8000): only one usage of each socket address (protocol/network address/port) is normally permitted
INFO:     Waiting for application shutdown.
INFO:     Application shutdown complete.
INFO:     Started server process [52008]
INFO:     Waiting for application startup.
INFO:     Application startup complete.
ERROR:    [Errno 10048] error while attempting to bind on address ('0.0.0.0', 8000): only one usage of each socket address (protocol/network address/port) is normally permitted
INFO:     Waiting for application shutdown.
INFO:     Application shutdown complete.
INFO:     Started server process [45640]
INFO:     Waiting for application startup.
INFO:     Application startup complete.
ERROR:    [Errno 10048] error while attempting to bind on address ('0.0.0.0', 8000): only one usage of each socket address (protocol/network address/port) is normally permitted
INFO:     Waiting for application shutdown.
INFO:     Application shutdown complete.
INFO:     Started server process [4576]
INFO:     Waiting for application startup.
INFO:     Application startup complete.
ERROR:    [Errno 10048] error while attempting to bind on address ('0.0.0.0', 8000): only one usage of each socket address (protocol/network address/port) is normally permitted
INFO:     Waiting for application shutdown.
INFO:     Application shutdown complete.
INFO:     Started server process [32448]
INFO:     Waiting for application startup.
INFO:     Application startup complete.
ERROR:    [Errno 10048] error while attempting to bind on address ('0.0.0.0', 8000): only one usage of each socket address (protocol/network address/port) is normally permitted
INFO:     Waiting for application shutdown.
INFO:     Application shutdown complete.
INFO:     Started server process [55764]
INFO:     Waiting for application startup.
INFO:     Application startup complete.
ERROR:    [Errno 10048] error while attempting to bind on address ('0.0.0.0', 8000): only one usage of each socket address (protocol/network address/port) is normally permitted
INFO:     Waiting for application shutdown.
INFO:     Application shutdown complete.
INFO:     Started server process [57284]
INFO:     Waiting for application startup.
INFO:     Application startup complete.
ERROR:    [Errno 10048] error while attempting to bind on address ('0.0.0.0', 8000): only one usage of each socket address (protocol/network address/port) is normally permitted
INFO:     Waiting for application shutdown.
INFO:     Application shutdown complete.
INFO:     Started server process [43408]
INFO:     Waiting for application startup.
INFO:     Application startup complete.
ERROR:    [Errno 10048] error while attempting to bind on address ('0.0.0.0', 8000): only one usage of each socket address (protocol/network address/port) is normally permitted
INFO:     Waiting for application shutdown.
INFO:     Application shutdown complete.
INFO:     Started server process [59844]
INFO:     Waiting for application startup.
INFO:     Application startup complete.
ERROR:    [Errno 10048] error while attempting to bind on address ('0.0.0.0', 8000): only one usage of each socket address (protocol/network address/port) is normally permitted
INFO:     Waiting for application shutdown.
INFO:     Application shutdown complete.
INFO:     Started server process [31036]
INFO:     Waiting for application startup.
INFO:     Application startup complete.
ERROR:    [Errno 10048] error while attempting to bind on address ('0.0.0.0', 8000): only one usage of each socket address (protocol/network address/port) is normally permitted
INFO:     Waiting for application shutdown.
INFO:     Application shutdown complete.
INFO:     Started server process [34808]
INFO:     Waiting for application startup.
INFO:     Application startup complete.
ERROR:    [Errno 10048] error while attempting to bind on address ('0.0.0.0', 8000): only one usage of each socket address (protocol/network address/port) is normally permitted
INFO:     Waiting for application shutdown.
INFO:     Application shutdown complete.
INFO:     Started server process [60380]
INFO:     Waiting for application startup.
INFO:     Application startup complete.
ERROR:    [Errno 10048] error while attempting to bind on address ('0.0.0.0', 8000): only one usage of each socket address (protocol/network address/port) is normally permitted
INFO:     Waiting for application shutdown.
INFO:     Application shutdown complete.
INFO:     Started server process [57856]
INFO:     Waiting for application startup.
INFO:     Application startup complete.
ERROR:    [Errno 10048] error while attempting to bind on address ('0.0.0.0', 8000): only one usage of each socket address (protocol/network address/port) is normally permitted
INFO:     Waiting for application shutdown.
INFO:     Application shutdown complete.
INFO:     Started server process [5440]
INFO:     Waiting for application startup.
INFO:     Application startup complete.
ERROR:    [Errno 10048] error while attempting to bind on address ('0.0.0.0', 8000): only one usage of each socket address (protocol/network address/port) is normally permitted
INFO:     Waiting for application shutdown.
INFO:     Application shutdown complete.
INFO:     Started server process [60724]
INFO:     Waiting for application startup.
INFO:     Application startup complete.
ERROR:    [Errno 10048] error while attempting to bind on address ('0.0.0.0', 8000): only one usage of each socket address (protocol/network address/port) is normally permitted
INFO:     Waiting for application shutdown.
INFO:     Application shutdown complete.
INFO:     Started server process [47172]
INFO:     Waiting for application startup.
INFO:     Application startup complete.
ERROR:    [Errno 10048] error while attempting to bind on address ('0.0.0.0', 8000): only one usage of each socket address (protocol/network address/port) is normally permitted
INFO:     Waiting for application shutdown.
INFO:     Application shutdown complete.
INFO:     Started server process [3452]
INFO:     Waiting for application startup.
INFO:     Application startup complete.
ERROR:    [Errno 10048] error while attempting to bind on address ('0.0.0.0', 8000): only one usage of each socket address (protocol/network address/port) is normally permitted
INFO:     Waiting for application shutdown.
INFO:     Application shutdown complete.
INFO:     Started server process [46952]
INFO:     Waiting for application startup.
INFO:     Application startup complete.
ERROR:    [Errno 10048] error while attempting to bind on address ('0.0.0.0', 8000): only one usage of each socket address (protocol/network address/port) is normally permitted
INFO:     Waiting for application shutdown.
INFO:     Application shutdown complete.
INFO:     Started server process [49440]
INFO:     Waiting for application startup.
INFO:     Application startup complete.
ERROR:    [Errno 10048] error while attempting to bind on address ('0.0.0.0', 8000): only one usage of each socket address (protocol/network address/port) is normally permitted
INFO:     Waiting for application shutdown.
INFO:     Application shutdown complete.
INFO:     Started server process [58040]
INFO:     Waiting for application startup.
INFO:     Application startup complete.
ERROR:    [Errno 10048] error while attempting to bind on address ('0.0.0.0', 8000): only one usage of each socket address (protocol/network address/port) is normally permitted
INFO:     Waiting for application shutdown.
INFO:     Application shutdown complete.
INFO:     Started server process [50088]
INFO:     Waiting for application startup.
INFO:     Application startup complete.
ERROR:    [Errno 10048] error while attempting to bind on address ('0.0.0.0', 8000): only one usage of each socket address (protocol/network address/port) is normally permitted
INFO:     Waiting for application shutdown.
INFO:     Application shutdown complete.
INFO:     Started server process [56796]
INFO:     Waiting for application startup.
INFO:     Application startup complete.
ERROR:    [Errno 10048] error while attempting to bind on address ('0.0.0.0', 8000): only one usage of each socket address (protocol/network address/port) is normally permitted
INFO:     Waiting for application shutdown.
INFO:     Application shutdown complete.
INFO:     Started server process [56184]
INFO:     Waiting for application startup.
INFO:     Application startup complete.
ERROR:    [Errno 10048] error while attempting to bind on address ('0.0.0.0', 8000): only one usage of each socket address (protocol/network address/port) is normally permitted
INFO:     Waiting for application shutdown.
INFO:     Application shutdown complete.
INFO:     Started server process [19256]
INFO:     Waiting for application startup.
INFO:     Application startup complete.
ERROR:    [Errno 10048] error while attempting to bind on address ('0.0.0.0', 8000): only one usage of each socket address (protocol/network address/port) is normally permitted
INFO:     Waiting for application shutdown.
INFO:     Application shutdown complete.
INFO:     Started server process [11404]
INFO:     Waiting for application startup.
INFO:     Application startup complete.
ERROR:    [Errno 10048] error while attempting to bind on address ('0.0.0.0', 8000): only one usage of each socket address (protocol/network address/port) is normally permitted
INFO:     Waiting for application shutdown.
INFO:     Application shutdown complete.
INFO:     Started server process [53316]
INFO:     Waiting for application startup.
INFO:     Application startup complete.
ERROR:    [Errno 10048] error while attempting to bind on address ('0.0.0.0', 8000): only one usage of each socket address (protocol/network address/port) is normally permitted
INFO:     Waiting for application shutdown.
INFO:     Application shutdown complete.
INFO:     Started server process [45804]
INFO:     Waiting for application startup.
INFO:     Application startup complete.
ERROR:    [Errno 10048] error while attempting to bind on address ('0.0.0.0', 8000): only one usage of each socket address (protocol/network address/port) is normally permitted
INFO:     Waiting for application shutdown.
INFO:     Application shutdown complete.
INFO:     Started server process [60468]
INFO:     Waiting for application startup.
INFO:     Application startup complete.
ERROR:    [Errno 10048] error while attempting to bind on address ('0.0.0.0', 8000): only one usage of each socket address (protocol/network address/port) is normally permitted
INFO:     Waiting for application shutdown.
INFO:     Application shutdown complete.
INFO:     Started server process [62664]
INFO:     Waiting for application startup.
INFO:     Application startup complete.
ERROR:    [Errno 10048] error while attempting to bind on address ('0.0.0.0', 8000): only one usage of each socket address (protocol/network address/port) is normally permitted
INFO:     Waiting for application shutdown.
INFO:     Application shutdown complete.
INFO:     Started server process [46800]
INFO:     Waiting for application startup.
INFO:     Application startup complete.
ERROR:    [Errno 10048] error while attempting to bind on address ('0.0.0.0', 8000): only one usage of each socket address (protocol/network address/port) is normally permitted
INFO:     Waiting for application shutdown.
INFO:     Application shutdown complete.
INFO:     Started server process [56664]
INFO:     Waiting for application startup.
INFO:     Application startup complete.
ERROR:    [Errno 10048] error while attempting to bind on address ('0.0.0.0', 8000): only one usage of each socket address (protocol/network address/port) is normally permitted
INFO:     Waiting for application shutdown.
INFO:     Application shutdown complete.
INFO:     Started server process [60728]
INFO:     Waiting for application startup.
INFO:     Application startup complete.
ERROR:    [Errno 10048] error while attempting to bind on address ('0.0.0.0', 8000): only one usage of each socket address (protocol/network address/port) is normally permitted
INFO:     Waiting for application shutdown.
INFO:     Application shutdown complete.
INFO:     Started server process [56676]
INFO:     Waiting for application startup.
INFO:     Application startup complete.
ERROR:    [Errno 10048] error while attempting to bind on address ('0.0.0.0', 8000): only one usage of each socket address (protocol/network address/port) is normally permitted
INFO:     Waiting for application shutdown.
INFO:     Application shutdown complete.
INFO:     Started server process [57336]
INFO:     Waiting for application startup.
INFO:     Application startup complete.
ERROR:    [Errno 10048] error while attempting to bind on address ('0.0.0.0', 8000): only one usage of each socket address (protocol/network address/port) is normally permitted
INFO:     Waiting for application shutdown.
INFO:     Application shutdown complete.
INFO:     Started server process [53204]
INFO:     Waiting for application startup.
INFO:     Application startup complete.
ERROR:    [Errno 10048] error while attempting to bind on address ('0.0.0.0', 8000): only one usage of each socket address (protocol/network address/port) is normally permitted
INFO:     Waiting for application shutdown.
INFO:     Application shutdown complete.
INFO:     Started server process [13756]
INFO:     Waiting for application startup.
INFO:     Application startup complete.
ERROR:    [Errno 10048] error while attempting to bind on address ('0.0.0.0', 8000): only one usage of each socket address (protocol/network address/port) is normally permitted
INFO:     Waiting for application shutdown.
INFO:     Application shutdown complete.
INFO:     Started server process [53704]
INFO:     Waiting for application startup.
INFO:     Application startup complete.
ERROR:    [Errno 10048] error while attempting to bind on address ('0.0.0.0', 8000): only one usage of each socket address (protocol/network address/port) is normally permitted
INFO:     Waiting for application shutdown.
INFO:     Application shutdown complete.
INFO:     Started server process [62484]
INFO:     Waiting for application startup.
INFO:     Application startup complete.
ERROR:    [Errno 10048] error while attempting to bind on address ('0.0.0.0', 8000): only one usage of each socket address (protocol/network address/port) is normally permitted
INFO:     Waiting for application shutdown.
INFO:     Application shutdown complete.
INFO:     Started server process [21940]
INFO:     Waiting for application startup.
INFO:     Application startup complete.
ERROR:    [Errno 10048] error while attempting to bind on address ('0.0.0.0', 8000): only one usage of each socket address (protocol/network address/port) is normally permitted
INFO:     Waiting for application shutdown.
INFO:     Application shutdown complete.
INFO:     Started server process [26884]
INFO:     Waiting for application startup.
INFO:     Application startup complete.
ERROR:    [Errno 10048] error while attempting to bind on address ('0.0.0.0', 8000): only one usage of each socket address (protocol/network address/port) is normally permitted
INFO:     Waiting for application shutdown.
INFO:     Application shutdown complete.
INFO:     Started server process [12140]
INFO:     Waiting for application startup.
INFO:     Application startup complete.
ERROR:    [Errno 10048] error while attempting to bind on address ('0.0.0.0', 8000): only one usage of each socket address (protocol/network address/port) is normally permitted
INFO:     Waiting for application shutdown.
INFO:     Application shutdown complete.
INFO:     Started server process [59780]
INFO:     Waiting for application startup.
INFO:     Application startup complete.
ERROR:    [Errno 10048] error while attempting to bind on address ('0.0.0.0', 8000): only one usage of each socket address (protocol/network address/port) is normally permitted
INFO:     Waiting for application shutdown.
INFO:     Application shutdown complete.
INFO:     Started server process [66044]
INFO:     Waiting for application startup.
INFO:     Application startup complete.
ERROR:    [Errno 10048] error while attempting to bind on address ('0.0.0.0', 8000): only one usage of each socket address (protocol/network address/port) is normally permitted
INFO:     Waiting for application shutdown.
INFO:     Application shutdown complete.
INFO:     Started server process [66380]
INFO:     Waiting for application startup.
INFO:     Application startup complete.
ERROR:    [Errno 10048] error while attempting to bind on address ('0.0.0.0', 8000): only one usage of each socket address (protocol/network address/port) is normally permitted
INFO:     Waiting for application shutdown.
INFO:     Application shutdown complete.
INFO:     Started server process [57696]
INFO:     Waiting for application startup.
INFO:     Application startup complete.
ERROR:    [Errno 10048] error while attempting to bind on address ('0.0.0.0', 8000): only one usage of each socket address (protocol/network address/port) is normally permitted
INFO:     Waiting for application shutdown.
INFO:     Application shutdown complete.
INFO:     Started server process [66528]
INFO:     Waiting for application startup.
INFO:     Application startup complete.
ERROR:    [Errno 10048] error while attempting to bind on address ('0.0.0.0', 8000): only one usage of each socket address (protocol/network address/port) is normally permitted
INFO:     Waiting for application shutdown.
INFO:     Application shutdown complete.
INFO:     Started server process [51168]
INFO:     Waiting for application startup.
INFO:     Application startup complete.
ERROR:    [Errno 10048] error while attempting to bind on address ('0.0.0.0', 8000): only one usage of each socket address (protocol/network address/port) is normally permitted
INFO:     Waiting for application shutdown.
INFO:     Application shutdown complete.
INFO:     Started server process [45076]
INFO:     Waiting for application startup.
INFO:     Application startup complete.
ERROR:    [Errno 10048] error while attempting to bind on address ('0.0.0.0', 8000): only one usage of each socket address (protocol/network address/port) is normally permitted
INFO:     Waiting for application shutdown.
INFO:     Application shutdown complete.
INFO:     Started server process [50348]
INFO:     Waiting for application startup.
INFO:     Application startup complete.
ERROR:    [Errno 10048] error while attempting to bind on address ('0.0.0.0', 8000): only one usage of each socket address (protocol/network address/port) is normally permitted
INFO:     Waiting for application shutdown.
INFO:     Application shutdown complete.
INFO:     Started server process [62256]
INFO:     Waiting for application startup.
INFO:     Application startup complete.
ERROR:    [Errno 10048] error while attempting to bind on address ('0.0.0.0', 8000): only one usage of each socket address (protocol/network address/port) is normally permitted
INFO:     Waiting for application shutdown.
INFO:     Application shutdown complete.
INFO:     Started server process [62092]
INFO:     Waiting for application startup.
INFO:     Application startup complete.
ERROR:    [Errno 10048] error while attempting to bind on address ('0.0.0.0', 8000): only one usage of each socket address (protocol/network address/port) is normally permitted
INFO:     Waiting for application shutdown.
INFO:     Application shutdown complete.
INFO:     Started server process [19960]
INFO:     Waiting for application startup.
INFO:     Application startup complete.
ERROR:    [Errno 10048] error while attempting to bind on address ('0.0.0.0', 8000): only one usage of each socket address (protocol/network address/port) is normally permitted
INFO:     Waiting for application shutdown.
INFO:     Application shutdown complete.
INFO:     Started server process [48332]
INFO:     Waiting for application startup.
INFO:     Application startup complete.
ERROR:    [Errno 10048] error while attempting to bind on address ('0.0.0.0', 8000): only one usage of each socket address (protocol/network address/port) is normally permitted
INFO:     Waiting for application shutdown.
INFO:     Application shutdown complete.
INFO:     Started server process [58452]
INFO:     Waiting for application startup.
INFO:     Application startup complete.
ERROR:    [Errno 10048] error while attempting to bind on address ('0.0.0.0', 8000): only one usage of each socket address (protocol/network address/port) is normally permitted
INFO:     Waiting for application shutdown.
INFO:     Application shutdown complete.
INFO:     Started server process [63832]
INFO:     Waiting for application startup.
INFO:     Application startup complete.
ERROR:    [Errno 10048] error while attempting to bind on address ('0.0.0.0', 8000): only one usage of each socket address (protocol/network address/port) is normally permitted
INFO:     Waiting for application shutdown.
INFO:     Application shutdown complete.
INFO:     Started server process [58152]
INFO:     Waiting for application startup.
INFO:     Application startup complete.
ERROR:    [Errno 10048] error while attempting to bind on address ('0.0.0.0', 8000): only one usage of each socket address (protocol/network address/port) is normally permitted
INFO:     Waiting for application shutdown.
INFO:     Application shutdown complete.
INFO:     Started server process [25100]
INFO:     Waiting for application startup.
INFO:     Application startup complete.
ERROR:    [Errno 10048] error while attempting to bind on address ('0.0.0.0', 8000): only one usage of each socket address (protocol/network address/port) is normally permitted
INFO:     Waiting for application shutdown.
INFO:     Application shutdown complete.
INFO:     Started server process [31084]
INFO:     Waiting for application startup.
INFO:     Application startup complete.
ERROR:    [Errno 10048] error while attempting to bind on address ('0.0.0.0', 8000): only one usage of each socket address (protocol/network address/port) is normally permitted
INFO:     Waiting for application shutdown.
INFO:     Application shutdown complete.
INFO:     Started server process [62744]
INFO:     Waiting for application startup.
INFO:     Application startup complete.
ERROR:    [Errno 10048] error while attempting to bind on address ('0.0.0.0', 8000): only one usage of each socket address (protocol/network address/port) is normally permitted
INFO:     Waiting for application shutdown.
INFO:     Application shutdown complete.
INFO:     Started server process [65708]
INFO:     Waiting for application startup.
INFO:     Application startup complete.
ERROR:    [Errno 10048] error while attempting to bind on address ('0.0.0.0', 8000): only one usage of each socket address (protocol/network address/port) is normally permitted
INFO:     Waiting for application shutdown.
INFO:     Application shutdown complete.
INFO:     Started server process [63304]
INFO:     Waiting for application startup.
INFO:     Application startup complete.
ERROR:    [Errno 10048] error while attempting to bind on address ('0.0.0.0', 8000): only one usage of each socket address (protocol/network address/port) is normally permitted
INFO:     Waiting for application shutdown.
INFO:     Application shutdown complete.
INFO:     Started server process [36412]
INFO:     Waiting for application startup.
INFO:     Application startup complete.
ERROR:    [Errno 10048] error while attempting to bind on address ('0.0.0.0', 8000): only one usage of each socket address (protocol/network address/port) is normally permitted
INFO:     Waiting for application shutdown.
INFO:     Application shutdown complete.
INFO:     Started server process [30168]
INFO:     Waiting for application startup.
INFO:     Application startup complete.
ERROR:    [Errno 10048] error while attempting to bind on address ('0.0.0.0', 8000): only one usage of each socket address (protocol/network address/port) is normally permitted
INFO:     Waiting for application shutdown.
INFO:     Application shutdown complete.
INFO:     Started server process [57288]
INFO:     Waiting for application startup.
INFO:     Application startup complete.
ERROR:    [Errno 10048] error while attempting to bind on address ('0.0.0.0', 8000): only one usage of each socket address (protocol/network address/port) is normally permitted
INFO:     Waiting for application shutdown.
INFO:     Application shutdown complete.
INFO:     Started server process [31148]
INFO:     Waiting for application startup.
INFO:     Application startup complete.
ERROR:    [Errno 10048] error while attempting to bind on address ('0.0.0.0', 8000): only one usage of each socket address (protocol/network address/port) is normally permitted
INFO:     Waiting for application shutdown.
INFO:     Application shutdown complete.
INFO:     Started server process [4688]
INFO:     Waiting for application startup.
INFO:     Application startup complete.
ERROR:    [Errno 10048] error while attempting to bind on address ('0.0.0.0', 8000): only one usage of each socket address (protocol/network address/port) is normally permitted
INFO:     Waiting for application shutdown.
INFO:     Application shutdown complete.
INFO:     Started server process [59636]
INFO:     Waiting for application startup.
INFO:     Application startup complete.
ERROR:    [Errno 10048] error while attempting to bind on address ('0.0.0.0', 8000): only one usage of each socket address (protocol/network address/port) is normally permitted
INFO:     Waiting for application shutdown.
INFO:     Application shutdown complete.
INFO:     Started server process [43184]
INFO:     Waiting for application startup.
INFO:     Application startup complete.
ERROR:    [Errno 10048] error while attempting to bind on address ('0.0.0.0', 8000): only one usage of each socket address (protocol/network address/port) is normally permitted
INFO:     Waiting for application shutdown.
INFO:     Application shutdown complete.
INFO:     Started server process [64328]
INFO:     Waiting for application startup.
INFO:     Application startup complete.
ERROR:    [Errno 10048] error while attempting to bind on address ('0.0.0.0', 8000): only one usage of each socket address (protocol/network address/port) is normally permitted
INFO:     Waiting for application shutdown.
INFO:     Application shutdown complete.
INFO:     Started server process [34732]
INFO:     Waiting for application startup.
INFO:     Application startup complete.
ERROR:    [Errno 10048] error while attempting to bind on address ('0.0.0.0', 8000): only one usage of each socket address (protocol/network address/port) is normally permitted
INFO:     Waiting for application shutdown.
INFO:     Application shutdown complete.
INFO:     Started server process [51244]
INFO:     Waiting for application startup.
INFO:     Application startup complete.
ERROR:    [Errno 10048] error while attempting to bind on address ('0.0.0.0', 8000): only one usage of each socket address (protocol/network address/port) is normally permitted
INFO:     Waiting for application shutdown.
INFO:     Application shutdown complete.
INFO:     Started server process [60372]
INFO:     Waiting for application startup.
INFO:     Application startup complete.
ERROR:    [Errno 10048] error while attempting to bind on address ('0.0.0.0', 8000): only one usage of each socket address (protocol/network address/port) is normally permitted
INFO:     Waiting for application shutdown.
INFO:     Application shutdown complete.
INFO:     Started server process [58152]
INFO:     Waiting for application startup.
INFO:     Application startup complete.
ERROR:    [Errno 10048] error while attempting to bind on address ('0.0.0.0', 8000): only one usage of each socket address (protocol/network address/port) is normally permitted
INFO:     Waiting for application shutdown.
INFO:     Application shutdown complete.
INFO:     Started server process [37468]
INFO:     Waiting for application startup.
INFO:     Application startup complete.
ERROR:    [Errno 10048] error while attempting to bind on address ('0.0.0.0', 8000): only one usage of each socket address (protocol/network address/port) is normally permitted
INFO:     Waiting for application shutdown.
INFO:     Application shutdown complete.
INFO:     Started server process [61112]
INFO:     Waiting for application startup.
INFO:     Application startup complete.
ERROR:    [Errno 10048] error while attempting to bind on address ('0.0.0.0', 8000): only one usage of each socket address (protocol/network address/port) is normally permitted
INFO:     Waiting for application shutdown.
INFO:     Application shutdown complete.
INFO:     Started server process [55036]
INFO:     Waiting for application startup.
INFO:     Application startup complete.
ERROR:    [Errno 10048] error while attempting to bind on address ('0.0.0.0', 8000): only one usage of each socket address (protocol/network address/port) is normally permitted
INFO:     Waiting for application shutdown.
INFO:     Application shutdown complete.
INFO:     Started server process [62588]
INFO:     Waiting for application startup.
INFO:     Application startup complete.
ERROR:    [Errno 10048] error while attempting to bind on address ('0.0.0.0', 8000): only one usage of each socket address (protocol/network address/port) is normally permitted
INFO:     Waiting for application shutdown.
INFO:     Application shutdown complete.
INFO:     Started server process [61580]
INFO:     Waiting for application startup.
INFO:     Application startup complete.
ERROR:    [Errno 10048] error while attempting to bind on address ('0.0.0.0', 8000): only one usage of each socket address (protocol/network address/port) is normally permitted
INFO:     Waiting for application shutdown.
INFO:     Application shutdown complete.
INFO:     Started server process [52108]
INFO:     Waiting for application startup.
INFO:     Application startup complete.
ERROR:    [Errno 10048] error while attempting to bind on address ('0.0.0.0', 8000): only one usage of each socket address (protocol/network address/port) is normally permitted
INFO:     Waiting for application shutdown.
INFO:     Application shutdown complete.
INFO:     Started server process [55500]
INFO:     Waiting for application startup.
INFO:     Application startup complete.
ERROR:    [Errno 10048] error while attempting to bind on address ('0.0.0.0', 8000): only one usage of each socket address (protocol/network address/port) is normally permitted
INFO:     Waiting for application shutdown.
INFO:     Application shutdown complete.
INFO:     Started server process [24336]
INFO:     Waiting for application startup.
INFO:     Application startup complete.
ERROR:    [Errno 10048] error while attempting to bind on address ('0.0.0.0', 8000): only one usage of each socket address (protocol/network address/port) is normally permitted
INFO:     Waiting for application shutdown.
INFO:     Application shutdown complete.
INFO:     Started server process [42332]
INFO:     Waiting for application startup.
INFO:     Application startup complete.
ERROR:    [Errno 10048] error while attempting to bind on address ('0.0.0.0', 8000): only one usage of each socket address (protocol/network address/port) is normally permitted
INFO:     Waiting for application shutdown.
INFO:     Application shutdown complete.
INFO:     Started server process [65540]
INFO:     Waiting for application startup.
INFO:     Application startup complete.
ERROR:    [Errno 10048] error while attempting to bind on address ('0.0.0.0', 8000): only one usage of each socket address (protocol/network address/port) is normally permitted
INFO:     Waiting for application shutdown.
INFO:     Application shutdown complete.
INFO:     Started server process [53648]
INFO:     Waiting for application startup.
INFO:     Application startup complete.
ERROR:    [Errno 10048] error while attempting to bind on address ('0.0.0.0', 8000): only one usage of each socket address (protocol/network address/port) is normally permitted
INFO:     Waiting for application shutdown.
INFO:     Application shutdown complete.
INFO:     Started server process [50500]
INFO:     Waiting for application startup.
INFO:     Application startup complete.
ERROR:    [Errno 10048] error while attempting to bind on address ('0.0.0.0', 8000): only one usage of each socket address (protocol/network address/port) is normally permitted
INFO:     Waiting for application shutdown.
INFO:     Application shutdown complete.
INFO:     Started server process [60292]
INFO:     Waiting for application startup.
INFO:     Application startup complete.
ERROR:    [Errno 10048] error while attempting to bind on address ('0.0.0.0', 8000): only one usage of each socket address (protocol/network address/port) is normally permitted
INFO:     Waiting for application shutdown.
INFO:     Application shutdown complete.
INFO:     Started server process [64696]
INFO:     Waiting for application startup.
INFO:     Application startup complete.
ERROR:    [Errno 10048] error while attempting to bind on address ('0.0.0.0', 8000): only one usage of each socket address (protocol/network address/port) is normally permitted
INFO:     Waiting for application shutdown.
INFO:     Application shutdown complete.
INFO:     Started server process [58804]
INFO:     Waiting for application startup.
INFO:     Application startup complete.
ERROR:    [Errno 10048] error while attempting to bind on address ('0.0.0.0', 8000): only one usage of each socket address (protocol/network address/port) is normally permitted
INFO:     Waiting for application shutdown.
INFO:     Application shutdown complete.
INFO:     Started server process [64992]
INFO:     Waiting for application startup.
INFO:     Application startup complete.
ERROR:    [Errno 10048] error while attempting to bind on address ('0.0.0.0', 8000): only one usage of each socket address (protocol/network address/port) is normally permitted
INFO:     Waiting for application shutdown.
INFO:     Application shutdown complete.
INFO:     Started server process [58192]
INFO:     Waiting for application startup.
INFO:     Application startup complete.
ERROR:    [Errno 10048] error while attempting to bind on address ('0.0.0.0', 8000): only one usage of each socket address (protocol/network address/port) is normally permitted
INFO:     Waiting for application shutdown.
INFO:     Application shutdown complete.
INFO:     Started server process [24880]
INFO:     Waiting for application startup.
INFO:     Application startup complete.
ERROR:    [Errno 10048] error while attempting to bind on address ('0.0.0.0', 8000): only one usage of each socket address (protocol/network address/port) is normally permitted
INFO:     Waiting for application shutdown.
INFO:     Application shutdown complete.
INFO:     Started server process [56056]
INFO:     Waiting for application startup.
INFO:     Application startup complete.
ERROR:    [Errno 10048] error while attempting to bind on address ('0.0.0.0', 8000): only one usage of each socket address (protocol/network address/port) is normally permitted
INFO:     Waiting for application shutdown.
INFO:     Application shutdown complete.
INFO:     Started server process [63100]
INFO:     Waiting for application startup.
INFO:     Application startup complete.
ERROR:    [Errno 10048] error while attempting to bind on address ('0.0.0.0', 8000): only one usage of each socket address (protocol/network address/port) is normally permitted
INFO:     Waiting for application shutdown.
INFO:     Application shutdown complete.
INFO:     Started server process [10852]
INFO:     Waiting for application startup.
INFO:     Application startup complete.
ERROR:    [Errno 10048] error while attempting to bind on address ('0.0.0.0', 8000): only one usage of each socket address (protocol/network address/port) is normally permitted
INFO:     Waiting for application shutdown.
INFO:     Application shutdown complete.
INFO:     Started server process [48884]
INFO:     Waiting for application startup.
INFO:     Application startup complete.
ERROR:    [Errno 10048] error while attempting to bind on address ('0.0.0.0', 8000): only one usage of each socket address (protocol/network address/port) is normally permitted
INFO:     Waiting for application shutdown.
INFO:     Application shutdown complete.
INFO:     Started server process [60624]
INFO:     Waiting for application startup.
INFO:     Application startup complete.
ERROR:    [Errno 10048] error while attempting to bind on address ('0.0.0.0', 8000): only one usage of each socket address (protocol/network address/port) is normally permitted
INFO:     Waiting for application shutdown.
INFO:     Application shutdown complete.
INFO:     Started server process [49516]
INFO:     Waiting for application startup.
INFO:     Application startup complete.
ERROR:    [Errno 10048] error while attempting to bind on address ('0.0.0.0', 8000): only one usage of each socket address (protocol/network address/port) is normally permitted
INFO:     Waiting for application shutdown.
INFO:     Application shutdown complete.
INFO:     Started server process [66564]
INFO:     Waiting for application startup.
INFO:     Application startup complete.
ERROR:    [Errno 10048] error while attempting to bind on address ('0.0.0.0', 8000): only one usage of each socket address (protocol/network address/port) is normally permitted
INFO:     Waiting for application shutdown.
INFO:     Application shutdown complete.
INFO:     Started server process [67904]
INFO:     Waiting for application startup.
INFO:     Application startup complete.
ERROR:    [Errno 10048] error while attempting to bind on address ('0.0.0.0', 8000): only one usage of each socket address (protocol/network address/port) is normally permitted
INFO:     Waiting for application shutdown.
INFO:     Application shutdown complete.
INFO:     Started server process [53568]
INFO:     Waiting for application startup.
INFO:     Application startup complete.
ERROR:    [Errno 10048] error while attempting to bind on address ('0.0.0.0', 8000): only one usage of each socket address (protocol/network address/port) is normally permitted
INFO:     Waiting for application shutdown.
INFO:     Application shutdown complete.
INFO:     Started server process [66296]
INFO:     Waiting for application startup.
INFO:     Application startup complete.
ERROR:    [Errno 10048] error while attempting to bind on address ('0.0.0.0', 8000): only one usage of each socket address (protocol/network address/port) is normally permitted
INFO:     Waiting for application shutdown.
INFO:     Application shutdown complete.
INFO:     Started server process [64228]
INFO:     Waiting for application startup.
INFO:     Application startup complete.
ERROR:    [Errno 10048] error while attempting to bind on address ('0.0.0.0', 8000): only one usage of each socket address (protocol/network address/port) is normally permitted
INFO:     Waiting for application shutdown.
INFO:     Application shutdown complete.
INFO:     Started server process [64156]
INFO:     Waiting for application startup.
INFO:     Application startup complete.
ERROR:    [Errno 10048] error while attempting to bind on address ('0.0.0.0', 8000): only one usage of each socket address (protocol/network address/port) is normally permitted
INFO:     Waiting for application shutdown.
INFO:     Application shutdown complete.
INFO:     Started server process [56848]
INFO:     Waiting for application startup.
INFO:     Application startup complete.
ERROR:    [Errno 10048] error while attempting to bind on address ('0.0.0.0', 8000): only one usage of each socket address (protocol/network address/port) is normally permitted
INFO:     Waiting for application shutdown.
INFO:     Application shutdown complete.
INFO:     Started server process [55804]
INFO:     Waiting for application startup.
INFO:     Application startup complete.
ERROR:    [Errno 10048] error while attempting to bind on address ('0.0.0.0', 8000): only one usage of each socket address (protocol/network address/port) is normally permitted
INFO:     Waiting for application shutdown.
INFO:     Application shutdown complete.
INFO:     Started server process [60520]
INFO:     Waiting for application startup.
INFO:     Application startup complete.
ERROR:    [Errno 10048] error while attempting to bind on address ('0.0.0.0', 8000): only one usage of each socket address (protocol/network address/port) is normally permitted
INFO:     Waiting for application shutdown.
INFO:     Application shutdown complete.
INFO:     Started server process [67104]
INFO:     Waiting for application startup.
INFO:     Application startup complete.
ERROR:    [Errno 10048] error while attempting to bind on address ('0.0.0.0', 8000): only one usage of each socket address (protocol/network address/port) is normally permitted
INFO:     Waiting for application shutdown.
INFO:     Application shutdown complete.
INFO:     Started server process [64248]
INFO:     Waiting for application startup.
INFO:     Application startup complete.
ERROR:    [Errno 10048] error while attempting to bind on address ('0.0.0.0', 8000): only one usage of each socket address (protocol/network address/port) is normally permitted
INFO:     Waiting for application shutdown.
INFO:     Application shutdown complete.
INFO:     Started server process [11544]
INFO:     Waiting for application startup.
INFO:     Application startup complete.
ERROR:    [Errno 10048] error while attempting to bind on address ('0.0.0.0', 8000): only one usage of each socket address (protocol/network address/port) is normally permitted
INFO:     Waiting for application shutdown.
INFO:     Application shutdown complete.
INFO:     Started server process [65912]
INFO:     Waiting for application startup.
INFO:     Application startup complete.
ERROR:    [Errno 10048] error while attempting to bind on address ('0.0.0.0', 8000): only one usage of each socket address (protocol/network address/port) is normally permitted
INFO:     Waiting for application shutdown.
INFO:     Application shutdown complete.
INFO:     Started server process [54056]
INFO:     Waiting for application startup.
INFO:     Application startup complete.
ERROR:    [Errno 10048] error while attempting to bind on address ('0.0.0.0', 8000): only one usage of each socket address (protocol/network address/port) is normally permitted
INFO:     Waiting for application shutdown.
INFO:     Application shutdown complete.
INFO:     Started server process [65216]
INFO:     Waiting for application startup.
INFO:     Application startup complete.
ERROR:    [Errno 10048] error while attempting to bind on address ('0.0.0.0', 8000): only one usage of each socket address (protocol/network address/port) is normally permitted
INFO:     Waiting for application shutdown.
INFO:     Application shutdown complete.
INFO:     Started server process [61232]
INFO:     Waiting for application startup.
INFO:     Application startup complete.
ERROR:    [Errno 10048] error while attempting to bind on address ('0.0.0.0', 8000): only one usage of each socket address (protocol/network address/port) is normally permitted
INFO:     Waiting for application shutdown.
INFO:     Application shutdown complete.
INFO:     Started server process [31524]
INFO:     Waiting for application startup.
INFO:     Application startup complete.
ERROR:    [Errno 10048] error while attempting to bind on address ('0.0.0.0', 8000): only one usage of each socket address (protocol/network address/port) is normally permitted
INFO:     Waiting for application shutdown.
INFO:     Application shutdown complete.
INFO:     Started server process [6828]
INFO:     Waiting for application startup.
INFO:     Application startup complete.
ERROR:    [Errno 10048] error while attempting to bind on address ('0.0.0.0', 8000): only one usage of each socket address (protocol/network address/port) is normally permitted
INFO:     Waiting for application shutdown.
INFO:     Application shutdown complete.
INFO:     Started server process [53908]
INFO:     Waiting for application startup.
INFO:     Application startup complete.
ERROR:    [Errno 10048] error while attempting to bind on address ('0.0.0.0', 8000): only one usage of each socket address (protocol/network address/port) is normally permitted
INFO:     Waiting for application shutdown.
INFO:     Application shutdown complete.
INFO:     Started server process [7444]
INFO:     Waiting for application startup.
INFO:     Application startup complete.
ERROR:    [Errno 10048] error while attempting to bind on address ('0.0.0.0', 8000): only one usage of each socket address (protocol/network address/port) is normally permitted
INFO:     Waiting for application shutdown.
INFO:     Application shutdown complete.
INFO:     Started server process [32784]
INFO:     Waiting for application startup.
INFO:     Application startup complete.
ERROR:    [Errno 10048] error while attempting to bind on address ('0.0.0.0', 8000): only one usage of each socket address (protocol/network address/port) is normally permitted
INFO:     Waiting for application shutdown.
INFO:     Application shutdown complete.
INFO:     Started server process [68100]
INFO:     Waiting for application startup.
INFO:     Application startup complete.
ERROR:    [Errno 10048] error while attempting to bind on address ('0.0.0.0', 8000): only one usage of each socket address (protocol/network address/port) is normally permitted
INFO:     Waiting for application shutdown.
INFO:     Application shutdown complete.
INFO:     Started server process [54652]
INFO:     Waiting for application startup.
INFO:     Application startup complete.
ERROR:    [Errno 10048] error while attempting to bind on address ('0.0.0.0', 8000): only one usage of each socket address (protocol/network address/port) is normally permitted
INFO:     Waiting for application shutdown.
INFO:     Application shutdown complete.
INFO:     Started server process [19532]
INFO:     Waiting for application startup.
INFO:     Application startup complete.
ERROR:    [Errno 10048] error while attempting to bind on address ('0.0.0.0', 8000): only one usage of each socket address (protocol/network address/port) is normally permitted
INFO:     Waiting for application shutdown.
INFO:     Application shutdown complete.
INFO:     Started server process [61232]
INFO:     Waiting for application startup.
INFO:     Application startup complete.
ERROR:    [Errno 10048] error while attempting to bind on address ('0.0.0.0', 8000): only one usage of each socket address (protocol/network address/port) is normally permitted
INFO:     Waiting for application shutdown.
INFO:     Application shutdown complete.
INFO:     Started server process [64476]
INFO:     Waiting for application startup.
INFO:     Application startup complete.
ERROR:    [Errno 10048] error while attempting to bind on address ('0.0.0.0', 8000): only one usage of each socket address (protocol/network address/port) is normally permitted
INFO:     Waiting for application shutdown.
INFO:     Application shutdown complete.
INFO:     Started server process [51404]
INFO:     Waiting for application startup.
INFO:     Application startup complete.
ERROR:    [Errno 10048] error while attempting to bind on address ('0.0.0.0', 8000): only one usage of each socket address (protocol/network address/port) is normally permitted
INFO:     Waiting for application shutdown.
INFO:     Application shutdown complete.
INFO:     Started server process [64220]
INFO:     Waiting for application startup.
INFO:     Application startup complete.
ERROR:    [Errno 10048] error while attempting to bind on address ('0.0.0.0', 8000): only one usage of each socket address (protocol/network address/port) is normally permitted
INFO:     Waiting for application shutdown.
INFO:     Application shutdown complete.
INFO:     Started server process [4556]
INFO:     Waiting for application startup.
INFO:     Application startup complete.
ERROR:    [Errno 10048] error while attempting to bind on address ('0.0.0.0', 8000): only one usage of each socket address (protocol/network address/port) is normally permitted
INFO:     Waiting for application shutdown.
INFO:     Application shutdown complete.
INFO:     Started server process [61108]
INFO:     Waiting for application startup.
INFO:     Application startup complete.
ERROR:    [Errno 10048] error while attempting to bind on address ('0.0.0.0', 8000): only one usage of each socket address (protocol/network address/port) is normally permitted
INFO:     Waiting for application shutdown.
INFO:     Application shutdown complete.
INFO:     Started server process [52552]
INFO:     Waiting for application startup.
INFO:     Application startup complete.
ERROR:    [Errno 10048] error while attempting to bind on address ('0.0.0.0', 8000): only one usage of each socket address (protocol/network address/port) is normally permitted
INFO:     Waiting for application shutdown.
INFO:     Application shutdown complete.
INFO:     Started server process [47468]
INFO:     Waiting for application startup.
INFO:     Application startup complete.
ERROR:    [Errno 10048] error while attempting to bind on address ('0.0.0.0', 8000): only one usage of each socket address (protocol/network address/port) is normally permitted
INFO:     Waiting for application shutdown.
INFO:     Application shutdown complete.
INFO:     Started server process [66352]
INFO:     Waiting for application startup.
INFO:     Application startup complete.
ERROR:    [Errno 10048] error while attempting to bind on address ('0.0.0.0', 8000): only one usage of each socket address (protocol/network address/port) is normally permitted
INFO:     Waiting for application shutdown.
INFO:     Application shutdown complete.
INFO:     Started server process [49000]
INFO:     Waiting for application startup.
INFO:     Application startup complete.
ERROR:    [Errno 10048] error while attempting to bind on address ('0.0.0.0', 8000): only one usage of each socket address (protocol/network address/port) is normally permitted
INFO:     Waiting for application shutdown.
INFO:     Application shutdown complete.
INFO:     Started server process [25656]
INFO:     Waiting for application startup.
INFO:     Application startup complete.
ERROR:    [Errno 10048] error while attempting to bind on address ('0.0.0.0', 8000): only one usage of each socket address (protocol/network address/port) is normally permitted
INFO:     Waiting for application shutdown.
INFO:     Application shutdown complete.
INFO:     Started server process [39744]
INFO:     Waiting for application startup.
INFO:     Application startup complete.
ERROR:    [Errno 10048] error while attempting to bind on address ('0.0.0.0', 8000): only one usage of each socket address (protocol/network address/port) is normally permitted
INFO:     Waiting for application shutdown.
INFO:     Application shutdown complete.
INFO:     Started server process [14248]
INFO:     Waiting for application startup.
INFO:     Application startup complete.
ERROR:    [Errno 10048] error while attempting to bind on address ('0.0.0.0', 8000): only one usage of each socket address (protocol/network address/port) is normally permitted
INFO:     Waiting for application shutdown.
INFO:     Application shutdown complete.
INFO:     Started server process [64464]
INFO:     Waiting for application startup.
INFO:     Application startup complete.
ERROR:    [Errno 10048] error while attempting to bind on address ('0.0.0.0', 8000): only one usage of each socket address (protocol/network address/port) is normally permitted
INFO:     Waiting for application shutdown.
INFO:     Application shutdown complete.
INFO:     Started server process [39508]
INFO:     Waiting for application startup.
INFO:     Application startup complete.
ERROR:    [Errno 10048] error while attempting to bind on address ('0.0.0.0', 8000): only one usage of each socket address (protocol/network address/port) is normally permitted
INFO:     Waiting for application shutdown.
INFO:     Application shutdown complete.
INFO:     Started server process [63740]
INFO:     Waiting for application startup.
INFO:     Application startup complete.
ERROR:    [Errno 10048] error while attempting to bind on address ('0.0.0.0', 8000): only one usage of each socket address (protocol/network address/port) is normally permitted
INFO:     Waiting for application shutdown.
INFO:     Application shutdown complete.
INFO:     Started server process [66436]
INFO:     Waiting for application startup.
INFO:     Application startup complete.
ERROR:    [Errno 10048] error while attempting to bind on address ('0.0.0.0', 8000): only one usage of each socket address (protocol/network address/port) is normally permitted
INFO:     Waiting for application shutdown.
INFO:     Application shutdown complete.
INFO:     Started server process [62140]
INFO:     Waiting for application startup.
INFO:     Application startup complete.
ERROR:    [Errno 10048] error while attempting to bind on address ('0.0.0.0', 8000): only one usage of each socket address (protocol/network address/port) is normally permitted
INFO:     Waiting for application shutdown.
INFO:     Application shutdown complete.
INFO:     Started server process [61124]
INFO:     Waiting for application startup.
INFO:     Application startup complete.
ERROR:    [Errno 10048] error while attempting to bind on address ('0.0.0.0', 8000): only one usage of each socket address (protocol/network address/port) is normally permitted
INFO:     Waiting for application shutdown.
INFO:     Application shutdown complete.
INFO:     Started server process [61100]
INFO:     Waiting for application startup.
INFO:     Application startup complete.
ERROR:    [Errno 10048] error while attempting to bind on address ('0.0.0.0', 8000): only one usage of each socket address (protocol/network address/port) is normally permitted
INFO:     Waiting for application shutdown.
INFO:     Application shutdown complete.
INFO:     Started server process [37292]
INFO:     Waiting for application startup.
INFO:     Application startup complete.
ERROR:    [Errno 10048] error while attempting to bind on address ('0.0.0.0', 8000): only one usage of each socket address (protocol/network address/port) is normally permitted
INFO:     Waiting for application shutdown.
INFO:     Application shutdown complete.
INFO:     Started server process [58184]
INFO:     Waiting for application startup.
INFO:     Application startup complete.
ERROR:    [Errno 10048] error while attempting to bind on address ('0.0.0.0', 8000): only one usage of each socket address (protocol/network address/port) is normally permitted
INFO:     Waiting for application shutdown.
INFO:     Application shutdown complete.
INFO:     Started server process [56720]
INFO:     Waiting for application startup.
INFO:     Application startup complete.
ERROR:    [Errno 10048] error while attempting to bind on address ('0.0.0.0', 8000): only one usage of each socket address (protocol/network address/port) is normally permitted
INFO:     Waiting for application shutdown.
INFO:     Application shutdown complete.
INFO:     Started server process [67196]
INFO:     Waiting for application startup.
INFO:     Application startup complete.
ERROR:    [Errno 10048] error while attempting to bind on address ('0.0.0.0', 8000): only one usage of each socket address (protocol/network address/port) is normally permitted
INFO:     Waiting for application shutdown.
INFO:     Application shutdown complete.
INFO:     Started server process [64984]
INFO:     Waiting for application startup.
INFO:     Application startup complete.
ERROR:    [Errno 10048] error while attempting to bind on address ('0.0.0.0', 8000): only one usage of each socket address (protocol/network address/port) is normally permitted
INFO:     Waiting for application shutdown.
INFO:     Application shutdown complete.
INFO:     Started server process [65728]
INFO:     Waiting for application startup.
INFO:     Application startup complete.
ERROR:    [Errno 10048] error while attempting to bind on address ('0.0.0.0', 8000): only one usage of each socket address (protocol/network address/port) is normally permitted
INFO:     Waiting for application shutdown.
INFO:     Application shutdown complete.
INFO:     Started server process [54000]
INFO:     Waiting for application startup.
INFO:     Application startup complete.
ERROR:    [Errno 10048] error while attempting to bind on address ('0.0.0.0', 8000): only one usage of each socket address (protocol/network address/port) is normally permitted
INFO:     Waiting for application shutdown.
INFO:     Application shutdown complete.
INFO:     Started server process [49192]
INFO:     Waiting for application startup.
INFO:     Application startup complete.
ERROR:    [Errno 10048] error while attempting to bind on address ('0.0.0.0', 8000): only one usage of each socket address (protocol/network address/port) is normally permitted
INFO:     Waiting for application shutdown.
INFO:     Application shutdown complete.
INFO:     Started server process [5040]
INFO:     Waiting for application startup.
INFO:     Application startup complete.
ERROR:    [Errno 10048] error while attempting to bind on address ('0.0.0.0', 8000): only one usage of each socket address (protocol/network address/port) is normally permitted
INFO:     Waiting for application shutdown.
INFO:     Application shutdown complete.
INFO:     Started server process [66552]
INFO:     Waiting for application startup.
INFO:     Application startup complete.
ERROR:    [Errno 10048] error while attempting to bind on address ('0.0.0.0', 8000): only one usage of each socket address (protocol/network address/port) is normally permitted
INFO:     Waiting for application shutdown.
INFO:     Application shutdown complete.
INFO:     Started server process [34972]
INFO:     Waiting for application startup.
INFO:     Application startup complete.
ERROR:    [Errno 10048] error while attempting to bind on address ('0.0.0.0', 8000): only one usage of each socket address (protocol/network address/port) is normally permitted
INFO:     Waiting for application shutdown.
INFO:     Application shutdown complete.
INFO:     Started server process [6852]
INFO:     Waiting for application startup.
INFO:     Application startup complete.
ERROR:    [Errno 10048] error while attempting to bind on address ('0.0.0.0', 8000): only one usage of each socket address (protocol/network address/port) is normally permitted
INFO:     Waiting for application shutdown.
INFO:     Application shutdown complete.
INFO:     Started server process [65604]
INFO:     Waiting for application startup.
INFO:     Application startup complete.
ERROR:    [Errno 10048] error while attempting to bind on address ('0.0.0.0', 8000): only one usage of each socket address (protocol/network address/port) is normally permitted
INFO:     Waiting for application shutdown.
INFO:     Application shutdown complete.
INFO:     Started server process [64816]
INFO:     Waiting for application startup.
INFO:     Application startup complete.
ERROR:    [Errno 10048] error while attempting to bind on address ('0.0.0.0', 8000): only one usage of each socket address (protocol/network address/port) is normally permitted
INFO:     Waiting for application shutdown.
INFO:     Application shutdown complete.
INFO:     Started server process [43808]
INFO:     Waiting for application startup.
INFO:     Application startup complete.
ERROR:    [Errno 10048] error while attempting to bind on address ('0.0.0.0', 8000): only one usage of each socket address (protocol/network address/port) is normally permitted
INFO:     Waiting for application shutdown.
INFO:     Application shutdown complete.
INFO:     Started server process [59464]
INFO:     Waiting for application startup.
INFO:     Application startup complete.
ERROR:    [Errno 10048] error while attempting to bind on address ('0.0.0.0', 8000): only one usage of each socket address (protocol/network address/port) is normally permitted
INFO:     Waiting for application shutdown.
INFO:     Application shutdown complete.
INFO:     Started server process [6652]
INFO:     Waiting for application startup.
INFO:     Application startup complete.
ERROR:    [Errno 10048] error while attempting to bind on address ('0.0.0.0', 8000): only one usage of each socket address (protocol/network address/port) is normally permitted
INFO:     Waiting for application shutdown.
INFO:     Application shutdown complete.
INFO:     Started server process [62140]
INFO:     Waiting for application startup.
INFO:     Application startup complete.
ERROR:    [Errno 10048] error while attempting to bind on address ('0.0.0.0', 8000): only one usage of each socket address (protocol/network address/port) is normally permitted
INFO:     Waiting for application shutdown.
INFO:     Application shutdown complete.
INFO:     Started server process [64660]
INFO:     Waiting for application startup.
INFO:     Application startup complete.
ERROR:    [Errno 10048] error while attempting to bind on address ('0.0.0.0', 8000): only one usage of each socket address (protocol/network address/port) is normally permitted
INFO:     Waiting for application shutdown.
INFO:     Application shutdown complete.
INFO:     Started server process [54556]
INFO:     Waiting for application startup.
INFO:     Application startup complete.
ERROR:    [Errno 10048] error while attempting to bind on address ('0.0.0.0', 8000): only one usage of each socket address (protocol/network address/port) is normally permitted
INFO:     Waiting for application shutdown.
INFO:     Application shutdown complete.
INFO:     Started server process [55396]
INFO:     Waiting for application startup.
INFO:     Application startup complete.
ERROR:    [Errno 10048] error while attempting to bind on address ('0.0.0.0', 8000): only one usage of each socket address (protocol/network address/port) is normally permitted
INFO:     Waiting for application shutdown.
INFO:     Application shutdown complete.
INFO:     Started server process [26860]
INFO:     Waiting for application startup.
INFO:     Application startup complete.
ERROR:    [Errno 10048] error while attempting to bind on address ('0.0.0.0', 8000): only one usage of each socket address (protocol/network address/port) is normally permitted
INFO:     Waiting for application shutdown.
INFO:     Application shutdown complete.
INFO:     Started server process [50992]
INFO:     Waiting for application startup.
INFO:     Application startup complete.
ERROR:    [Errno 10048] error while attempting to bind on address ('0.0.0.0', 8000): only one usage of each socket address (protocol/network address/port) is normally permitted
INFO:     Waiting for application shutdown.
INFO:     Application shutdown complete.
INFO:     Started server process [62292]
INFO:     Waiting for application startup.
INFO:     Application startup complete.
ERROR:    [Errno 10048] error while attempting to bind on address ('0.0.0.0', 8000): only one usage of each socket address (protocol/network address/port) is normally permitted
INFO:     Waiting for application shutdown.
INFO:     Application shutdown complete.
INFO:     Started server process [57620]
INFO:     Waiting for application startup.
INFO:     Application startup complete.
ERROR:    [Errno 10048] error while attempting to bind on address ('0.0.0.0', 8000): only one usage of each socket address (protocol/network address/port) is normally permitted
INFO:     Waiting for application shutdown.
INFO:     Application shutdown complete.
INFO:     Started server process [27028]
INFO:     Waiting for application startup.
INFO:     Application startup complete.
ERROR:    [Errno 10048] error while attempting to bind on address ('0.0.0.0', 8000): only one usage of each socket address (protocol/network address/port) is normally permitted
INFO:     Waiting for application shutdown.
INFO:     Application shutdown complete.
INFO:     Started server process [67116]
INFO:     Waiting for application startup.
INFO:     Application startup complete.
ERROR:    [Errno 10048] error while attempting to bind on address ('0.0.0.0', 8000): only one usage of each socket address (protocol/network address/port) is normally permitted
INFO:     Waiting for application shutdown.
INFO:     Application shutdown complete.
INFO:     Started server process [54224]
INFO:     Waiting for application startup.
INFO:     Application startup complete.
ERROR:    [Errno 10048] error while attempting to bind on address ('0.0.0.0', 8000): only one usage of each socket address (protocol/network address/port) is normally permitted
INFO:     Waiting for application shutdown.
INFO:     Application shutdown complete.
INFO:     Started server process [64844]
INFO:     Waiting for application startup.
INFO:     Application startup complete.
ERROR:    [Errno 10048] error while attempting to bind on address ('0.0.0.0', 8000): only one usage of each socket address (protocol/network address/port) is normally permitted
INFO:     Waiting for application shutdown.
INFO:     Application shutdown complete.
INFO:     Started server process [44192]
INFO:     Waiting for application startup.
INFO:     Application startup complete.
ERROR:    [Errno 10048] error while attempting to bind on address ('0.0.0.0', 8000): only one usage of each socket address (protocol/network address/port) is normally permitted
INFO:     Waiting for application shutdown.
INFO:     Application shutdown complete.
INFO:     Started server process [67472]
INFO:     Waiting for application startup.
INFO:     Application startup complete.
ERROR:    [Errno 10048] error while attempting to bind on address ('0.0.0.0', 8000): only one usage of each socket address (protocol/network address/port) is normally permitted
INFO:     Waiting for application shutdown.
INFO:     Application shutdown complete.
INFO:     Started server process [66460]
INFO:     Waiting for application startup.
INFO:     Application startup complete.
ERROR:    [Errno 10048] error while attempting to bind on address ('0.0.0.0', 8000): only one usage of each socket address (protocol/network address/port) is normally permitted
INFO:     Waiting for application shutdown.
INFO:     Application shutdown complete.
INFO:     Started server process [11248]
INFO:     Waiting for application startup.
INFO:     Application startup complete.
ERROR:    [Errno 10048] error while attempting to bind on address ('0.0.0.0', 8000): only one usage of each socket address (protocol/network address/port) is normally permitted
INFO:     Waiting for application shutdown.
INFO:     Application shutdown complete.
INFO:     Started server process [58636]
INFO:     Waiting for application startup.
INFO:     Application startup complete.
ERROR:    [Errno 10048] error while attempting to bind on address ('0.0.0.0', 8000): only one usage of each socket address (protocol/network address/port) is normally permitted
INFO:     Waiting for application shutdown.
INFO:     Application shutdown complete.
INFO:     Started server process [15160]
INFO:     Waiting for application startup.
INFO:     Application startup complete.
ERROR:    [Errno 10048] error while attempting to bind on address ('0.0.0.0', 8000): only one usage of each socket address (protocol/network address/port) is normally permitted
INFO:     Waiting for application shutdown.
INFO:     Application shutdown complete.
INFO:     Started server process [65728]
INFO:     Waiting for application startup.
INFO:     Application startup complete.
ERROR:    [Errno 10048] error while attempting to bind on address ('0.0.0.0', 8000): only one usage of each socket address (protocol/network address/port) is normally permitted
INFO:     Waiting for application shutdown.
INFO:     Application shutdown complete.
INFO:     Started server process [48780]
INFO:     Waiting for application startup.
INFO:     Application startup complete.
ERROR:    [Errno 10048] error while attempting to bind on address ('0.0.0.0', 8000): only one usage of each socket address (protocol/network address/port) is normally permitted
INFO:     Waiting for application shutdown.
INFO:     Application shutdown complete.
INFO:     Started server process [64168]
INFO:     Waiting for application startup.
INFO:     Application startup complete.
ERROR:    [Errno 10048] error while attempting to bind on address ('0.0.0.0', 8000): only one usage of each socket address (protocol/network address/port) is normally permitted
INFO:     Waiting for application shutdown.
INFO:     Application shutdown complete.
INFO:     Started server process [68172]
INFO:     Waiting for application startup.
INFO:     Application startup complete.
ERROR:    [Errno 10048] error while attempting to bind on address ('0.0.0.0', 8000): only one usage of each socket address (protocol/network address/port) is normally permitted
INFO:     Waiting for application shutdown.
INFO:     Application shutdown complete.
INFO:     Started server process [65208]
INFO:     Waiting for application startup.
INFO:     Application startup complete.
ERROR:    [Errno 10048] error while attempting to bind on address ('0.0.0.0', 8000): only one usage of each socket address (protocol/network address/port) is normally permitted
INFO:     Waiting for application shutdown.
INFO:     Application shutdown complete.
INFO:     Started server process [43380]
INFO:     Waiting for application startup.
INFO:     Application startup complete.
ERROR:    [Errno 10048] error while attempting to bind on address ('0.0.0.0', 8000): only one usage of each socket address (protocol/network address/port) is normally permitted
INFO:     Waiting for application shutdown.
INFO:     Application shutdown complete.
INFO:     Started server process [49584]
INFO:     Waiting for application startup.
INFO:     Application startup complete.
ERROR:    [Errno 10048] error while attempting to bind on address ('0.0.0.0', 8000): only one usage of each socket address (protocol/network address/port) is normally permitted
INFO:     Waiting for application shutdown.
INFO:     Application shutdown complete.
INFO:     Started server process [64484]
INFO:     Waiting for application startup.
INFO:     Application startup complete.
ERROR:    [Errno 10048] error while attempting to bind on address ('0.0.0.0', 8000): only one usage of each socket address (protocol/network address/port) is normally permitted
INFO:     Waiting for application shutdown.
INFO:     Application shutdown complete.
INFO:     Started server process [42900]
INFO:     Waiting for application startup.
INFO:     Application startup complete.
ERROR:    [Errno 10048] error while attempting to bind on address ('0.0.0.0', 8000): only one usage of each socket address (protocol/network address/port) is normally permitted
INFO:     Waiting for application shutdown.
INFO:     Application shutdown complete.
INFO:     Started server process [66076]
INFO:     Waiting for application startup.
INFO:     Application startup complete.
ERROR:    [Errno 10048] error while attempting to bind on address ('0.0.0.0', 8000): only one usage of each socket address (protocol/network address/port) is normally permitted
INFO:     Waiting for application shutdown.
INFO:     Application shutdown complete.
INFO:     Started server process [66936]
INFO:     Waiting for application startup.
INFO:     Application startup complete.
ERROR:    [Errno 10048] error while attempting to bind on address ('0.0.0.0', 8000): only one usage of each socket address (protocol/network address/port) is normally permitted
INFO:     Waiting for application shutdown.
INFO:     Application shutdown complete.
INFO:     Started server process [62624]
INFO:     Waiting for application startup.
INFO:     Application startup complete.
ERROR:    [Errno 10048] error while attempting to bind on address ('0.0.0.0', 8000): only one usage of each socket address (protocol/network address/port) is normally permitted
INFO:     Waiting for application shutdown.
INFO:     Application shutdown complete.
INFO:     Started server process [25692]
INFO:     Waiting for application startup.
INFO:     Application startup complete.
ERROR:    [Errno 10048] error while attempting to bind on address ('0.0.0.0', 8000): only one usage of each socket address (protocol/network address/port) is normally permitted
INFO:     Waiting for application shutdown.
INFO:     Application shutdown complete.
INFO:     Started server process [66768]
INFO:     Waiting for application startup.
INFO:     Application startup complete.
ERROR:    [Errno 10048] error while attempting to bind on address ('0.0.0.0', 8000): only one usage of each socket address (protocol/network address/port) is normally permitted
INFO:     Waiting for application shutdown.
INFO:     Application shutdown complete.
INFO:     Started server process [45928]
INFO:     Waiting for application startup.
INFO:     Application startup complete.
ERROR:    [Errno 10048] error while attempting to bind on address ('0.0.0.0', 8000): only one usage of each socket address (protocol/network address/port) is normally permitted
INFO:     Waiting for application shutdown.
INFO:     Application shutdown complete.
INFO:     Started server process [39208]
INFO:     Waiting for application startup.
INFO:     Application startup complete.
ERROR:    [Errno 10048] error while attempting to bind on address ('0.0.0.0', 8000): only one usage of each socket address (protocol/network address/port) is normally permitted
INFO:     Waiting for application shutdown.
INFO:     Application shutdown complete.
INFO:     Started server process [63140]
INFO:     Waiting for application startup.
INFO:     Application startup complete.
ERROR:    [Errno 10048] error while attempting to bind on address ('0.0.0.0', 8000): only one usage of each socket address (protocol/network address/port) is normally permitted
INFO:     Waiting for application shutdown.
INFO:     Application shutdown complete.
INFO:     Started server process [64276]
INFO:     Waiting for application startup.
INFO:     Application startup complete.
ERROR:    [Errno 10048] error while attempting to bind on address ('0.0.0.0', 8000): only one usage of each socket address (protocol/network address/port) is normally permitted
INFO:     Waiting for application shutdown.
INFO:     Application shutdown complete.
INFO:     Started server process [17868]
INFO:     Waiting for application startup.
INFO:     Application startup complete.
ERROR:    [Errno 10048] error while attempting to bind on address ('0.0.0.0', 8000): only one usage of each socket address (protocol/network address/port) is normally permitted
INFO:     Waiting for application shutdown.
INFO:     Application shutdown complete.
INFO:     Started server process [62716]
INFO:     Waiting for application startup.
INFO:     Application startup complete.
ERROR:    [Errno 10048] error while attempting to bind on address ('0.0.0.0', 8000): only one usage of each socket address (protocol/network address/port) is normally permitted
INFO:     Waiting for application shutdown.
INFO:     Application shutdown complete.
INFO:     Started server process [67392]
INFO:     Waiting for application startup.
INFO:     Application startup complete.
ERROR:    [Errno 10048] error while attempting to bind on address ('0.0.0.0', 8000): only one usage of each socket address (protocol/network address/port) is normally permitted
INFO:     Waiting for application shutdown.
INFO:     Application shutdown complete.
INFO:     Started server process [43220]
INFO:     Waiting for application startup.
INFO:     Application startup complete.
ERROR:    [Errno 10048] error while attempting to bind on address ('0.0.0.0', 8000): only one usage of each socket address (protocol/network address/port) is normally permitted
INFO:     Waiting for application shutdown.
INFO:     Application shutdown complete.
INFO:     Started server process [68000]
INFO:     Waiting for application startup.
INFO:     Application startup complete.
ERROR:    [Errno 10048] error while attempting to bind on address ('0.0.0.0', 8000): only one usage of each socket address (protocol/network address/port) is normally permitted
INFO:     Waiting for application shutdown.
INFO:     Application shutdown complete.
INFO:     Started server process [45088]
INFO:     Waiting for application startup.
INFO:     Application startup complete.
ERROR:    [Errno 10048] error while attempting to bind on address ('0.0.0.0', 8000): only one usage of each socket address (protocol/network address/port) is normally permitted
INFO:     Waiting for application shutdown.
INFO:     Application shutdown complete.
INFO:     Started server process [20460]
INFO:     Waiting for application startup.
INFO:     Application startup complete.
ERROR:    [Errno 10048] error while attempting to bind on address ('0.0.0.0', 8000): only one usage of each socket address (protocol/network address/port) is normally permitted
INFO:     Waiting for application shutdown.
INFO:     Application shutdown complete.
INFO:     Started server process [64040]
INFO:     Waiting for application startup.
INFO:     Application startup complete.
ERROR:    [Errno 10048] error while attempting to bind on address ('0.0.0.0', 8000): only one usage of each socket address (protocol/network address/port) is normally permitted
INFO:     Waiting for application shutdown.
INFO:     Application shutdown complete.
INFO:     Started server process [67888]
INFO:     Waiting for application startup.
INFO:     Application startup complete.
ERROR:    [Errno 10048] error while attempting to bind on address ('0.0.0.0', 8000): only one usage of each socket address (protocol/network address/port) is normally permitted
INFO:     Waiting for application shutdown.
INFO:     Application shutdown complete.
INFO:     Started server process [61120]
INFO:     Waiting for application startup.
INFO:     Application startup complete.
ERROR:    [Errno 10048] error while attempting to bind on address ('0.0.0.0', 8000): only one usage of each socket address (protocol/network address/port) is normally permitted
INFO:     Waiting for application shutdown.
INFO:     Application shutdown complete.
INFO:     Started server process [67192]
INFO:     Waiting for application startup.
INFO:     Application startup complete.
ERROR:    [Errno 10048] error while attempting to bind on address ('0.0.0.0', 8000): only one usage of each socket address (protocol/network address/port) is normally permitted
INFO:     Waiting for application shutdown.
INFO:     Application shutdown complete.
INFO:     Started server process [55980]
INFO:     Waiting for application startup.
INFO:     Application startup complete.
ERROR:    [Errno 10048] error while attempting to bind on address ('0.0.0.0', 8000): only one usage of each socket address (protocol/network address/port) is normally permitted
INFO:     Waiting for application shutdown.
INFO:     Application shutdown complete.
INFO:     Started server process [62220]
INFO:     Waiting for application startup.
INFO:     Application startup complete.
ERROR:    [Errno 10048] error while attempting to bind on address ('0.0.0.0', 8000): only one usage of each socket address (protocol/network address/port) is normally permitted
INFO:     Waiting for application shutdown.
INFO:     Application shutdown complete.
INFO:     Started server process [65016]
INFO:     Waiting for application startup.
INFO:     Application startup complete.
ERROR:    [Errno 10048] error while attempting to bind on address ('0.0.0.0', 8000): only one usage of each socket address (protocol/network address/port) is normally permitted
INFO:     Waiting for application shutdown.
INFO:     Application shutdown complete.
INFO:     Started server process [63664]
INFO:     Waiting for application startup.
INFO:     Application startup complete.
ERROR:    [Errno 10048] error while attempting to bind on address ('0.0.0.0', 8000): only one usage of each socket address (protocol/network address/port) is normally permitted
INFO:     Waiting for application shutdown.
INFO:     Application shutdown complete.
INFO:     Started server process [56676]
INFO:     Waiting for application startup.
INFO:     Application startup complete.
ERROR:    [Errno 10048] error while attempting to bind on address ('0.0.0.0', 8000): only one usage of each socket address (protocol/network address/port) is normally permitted
INFO:     Waiting for application shutdown.
INFO:     Application shutdown complete.
INFO:     Started server process [2596]
INFO:     Waiting for application startup.
INFO:     Application startup complete.
ERROR:    [Errno 10048] error while attempting to bind on address ('0.0.0.0', 8000): only one usage of each socket address (protocol/network address/port) is normally permitted
INFO:     Waiting for application shutdown.
INFO:     Application shutdown complete.
INFO:     Started server process [57484]
INFO:     Waiting for application startup.
INFO:     Application startup complete.
ERROR:    [Errno 10048] error while attempting to bind on address ('0.0.0.0', 8000): only one usage of each socket address (protocol/network address/port) is normally permitted
INFO:     Waiting for application shutdown.
INFO:     Application shutdown complete.
INFO:     Started server process [68360]
INFO:     Waiting for application startup.
INFO:     Application startup complete.
ERROR:    [Errno 10048] error while attempting to bind on address ('0.0.0.0', 8000): only one usage of each socket address (protocol/network address/port) is normally permitted
INFO:     Waiting for application shutdown.
INFO:     Application shutdown complete.
INFO:     Started server process [61900]
INFO:     Waiting for application startup.
INFO:     Application startup complete.
ERROR:    [Errno 10048] error while attempting to bind on address ('0.0.0.0', 8000): only one usage of each socket address (protocol/network address/port) is normally permitted
INFO:     Waiting for application shutdown.
INFO:     Application shutdown complete.
INFO:     Started server process [48548]
INFO:     Waiting for application startup.
INFO:     Application startup complete.
ERROR:    [Errno 10048] error while attempting to bind on address ('0.0.0.0', 8000): only one usage of each socket address (protocol/network address/port) is normally permitted
INFO:     Waiting for application shutdown.
INFO:     Application shutdown complete.
INFO:     Started server process [18448]
INFO:     Waiting for application startup.
INFO:     Application startup complete.
ERROR:    [Errno 10048] error while attempting to bind on address ('0.0.0.0', 8000): only one usage of each socket address (protocol/network address/port) is normally permitted
INFO:     Waiting for application shutdown.
INFO:     Application shutdown complete.
INFO:     Started server process [56236]
INFO:     Waiting for application startup.
INFO:     Application startup complete.
ERROR:    [Errno 10048] error while attempting to bind on address ('0.0.0.0', 8000): only one usage of each socket address (protocol/network address/port) is normally permitted
INFO:     Waiting for application shutdown.
INFO:     Application shutdown complete.
INFO:     Started server process [66684]
INFO:     Waiting for application startup.
INFO:     Application startup complete.
ERROR:    [Errno 10048] error while attempting to bind on address ('0.0.0.0', 8000): only one usage of each socket address (protocol/network address/port) is normally permitted
INFO:     Waiting for application shutdown.
INFO:     Application shutdown complete.
INFO:     Started server process [67364]
INFO:     Waiting for application startup.
INFO:     Application startup complete.
ERROR:    [Errno 10048] error while attempting to bind on address ('0.0.0.0', 8000): only one usage of each socket address (protocol/network address/port) is normally permitted
INFO:     Waiting for application shutdown.
INFO:     Application shutdown complete.
INFO:     Started server process [44728]
INFO:     Waiting for application startup.
INFO:     Application startup complete.
ERROR:    [Errno 10048] error while attempting to bind on address ('0.0.0.0', 8000): only one usage of each socket address (protocol/network address/port) is normally permitted
INFO:     Waiting for application shutdown.
INFO:     Application shutdown complete.
INFO:     Started server process [65176]
INFO:     Waiting for application startup.
INFO:     Application startup complete.
ERROR:    [Errno 10048] error while attempting to bind on address ('0.0.0.0', 8000): only one usage of each socket address (protocol/network address/port) is normally permitted
INFO:     Waiting for application shutdown.
INFO:     Application shutdown complete.
INFO:     Started server process [9720]
INFO:     Waiting for application startup.
INFO:     Application startup complete.
ERROR:    [Errno 10048] error while attempting to bind on address ('0.0.0.0', 8000): only one usage of each socket address (protocol/network address/port) is normally permitted
INFO:     Waiting for application shutdown.
INFO:     Application shutdown complete.
INFO:     Started server process [60444]
INFO:     Waiting for application startup.
INFO:     Application startup complete.
ERROR:    [Errno 10048] error while attempting to bind on address ('0.0.0.0', 8000): only one usage of each socket address (protocol/network address/port) is normally permitted
INFO:     Waiting for application shutdown.
INFO:     Application shutdown complete.
INFO:     Started server process [61268]
INFO:     Waiting for application startup.
INFO:     Application startup complete.
ERROR:    [Errno 10048] error while attempting to bind on address ('0.0.0.0', 8000): only one usage of each socket address (protocol/network address/port) is normally permitted
INFO:     Waiting for application shutdown.
INFO:     Application shutdown complete.
INFO:     Started server process [68024]
INFO:     Waiting for application startup.
INFO:     Application startup complete.
ERROR:    [Errno 10048] error while attempting to bind on address ('0.0.0.0', 8000): only one usage of each socket address (protocol/network address/port) is normally permitted
INFO:     Waiting for application shutdown.
INFO:     Application shutdown complete.
INFO:     Started server process [68240]
INFO:     Waiting for application startup.
INFO:     Application startup complete.
ERROR:    [Errno 10048] error while attempting to bind on address ('0.0.0.0', 8000): only one usage of each socket address (protocol/network address/port) is normally permitted
INFO:     Waiting for application shutdown.
INFO:     Application shutdown complete.
INFO:     Started server process [40988]
INFO:     Waiting for application startup.
INFO:     Application startup complete.
ERROR:    [Errno 10048] error while attempting to bind on address ('0.0.0.0', 8000): only one usage of each socket address (protocol/network address/port) is normally permitted
INFO:     Waiting for application shutdown.
INFO:     Application shutdown complete.
INFO:     Started server process [61388]
INFO:     Waiting for application startup.
INFO:     Application startup complete.
ERROR:    [Errno 10048] error while attempting to bind on address ('0.0.0.0', 8000): only one usage of each socket address (protocol/network address/port) is normally permitted
INFO:     Waiting for application shutdown.
INFO:     Application shutdown complete.
INFO:     Started server process [42140]
INFO:     Waiting for application startup.
INFO:     Application startup complete.
ERROR:    [Errno 10048] error while attempting to bind on address ('0.0.0.0', 8000): only one usage of each socket address (protocol/network address/port) is normally permitted
INFO:     Waiting for application shutdown.
INFO:     Application shutdown complete.
INFO:     Started server process [22736]
INFO:     Waiting for application startup.
INFO:     Application startup complete.
ERROR:    [Errno 10048] error while attempting to bind on address ('0.0.0.0', 8000): only one usage of each socket address (protocol/network address/port) is normally permitted
INFO:     Waiting for application shutdown.
INFO:     Application shutdown complete.
INFO:     Started server process [62920]
INFO:     Waiting for application startup.
INFO:     Application startup complete.
ERROR:    [Errno 10048] error while attempting to bind on address ('0.0.0.0', 8000): only one usage of each socket address (protocol/network address/port) is normally permitted
INFO:     Waiting for application shutdown.
INFO:     Application shutdown complete.
INFO:     Started server process [54844]
INFO:     Waiting for application startup.
INFO:     Application startup complete.
ERROR:    [Errno 10048] error while attempting to bind on address ('0.0.0.0', 8000): only one usage of each socket address (protocol/network address/port) is normally permitted
INFO:     Waiting for application shutdown.
INFO:     Application shutdown complete.
INFO:     Started server process [66192]
INFO:     Waiting for application startup.
INFO:     Application startup complete.
ERROR:    [Errno 10048] error while attempting to bind on address ('0.0.0.0', 8000): only one usage of each socket address (protocol/network address/port) is normally permitted
INFO:     Waiting for application shutdown.
INFO:     Application shutdown complete.
INFO:     Started server process [34308]
INFO:     Waiting for application startup.
INFO:     Application startup complete.
ERROR:    [Errno 10048] error while attempting to bind on address ('0.0.0.0', 8000): only one usage of each socket address (protocol/network address/port) is normally permitted
INFO:     Waiting for application shutdown.
INFO:     Application shutdown complete.
INFO:     Started server process [32028]
INFO:     Waiting for application startup.
INFO:     Application startup complete.
ERROR:    [Errno 10048] error while attempting to bind on address ('0.0.0.0', 8000): only one usage of each socket address (protocol/network address/port) is normally permitted
INFO:     Waiting for application shutdown.
INFO:     Application shutdown complete.
INFO:     Started server process [67348]
INFO:     Waiting for application startup.
INFO:     Application startup complete.
ERROR:    [Errno 10048] error while attempting to bind on address ('0.0.0.0', 8000): only one usage of each socket address (protocol/network address/port) is normally permitted
INFO:     Waiting for application shutdown.
INFO:     Application shutdown complete.
INFO:     Started server process [58900]
INFO:     Waiting for application startup.
INFO:     Application startup complete.
ERROR:    [Errno 10048] error while attempting to bind on address ('0.0.0.0', 8000): only one usage of each socket address (protocol/network address/port) is normally permitted
INFO:     Waiting for application shutdown.
INFO:     Application shutdown complete.
INFO:     Started server process [54004]
INFO:     Waiting for application startup.
INFO:     Application startup complete.
ERROR:    [Errno 10048] error while attempting to bind on address ('0.0.0.0', 8000): only one usage of each socket address (protocol/network address/port) is normally permitted
INFO:     Waiting for application shutdown.
INFO:     Application shutdown complete.
INFO:     Started server process [50612]
INFO:     Waiting for application startup.
INFO:     Application startup complete.
ERROR:    [Errno 10048] error while attempting to bind on address ('0.0.0.0', 8000): only one usage of each socket address (protocol/network address/port) is normally permitted
INFO:     Waiting for application shutdown.
INFO:     Application shutdown complete.
INFO:     Started server process [46704]
INFO:     Waiting for application startup.
INFO:     Application startup complete.
ERROR:    [Errno 10048] error while attempting to bind on address ('0.0.0.0', 8000): only one usage of each socket address (protocol/network address/port) is normally permitted
INFO:     Waiting for application shutdown.
INFO:     Application shutdown complete.
INFO:     Started server process [62856]
INFO:     Waiting for application startup.
INFO:     Application startup complete.
ERROR:    [Errno 10048] error while attempting to bind on address ('0.0.0.0', 8000): only one usage of each socket address (protocol/network address/port) is normally permitted
INFO:     Waiting for application shutdown.
INFO:     Application shutdown complete.
INFO:     Started server process [58672]
INFO:     Waiting for application startup.
INFO:     Application startup complete.
ERROR:    [Errno 10048] error while attempting to bind on address ('0.0.0.0', 8000): only one usage of each socket address (protocol/network address/port) is normally permitted
INFO:     Waiting for application shutdown.
INFO:     Application shutdown complete.
INFO:     Started server process [65512]
INFO:     Waiting for application startup.
INFO:     Application startup complete.
ERROR:    [Errno 10048] error while attempting to bind on address ('0.0.0.0', 8000): only one usage of each socket address (protocol/network address/port) is normally permitted
INFO:     Waiting for application shutdown.
INFO:     Application shutdown complete.
INFO:     Started server process [65672]
INFO:     Waiting for application startup.
INFO:     Application startup complete.
ERROR:    [Errno 10048] error while attempting to bind on address ('0.0.0.0', 8000): only one usage of each socket address (protocol/network address/port) is normally permitted
INFO:     Waiting for application shutdown.
INFO:     Application shutdown complete.
INFO:     Started server process [53408]
INFO:     Waiting for application startup.
INFO:     Application startup complete.
ERROR:    [Errno 10048] error while attempting to bind on address ('0.0.0.0', 8000): only one usage of each socket address (protocol/network address/port) is normally permitted
INFO:     Waiting for application shutdown.
INFO:     Application shutdown complete.
INFO:     Started server process [66412]
INFO:     Waiting for application startup.
INFO:     Application startup complete.
ERROR:    [Errno 10048] error while attempting to bind on address ('0.0.0.0', 8000): only one usage of each socket address (protocol/network address/port) is normally permitted
INFO:     Waiting for application shutdown.
INFO:     Application shutdown complete.
INFO:     Started server process [67428]
INFO:     Waiting for application startup.
INFO:     Application startup complete.
ERROR:    [Errno 10048] error while attempting to bind on address ('0.0.0.0', 8000): only one usage of each socket address (protocol/network address/port) is normally permitted
INFO:     Waiting for application shutdown.
INFO:     Application shutdown complete.
INFO:     Started server process [51984]
INFO:     Waiting for application startup.
INFO:     Application startup complete.
ERROR:    [Errno 10048] error while attempting to bind on address ('0.0.0.0', 8000): only one usage of each socket address (protocol/network address/port) is normally permitted
INFO:     Waiting for application shutdown.
INFO:     Application shutdown complete.
INFO:     Started server process [21484]
INFO:     Waiting for application startup.
INFO:     Application startup complete.
ERROR:    [Errno 10048] error while attempting to bind on address ('0.0.0.0', 8000): only one usage of each socket address (protocol/network address/port) is normally permitted
INFO:     Waiting for application shutdown.
INFO:     Application shutdown complete.
INFO:     Started server process [56212]
INFO:     Waiting for application startup.
INFO:     Application startup complete.
ERROR:    [Errno 10048] error while attempting to bind on address ('0.0.0.0', 8000): only one usage of each socket address (protocol/network address/port) is normally permitted
INFO:     Waiting for application shutdown.
INFO:     Application shutdown complete.
INFO:     Started server process [67940]
INFO:     Waiting for application startup.
INFO:     Application startup complete.
ERROR:    [Errno 10048] error while attempting to bind on address ('0.0.0.0', 8000): only one usage of each socket address (protocol/network address/port) is normally permitted
INFO:     Waiting for application shutdown.
INFO:     Application shutdown complete.
INFO:     Started server process [66796]
INFO:     Waiting for application startup.
INFO:     Application startup complete.
ERROR:    [Errno 10048] error while attempting to bind on address ('0.0.0.0', 8000): only one usage of each socket address (protocol/network address/port) is normally permitted
INFO:     Waiting for application shutdown.
INFO:     Application shutdown complete.
INFO:     Started server process [60896]
INFO:     Waiting for application startup.
INFO:     Application startup complete.
ERROR:    [Errno 10048] error while attempting to bind on address ('0.0.0.0', 8000): only one usage of each socket address (protocol/network address/port) is normally permitted
INFO:     Waiting for application shutdown.
INFO:     Application shutdown complete.
INFO:     Started server process [52108]
INFO:     Waiting for application startup.
INFO:     Application startup complete.
ERROR:    [Errno 10048] error while attempting to bind on address ('0.0.0.0', 8000): only one usage of each socket address (protocol/network address/port) is normally permitted
INFO:     Waiting for application shutdown.
INFO:     Application shutdown complete.
INFO:     Started server process [68316]
INFO:     Waiting for application startup.
INFO:     Application startup complete.
ERROR:    [Errno 10048] error while attempting to bind on address ('0.0.0.0', 8000): only one usage of each socket address (protocol/network address/port) is normally permitted
INFO:     Waiting for application shutdown.
INFO:     Application shutdown complete.
INFO:     Started server process [2320]
INFO:     Waiting for application startup.
INFO:     Application startup complete.
ERROR:    [Errno 10048] error while attempting to bind on address ('0.0.0.0', 8000): only one usage of each socket address (protocol/network address/port) is normally permitted
INFO:     Waiting for application shutdown.
INFO:     Application shutdown complete.
INFO:     Started server process [67028]
INFO:     Waiting for application startup.
INFO:     Application startup complete.
ERROR:    [Errno 10048] error while attempting to bind on address ('0.0.0.0', 8000): only one usage of each socket address (protocol/network address/port) is normally permitted
INFO:     Waiting for application shutdown.
INFO:     Application shutdown complete.
INFO:     Started server process [64604]
INFO:     Waiting for application startup.
INFO:     Application startup complete.
ERROR:    [Errno 10048] error while attempting to bind on address ('0.0.0.0', 8000): only one usage of each socket address (protocol/network address/port) is normally permitted
INFO:     Waiting for application shutdown.
INFO:     Application shutdown complete.
INFO:     Started server process [60124]
INFO:     Waiting for application startup.
INFO:     Application startup complete.
ERROR:    [Errno 10048] error while attempting to bind on address ('0.0.0.0', 8000): only one usage of each socket address (protocol/network address/port) is normally permitted
INFO:     Waiting for application shutdown.
INFO:     Application shutdown complete.
INFO:     Started server process [65940]
INFO:     Waiting for application startup.
INFO:     Application startup complete.
ERROR:    [Errno 10048] error while attempting to bind on address ('0.0.0.0', 8000): only one usage of each socket address (protocol/network address/port) is normally permitted
INFO:     Waiting for application shutdown.
INFO:     Application shutdown complete.
INFO:     Started server process [27004]
INFO:     Waiting for application startup.
INFO:     Application startup complete.
ERROR:    [Errno 10048] error while attempting to bind on address ('0.0.0.0', 8000): only one usage of each socket address (protocol/network address/port) is normally permitted
INFO:     Waiting for application shutdown.
INFO:     Application shutdown complete.
INFO:     Started server process [42052]
INFO:     Waiting for application startup.
INFO:     Application startup complete.
ERROR:    [Errno 10048] error while attempting to bind on address ('0.0.0.0', 8000): only one usage of each socket address (protocol/network address/port) is normally permitted
INFO:     Waiting for application shutdown.
INFO:     Application shutdown complete.
INFO:     Started server process [64384]
INFO:     Waiting for application startup.
INFO:     Application startup complete.
ERROR:    [Errno 10048] error while attempting to bind on address ('0.0.0.0', 8000): only one usage of each socket address (protocol/network address/port) is normally permitted
INFO:     Waiting for application shutdown.
INFO:     Application shutdown complete.
INFO:     Started server process [27652]
INFO:     Waiting for application startup.
INFO:     Application startup complete.
ERROR:    [Errno 10048] error while attempting to bind on address ('0.0.0.0', 8000): only one usage of each socket address (protocol/network address/port) is normally permitted
INFO:     Waiting for application shutdown.
INFO:     Application shutdown complete.
INFO:     Started server process [23836]
INFO:     Waiting for application startup.
INFO:     Application startup complete.
ERROR:    [Errno 10048] error while attempting to bind on address ('0.0.0.0', 8000): only one usage of each socket address (protocol/network address/port) is normally permitted
INFO:     Waiting for application shutdown.
INFO:     Application shutdown complete.
INFO:     Started server process [56860]
INFO:     Waiting for application startup.
INFO:     Application startup complete.
ERROR:    [Errno 10048] error while attempting to bind on address ('0.0.0.0', 8000): only one usage of each socket address (protocol/network address/port) is normally permitted
INFO:     Waiting for application shutdown.
INFO:     Application shutdown complete.
INFO:     Started server process [44728]
INFO:     Waiting for application startup.
INFO:     Application startup complete.
ERROR:    [Errno 10048] error while attempting to bind on address ('0.0.0.0', 8000): only one usage of each socket address (protocol/network address/port) is normally permitted
INFO:     Waiting for application shutdown.
INFO:     Application shutdown complete.
INFO:     Started server process [67044]
INFO:     Waiting for application startup.
INFO:     Application startup complete.
ERROR:    [Errno 10048] error while attempting to bind on address ('0.0.0.0', 8000): only one usage of each socket address (protocol/network address/port) is normally permitted
INFO:     Waiting for application shutdown.
INFO:     Application shutdown complete.
INFO:     Started server process [60768]
INFO:     Waiting for application startup.
INFO:     Application startup complete.
ERROR:    [Errno 10048] error while attempting to bind on address ('0.0.0.0', 8000): only one usage of each socket address (protocol/network address/port) is normally permitted
INFO:     Waiting for application shutdown.
INFO:     Application shutdown complete.
INFO:     Started server process [54544]
INFO:     Waiting for application startup.
INFO:     Application startup complete.
ERROR:    [Errno 10048] error while attempting to bind on address ('0.0.0.0', 8000): only one usage of each socket address (protocol/network address/port) is normally permitted
INFO:     Waiting for application shutdown.
INFO:     Application shutdown complete.
INFO:     Started server process [13420]
INFO:     Waiting for application startup.
INFO:     Application startup complete.
ERROR:    [Errno 10048] error while attempting to bind on address ('0.0.0.0', 8000): only one usage of each socket address (protocol/network address/port) is normally permitted
INFO:     Waiting for application shutdown.
INFO:     Application shutdown complete.
INFO:     Started server process [46804]
INFO:     Waiting for application startup.
INFO:     Application startup complete.
ERROR:    [Errno 10048] error while attempting to bind on address ('0.0.0.0', 8000): only one usage of each socket address (protocol/network address/port) is normally permitted
INFO:     Waiting for application shutdown.
INFO:     Application shutdown complete.
INFO:     Started server process [59116]
INFO:     Waiting for application startup.
INFO:     Application startup complete.
ERROR:    [Errno 10048] error while attempting to bind on address ('0.0.0.0', 8000): only one usage of each socket address (protocol/network address/port) is normally permitted
INFO:     Waiting for application shutdown.
INFO:     Application shutdown complete.
INFO:     Started server process [46704]
INFO:     Waiting for application startup.
INFO:     Application startup complete.
ERROR:    [Errno 10048] error while attempting to bind on address ('0.0.0.0', 8000): only one usage of each socket address (protocol/network address/port) is normally permitted
INFO:     Waiting for application shutdown.
INFO:     Application shutdown complete.
INFO:     Started server process [31632]
INFO:     Waiting for application startup.
INFO:     Application startup complete.
ERROR:    [Errno 10048] error while attempting to bind on address ('0.0.0.0', 8000): only one usage of each socket address (protocol/network address/port) is normally permitted
INFO:     Waiting for application shutdown.
INFO:     Application shutdown complete.
INFO:     Started server process [51444]
INFO:     Waiting for application startup.
INFO:     Application startup complete.
ERROR:    [Errno 10048] error while attempting to bind on address ('0.0.0.0', 8000): only one usage of each socket address (protocol/network address/port) is normally permitted
INFO:     Waiting for application shutdown.
INFO:     Application shutdown complete.
INFO:     Started server process [34384]
INFO:     Waiting for application startup.
INFO:     Application startup complete.
ERROR:    [Errno 10048] error while attempting to bind on address ('0.0.0.0', 8000): only one usage of each socket address (protocol/network address/port) is normally permitted
INFO:     Waiting for application shutdown.
INFO:     Application shutdown complete.
INFO:     Started server process [7328]
INFO:     Waiting for application startup.
INFO:     Application startup complete.
ERROR:    [Errno 10048] error while attempting to bind on address ('0.0.0.0', 8000): only one usage of each socket address (protocol/network address/port) is normally permitted
INFO:     Waiting for application shutdown.
INFO:     Application shutdown complete.
INFO:     Started server process [6852]
INFO:     Waiting for application startup.
INFO:     Application startup complete.
ERROR:    [Errno 10048] error while attempting to bind on address ('0.0.0.0', 8000): only one usage of each socket address (protocol/network address/port) is normally permitted
INFO:     Waiting for application shutdown.
INFO:     Application shutdown complete.
INFO:     Started server process [67908]
INFO:     Waiting for application startup.
INFO:     Application startup complete.
ERROR:    [Errno 10048] error while attempting to bind on address ('0.0.0.0', 8000): only one usage of each socket address (protocol/network address/port) is normally permitted
INFO:     Waiting for application shutdown.
INFO:     Application shutdown complete.
INFO:     Started server process [66756]
INFO:     Waiting for application startup.
INFO:     Application startup complete.
ERROR:    [Errno 10048] error while attempting to bind on address ('0.0.0.0', 8000): only one usage of each socket address (protocol/network address/port) is normally permitted
INFO:     Waiting for application shutdown.
INFO:     Application shutdown complete.
INFO:     Started server process [66736]
INFO:     Waiting for application startup.
INFO:     Application startup complete.
ERROR:    [Errno 10048] error while attempting to bind on address ('0.0.0.0', 8000): only one usage of each socket address (protocol/network address/port) is normally permitted
INFO:     Waiting for application shutdown.
INFO:     Application shutdown complete.
INFO:     Started server process [66684]
INFO:     Waiting for application startup.
INFO:     Application startup complete.
ERROR:    [Errno 10048] error while attempting to bind on address ('0.0.0.0', 8000): only one usage of each socket address (protocol/network address/port) is normally permitted
INFO:     Waiting for application shutdown.
INFO:     Application shutdown complete.
INFO:     Started server process [70628]
INFO:     Waiting for application startup.
INFO:     Application startup complete.
ERROR:    [Errno 10048] error while attempting to bind on address ('0.0.0.0', 8000): only one usage of each socket address (protocol/network address/port) is normally permitted
INFO:     Waiting for application shutdown.
INFO:     Application shutdown complete.
INFO:     Started server process [2272]
INFO:     Waiting for application startup.
INFO:     Application startup complete.
ERROR:    [Errno 10048] error while attempting to bind on address ('0.0.0.0', 8000): only one usage of each socket address (protocol/network address/port) is normally permitted
INFO:     Waiting for application shutdown.
INFO:     Application shutdown complete.
INFO:     Started server process [51436]
INFO:     Waiting for application startup.
INFO:     Application startup complete.
ERROR:    [Errno 10048] error while attempting to bind on address ('0.0.0.0', 8000): only one usage of each socket address (protocol/network address/port) is normally permitted
INFO:     Waiting for application shutdown.
INFO:     Application shutdown complete.
INFO:     Started server process [63108]
INFO:     Waiting for application startup.
INFO:     Application startup complete.
ERROR:    [Errno 10048] error while attempting to bind on address ('0.0.0.0', 8000): only one usage of each socket address (protocol/network address/port) is normally permitted
INFO:     Waiting for application shutdown.
INFO:     Application shutdown complete.
INFO:     Started server process [28284]
INFO:     Waiting for application startup.
INFO:     Application startup complete.
ERROR:    [Errno 10048] error while attempting to bind on address ('0.0.0.0', 8000): only one usage of each socket address (protocol/network address/port) is normally permitted
INFO:     Waiting for application shutdown.
INFO:     Application shutdown complete.
INFO:     Started server process [69648]
INFO:     Waiting for application startup.
INFO:     Application startup complete.
ERROR:    [Errno 10048] error while attempting to bind on address ('0.0.0.0', 8000): only one usage of each socket address (protocol/network address/port) is normally permitted
INFO:     Waiting for application shutdown.
INFO:     Application shutdown complete.
INFO:     Started server process [70028]
INFO:     Waiting for application startup.
INFO:     Application startup complete.
ERROR:    [Errno 10048] error while attempting to bind on address ('0.0.0.0', 8000): only one usage of each socket address (protocol/network address/port) is normally permitted
INFO:     Waiting for application shutdown.
INFO:     Application shutdown complete.
INFO:     Started server process [67716]
INFO:     Waiting for application startup.
INFO:     Application startup complete.
ERROR:    [Errno 10048] error while attempting to bind on address ('0.0.0.0', 8000): only one usage of each socket address (protocol/network address/port) is normally permitted
INFO:     Waiting for application shutdown.
INFO:     Application shutdown complete.
INFO:     Started server process [11248]
INFO:     Waiting for application startup.
INFO:     Application startup complete.
ERROR:    [Errno 10048] error while attempting to bind on address ('0.0.0.0', 8000): only one usage of each socket address (protocol/network address/port) is normally permitted
INFO:     Waiting for application shutdown.
INFO:     Application shutdown complete.
INFO:     Started server process [61972]
INFO:     Waiting for application startup.
INFO:     Application startup complete.
ERROR:    [Errno 10048] error while attempting to bind on address ('0.0.0.0', 8000): only one usage of each socket address (protocol/network address/port) is normally permitted
INFO:     Waiting for application shutdown.
INFO:     Application shutdown complete.
INFO:     Started server process [70056]
INFO:     Waiting for application startup.
INFO:     Application startup complete.
ERROR:    [Errno 10048] error while attempting to bind on address ('0.0.0.0', 8000): only one usage of each socket address (protocol/network address/port) is normally permitted
INFO:     Waiting for application shutdown.
INFO:     Application shutdown complete.
INFO:     Started server process [71548]
INFO:     Waiting for application startup.
INFO:     Application startup complete.
ERROR:    [Errno 10048] error while attempting to bind on address ('0.0.0.0', 8000): only one usage of each socket address (protocol/network address/port) is normally permitted
INFO:     Waiting for application shutdown.
INFO:     Application shutdown complete.
INFO:     Started server process [70560]
INFO:     Waiting for application startup.
INFO:     Application startup complete.
ERROR:    [Errno 10048] error while attempting to bind on address ('0.0.0.0', 8000): only one usage of each socket address (protocol/network address/port) is normally permitted
INFO:     Waiting for application shutdown.
INFO:     Application shutdown complete.
INFO:     Started server process [57048]
INFO:     Waiting for application startup.
INFO:     Application startup complete.
ERROR:    [Errno 10048] error while attempting to bind on address ('0.0.0.0', 8000): only one usage of each socket address (protocol/network address/port) is normally permitted
INFO:     Waiting for application shutdown.
INFO:     Application shutdown complete.
INFO:     Started server process [68368]
INFO:     Waiting for application startup.
INFO:     Application startup complete.
ERROR:    [Errno 10048] error while attempting to bind on address ('0.0.0.0', 8000): only one usage of each socket address (protocol/network address/port) is normally permitted
INFO:     Waiting for application shutdown.
INFO:     Application shutdown complete.
INFO:     Started server process [50172]
INFO:     Waiting for application startup.
INFO:     Application startup complete.
ERROR:    [Errno 10048] error while attempting to bind on address ('0.0.0.0', 8000): only one usage of each socket address (protocol/network address/port) is normally permitted
INFO:     Waiting for application shutdown.
INFO:     Application shutdown complete.
INFO:     Started server process [24144]
INFO:     Waiting for application startup.
INFO:     Application startup complete.
ERROR:    [Errno 10048] error while attempting to bind on address ('0.0.0.0', 8000): only one usage of each socket address (protocol/network address/port) is normally permitted
INFO:     Waiting for application shutdown.
INFO:     Application shutdown complete.
INFO:     Started server process [53568]
INFO:     Waiting for application startup.
INFO:     Application startup complete.
ERROR:    [Errno 10048] error while attempting to bind on address ('0.0.0.0', 8000): only one usage of each socket address (protocol/network address/port) is normally permitted
INFO:     Waiting for application shutdown.
INFO:     Application shutdown complete.
INFO:     Started server process [70832]
INFO:     Waiting for application startup.
INFO:     Application startup complete.
ERROR:    [Errno 10048] error while attempting to bind on address ('0.0.0.0', 8000): only one usage of each socket address (protocol/network address/port) is normally permitted
INFO:     Waiting for application shutdown.
INFO:     Application shutdown complete.
INFO:     Started server process [64492]
INFO:     Waiting for application startup.
INFO:     Application startup complete.
ERROR:    [Errno 10048] error while attempting to bind on address ('0.0.0.0', 8000): only one usage of each socket address (protocol/network address/port) is normally permitted
INFO:     Waiting for application shutdown.
INFO:     Application shutdown complete.
INFO:     Started server process [58976]
INFO:     Waiting for application startup.
INFO:     Application startup complete.
ERROR:    [Errno 10048] error while attempting to bind on address ('0.0.0.0', 8000): only one usage of each socket address (protocol/network address/port) is normally permitted
INFO:     Waiting for application shutdown.
INFO:     Application shutdown complete.
INFO:     Started server process [63868]
INFO:     Waiting for application startup.
INFO:     Application startup complete.
ERROR:    [Errno 10048] error while attempting to bind on address ('0.0.0.0', 8000): only one usage of each socket address (protocol/network address/port) is normally permitted
INFO:     Waiting for application shutdown.
INFO:     Application shutdown complete.
INFO:     Started server process [69884]
INFO:     Waiting for application startup.
INFO:     Application startup complete.
ERROR:    [Errno 10048] error while attempting to bind on address ('0.0.0.0', 8000): only one usage of each socket address (protocol/network address/port) is normally permitted
INFO:     Waiting for application shutdown.
INFO:     Application shutdown complete.
INFO:     Started server process [70188]
INFO:     Waiting for application startup.
INFO:     Application startup complete.
ERROR:    [Errno 10048] error while attempting to bind on address ('0.0.0.0', 8000): only one usage of each socket address (protocol/network address/port) is normally permitted
INFO:     Waiting for application shutdown.
INFO:     Application shutdown complete.
INFO:     Started server process [69816]
INFO:     Waiting for application startup.
INFO:     Application startup complete.
ERROR:    [Errno 10048] error while attempting to bind on address ('0.0.0.0', 8000): only one usage of each socket address (protocol/network address/port) is normally permitted
INFO:     Waiting for application shutdown.
INFO:     Application shutdown complete.
INFO:     Started server process [64872]
INFO:     Waiting for application startup.
INFO:     Application startup complete.
ERROR:    [Errno 10048] error while attempting to bind on address ('0.0.0.0', 8000): only one usage of each socket address (protocol/network address/port) is normally permitted
INFO:     Waiting for application shutdown.
INFO:     Application shutdown complete.
INFO:     Started server process [20360]
INFO:     Waiting for application startup.
INFO:     Application startup complete.
ERROR:    [Errno 10048] error while attempting to bind on address ('0.0.0.0', 8000): only one usage of each socket address (protocol/network address/port) is normally permitted
INFO:     Waiting for application shutdown.
INFO:     Application shutdown complete.
INFO:     Started server process [1636]
INFO:     Waiting for application startup.
INFO:     Application startup complete.
ERROR:    [Errno 10048] error while attempting to bind on address ('0.0.0.0', 8000): only one usage of each socket address (protocol/network address/port) is normally permitted
INFO:     Waiting for application shutdown.
INFO:     Application shutdown complete.
INFO:     Started server process [64944]
INFO:     Waiting for application startup.
INFO:     Application startup complete.
ERROR:    [Errno 10048] error while attempting to bind on address ('0.0.0.0', 8000): only one usage of each socket address (protocol/network address/port) is normally permitted
INFO:     Waiting for application shutdown.
INFO:     Application shutdown complete.
INFO:     Started server process [58260]
INFO:     Waiting for application startup.
INFO:     Application startup complete.
ERROR:    [Errno 10048] error while attempting to bind on address ('0.0.0.0', 8000): only one usage of each socket address (protocol/network address/port) is normally permitted
INFO:     Waiting for application shutdown.
INFO:     Application shutdown complete.
INFO:     Started server process [51168]
INFO:     Waiting for application startup.
INFO:     Application startup complete.
ERROR:    [Errno 10048] error while attempting to bind on address ('0.0.0.0', 8000): only one usage of each socket address (protocol/network address/port) is normally permitted
INFO:     Waiting for application shutdown.
INFO:     Application shutdown complete.
INFO:     Started server process [69584]
INFO:     Waiting for application startup.
INFO:     Application startup complete.
ERROR:    [Errno 10048] error while attempting to bind on address ('0.0.0.0', 8000): only one usage of each socket address (protocol/network address/port) is normally permitted
INFO:     Waiting for application shutdown.
INFO:     Application shutdown complete.
INFO:     Started server process [70320]
INFO:     Waiting for application startup.
INFO:     Application startup complete.
ERROR:    [Errno 10048] error while attempting to bind on address ('0.0.0.0', 8000): only one usage of each socket address (protocol/network address/port) is normally permitted
INFO:     Waiting for application shutdown.
INFO:     Application shutdown complete.
INFO:     Started server process [18756]
INFO:     Waiting for application startup.
INFO:     Application startup complete.
ERROR:    [Errno 10048] error while attempting to bind on address ('0.0.0.0', 8000): only one usage of each socket address (protocol/network address/port) is normally permitted
INFO:     Waiting for application shutdown.
INFO:     Application shutdown complete.
INFO:     Started server process [25392]
INFO:     Waiting for application startup.
INFO:     Application startup complete.
ERROR:    [Errno 10048] error while attempting to bind on address ('0.0.0.0', 8000): only one usage of each socket address (protocol/network address/port) is normally permitted
INFO:     Waiting for application shutdown.
INFO:     Application shutdown complete.
INFO:     Started server process [63368]
INFO:     Waiting for application startup.
INFO:     Application startup complete.
ERROR:    [Errno 10048] error while attempting to bind on address ('0.0.0.0', 8000): only one usage of each socket address (protocol/network address/port) is normally permitted
INFO:     Waiting for application shutdown.
INFO:     Application shutdown complete.
INFO:     Started server process [67316]
INFO:     Waiting for application startup.
INFO:     Application startup complete.
ERROR:    [Errno 10048] error while attempting to bind on address ('0.0.0.0', 8000): only one usage of each socket address (protocol/network address/port) is normally permitted
INFO:     Waiting for application shutdown.
INFO:     Application shutdown complete.
INFO:     Started server process [71592]
INFO:     Waiting for application startup.
INFO:     Application startup complete.
ERROR:    [Errno 10048] error while attempting to bind on address ('0.0.0.0', 8000): only one usage of each socket address (protocol/network address/port) is normally permitted
INFO:     Waiting for application shutdown.
INFO:     Application shutdown complete.
INFO:     Started server process [64784]
INFO:     Waiting for application startup.
INFO:     Application startup complete.
ERROR:    [Errno 10048] error while attempting to bind on address ('0.0.0.0', 8000): only one usage of each socket address (protocol/network address/port) is normally permitted
INFO:     Waiting for application shutdown.
INFO:     Application shutdown complete.
INFO:     Started server process [65560]
INFO:     Waiting for application startup.
INFO:     Application startup complete.
ERROR:    [Errno 10048] error while attempting to bind on address ('0.0.0.0', 8000): only one usage of each socket address (protocol/network address/port) is normally permitted
INFO:     Waiting for application shutdown.
INFO:     Application shutdown complete.
INFO:     Started server process [68636]
INFO:     Waiting for application startup.
INFO:     Application startup complete.
ERROR:    [Errno 10048] error while attempting to bind on address ('0.0.0.0', 8000): only one usage of each socket address (protocol/network address/port) is normally permitted
INFO:     Waiting for application shutdown.
INFO:     Application shutdown complete.
INFO:     Started server process [63108]
INFO:     Waiting for application startup.
INFO:     Application startup complete.
ERROR:    [Errno 10048] error while attempting to bind on address ('0.0.0.0', 8000): only one usage of each socket address (protocol/network address/port) is normally permitted
INFO:     Waiting for application shutdown.
INFO:     Application shutdown complete.
INFO:     Started server process [70224]
INFO:     Waiting for application startup.
INFO:     Application startup complete.
ERROR:    [Errno 10048] error while attempting to bind on address ('0.0.0.0', 8000): only one usage of each socket address (protocol/network address/port) is normally permitted
INFO:     Waiting for application shutdown.
INFO:     Application shutdown complete.
INFO:     Started server process [70280]
INFO:     Waiting for application startup.
INFO:     Application startup complete.
ERROR:    [Errno 10048] error while attempting to bind on address ('0.0.0.0', 8000): only one usage of each socket address (protocol/network address/port) is normally permitted
INFO:     Waiting for application shutdown.
INFO:     Application shutdown complete.
INFO:     Started server process [67288]
INFO:     Waiting for application startup.
INFO:     Application startup complete.
ERROR:    [Errno 10048] error while attempting to bind on address ('0.0.0.0', 8000): only one usage of each socket address (protocol/network address/port) is normally permitted
INFO:     Waiting for application shutdown.
INFO:     Application shutdown complete.
INFO:     Started server process [32968]
INFO:     Waiting for application startup.
INFO:     Application startup complete.
ERROR:    [Errno 10048] error while attempting to bind on address ('0.0.0.0', 8000): only one usage of each socket address (protocol/network address/port) is normally permitted
INFO:     Waiting for application shutdown.
INFO:     Application shutdown complete.
INFO:     Started server process [70040]
INFO:     Waiting for application startup.
INFO:     Application startup complete.
ERROR:    [Errno 10048] error while attempting to bind on address ('0.0.0.0', 8000): only one usage of each socket address (protocol/network address/port) is normally permitted
INFO:     Waiting for application shutdown.
INFO:     Application shutdown complete.
INFO:     Started server process [68308]
INFO:     Waiting for application startup.
INFO:     Application startup complete.
ERROR:    [Errno 10048] error while attempting to bind on address ('0.0.0.0', 8000): only one usage of each socket address (protocol/network address/port) is normally permitted
INFO:     Waiting for application shutdown.
INFO:     Application shutdown complete.
INFO:     Started server process [67240]
INFO:     Waiting for application startup.
INFO:     Application startup complete.
ERROR:    [Errno 10048] error while attempting to bind on address ('0.0.0.0', 8000): only one usage of each socket address (protocol/network address/port) is normally permitted
INFO:     Waiting for application shutdown.
INFO:     Application shutdown complete.
INFO:     Started server process [69840]
INFO:     Waiting for application startup.
INFO:     Application startup complete.
ERROR:    [Errno 10048] error while attempting to bind on address ('0.0.0.0', 8000): only one usage of each socket address (protocol/network address/port) is normally permitted
INFO:     Waiting for application shutdown.
INFO:     Application shutdown complete.
INFO:     Started server process [65764]
INFO:     Waiting for application startup.
INFO:     Application startup complete.
ERROR:    [Errno 10048] error while attempting to bind on address ('0.0.0.0', 8000): only one usage of each socket address (protocol/network address/port) is normally permitted
INFO:     Waiting for application shutdown.
INFO:     Application shutdown complete.
INFO:     Started server process [66684]
INFO:     Waiting for application startup.
INFO:     Application startup complete.
ERROR:    [Errno 10048] error while attempting to bind on address ('0.0.0.0', 8000): only one usage of each socket address (protocol/network address/port) is normally permitted
INFO:     Waiting for application shutdown.
INFO:     Application shutdown complete.
INFO:     Started server process [70424]
INFO:     Waiting for application startup.
INFO:     Application startup complete.
ERROR:    [Errno 10048] error while attempting to bind on address ('0.0.0.0', 8000): only one usage of each socket address (protocol/network address/port) is normally permitted
INFO:     Waiting for application shutdown.
INFO:     Application shutdown complete.
INFO:     Started server process [59304]
INFO:     Waiting for application startup.
INFO:     Application startup complete.
ERROR:    [Errno 10048] error while attempting to bind on address ('0.0.0.0', 8000): only one usage of each socket address (protocol/network address/port) is normally permitted
INFO:     Waiting for application shutdown.
INFO:     Application shutdown complete.
INFO:     Started server process [71652]
INFO:     Waiting for application startup.
INFO:     Application startup complete.
ERROR:    [Errno 10048] error while attempting to bind on address ('0.0.0.0', 8000): only one usage of each socket address (protocol/network address/port) is normally permitted
INFO:     Waiting for application shutdown.
INFO:     Application shutdown complete.
INFO:     Started server process [65960]
INFO:     Waiting for application startup.
INFO:     Application startup complete.
ERROR:    [Errno 10048] error while attempting to bind on address ('0.0.0.0', 8000): only one usage of each socket address (protocol/network address/port) is normally permitted
INFO:     Waiting for application shutdown.
INFO:     Application shutdown complete.
INFO:     Started server process [57468]
INFO:     Waiting for application startup.
INFO:     Application startup complete.
ERROR:    [Errno 10048] error while attempting to bind on address ('0.0.0.0', 8000): only one usage of each socket address (protocol/network address/port) is normally permitted
INFO:     Waiting for application shutdown.
INFO:     Application shutdown complete.
INFO:     Started server process [32944]
INFO:     Waiting for application startup.
INFO:     Application startup complete.
ERROR:    [Errno 10048] error while attempting to bind on address ('0.0.0.0', 8000): only one usage of each socket address (protocol/network address/port) is normally permitted
INFO:     Waiting for application shutdown.
INFO:     Application shutdown complete.
INFO:     Started server process [33884]
INFO:     Waiting for application startup.
INFO:     Application startup complete.
ERROR:    [Errno 10048] error while attempting to bind on address ('0.0.0.0', 8000): only one usage of each socket address (protocol/network address/port) is normally permitted
INFO:     Waiting for application shutdown.
INFO:     Application shutdown complete.
INFO:     Started server process [71572]
INFO:     Waiting for application startup.
INFO:     Application startup complete.
ERROR:    [Errno 10048] error while attempting to bind on address ('0.0.0.0', 8000): only one usage of each socket address (protocol/network address/port) is normally permitted
INFO:     Waiting for application shutdown.
INFO:     Application shutdown complete.
INFO:     Started server process [32096]
INFO:     Waiting for application startup.
INFO:     Application startup complete.
ERROR:    [Errno 10048] error while attempting to bind on address ('0.0.0.0', 8000): only one usage of each socket address (protocol/network address/port) is normally permitted
INFO:     Waiting for application shutdown.
INFO:     Application shutdown complete.
INFO:     Started server process [56364]
INFO:     Waiting for application startup.
INFO:     Application startup complete.
ERROR:    [Errno 10048] error while attempting to bind on address ('0.0.0.0', 8000): only one usage of each socket address (protocol/network address/port) is normally permitted
INFO:     Waiting for application shutdown.
INFO:     Application shutdown complete.
INFO:     Started server process [27652]
INFO:     Waiting for application startup.
INFO:     Application startup complete.
ERROR:    [Errno 10048] error while attempting to bind on address ('0.0.0.0', 8000): only one usage of each socket address (protocol/network address/port) is normally permitted
INFO:     Waiting for application shutdown.
INFO:     Application shutdown complete.
INFO:     Started server process [69344]
INFO:     Waiting for application startup.
INFO:     Application startup complete.
ERROR:    [Errno 10048] error while attempting to bind on address ('0.0.0.0', 8000): only one usage of each socket address (protocol/network address/port) is normally permitted
INFO:     Waiting for application shutdown.
INFO:     Application shutdown complete.
INFO:     Started server process [16980]
INFO:     Waiting for application startup.
INFO:     Application startup complete.
ERROR:    [Errno 10048] error while attempting to bind on address ('0.0.0.0', 8000): only one usage of each socket address (protocol/network address/port) is normally permitted
INFO:     Waiting for application shutdown.
INFO:     Application shutdown complete.
INFO:     Started server process [54244]
INFO:     Waiting for application startup.
INFO:     Application startup complete.
ERROR:    [Errno 10048] error while attempting to bind on address ('0.0.0.0', 8000): only one usage of each socket address (protocol/network address/port) is normally permitted
INFO:     Waiting for application shutdown.
INFO:     Application shutdown complete.
INFO:     Started server process [64408]
INFO:     Waiting for application startup.
INFO:     Application startup complete.
ERROR:    [Errno 10048] error while attempting to bind on address ('0.0.0.0', 8000): only one usage of each socket address (protocol/network address/port) is normally permitted
INFO:     Waiting for application shutdown.
INFO:     Application shutdown complete.
INFO:     Started server process [28928]
INFO:     Waiting for application startup.
INFO:     Application startup complete.
ERROR:    [Errno 10048] error while attempting to bind on address ('0.0.0.0', 8000): only one usage of each socket address (protocol/network address/port) is normally permitted
INFO:     Waiting for application shutdown.
INFO:     Application shutdown complete.
INFO:     Started server process [71616]
INFO:     Waiting for application startup.
INFO:     Application startup complete.
ERROR:    [Errno 10048] error while attempting to bind on address ('0.0.0.0', 8000): only one usage of each socket address (protocol/network address/port) is normally permitted
INFO:     Waiting for application shutdown.
INFO:     Application shutdown complete.
INFO:     Started server process [33072]
INFO:     Waiting for application startup.
INFO:     Application startup complete.
ERROR:    [Errno 10048] error while attempting to bind on address ('0.0.0.0', 8000): only one usage of each socket address (protocol/network address/port) is normally permitted
INFO:     Waiting for application shutdown.
INFO:     Application shutdown complete.
INFO:     Started server process [67116]
INFO:     Waiting for application startup.
INFO:     Application startup complete.
ERROR:    [Errno 10048] error while attempting to bind on address ('0.0.0.0', 8000): only one usage of each socket address (protocol/network address/port) is normally permitted
INFO:     Waiting for application shutdown.
INFO:     Application shutdown complete.
INFO:     Started server process [71180]
INFO:     Waiting for application startup.
INFO:     Application startup complete.
ERROR:    [Errno 10048] error while attempting to bind on address ('0.0.0.0', 8000): only one usage of each socket address (protocol/network address/port) is normally permitted
INFO:     Waiting for application shutdown.
INFO:     Application shutdown complete.
INFO:     Started server process [33128]
INFO:     Waiting for application startup.
INFO:     Application startup complete.
ERROR:    [Errno 10048] error while attempting to bind on address ('0.0.0.0', 8000): only one usage of each socket address (protocol/network address/port) is normally permitted
INFO:     Waiting for application shutdown.
INFO:     Application shutdown complete.
INFO:     Started server process [66904]
INFO:     Waiting for application startup.
INFO:     Application startup complete.
ERROR:    [Errno 10048] error while attempting to bind on address ('0.0.0.0', 8000): only one usage of each socket address (protocol/network address/port) is normally permitted
INFO:     Waiting for application shutdown.
INFO:     Application shutdown complete.
INFO:     Started server process [63328]
INFO:     Waiting for application startup.
INFO:     Application startup complete.
ERROR:    [Errno 10048] error while attempting to bind on address ('0.0.0.0', 8000): only one usage of each socket address (protocol/network address/port) is normally permitted
INFO:     Waiting for application shutdown.
INFO:     Application shutdown complete.
INFO:     Started server process [31684]
INFO:     Waiting for application startup.
INFO:     Application startup complete.
ERROR:    [Errno 10048] error while attempting to bind on address ('0.0.0.0', 8000): only one usage of each socket address (protocol/network address/port) is normally permitted
INFO:     Waiting for application shutdown.
INFO:     Application shutdown complete.
INFO:     Started server process [51068]
INFO:     Waiting for application startup.
INFO:     Application startup complete.
ERROR:    [Errno 10048] error while attempting to bind on address ('0.0.0.0', 8000): only one usage of each socket address (protocol/network address/port) is normally permitted
INFO:     Waiting for application shutdown.
INFO:     Application shutdown complete.
INFO:     Started server process [70028]
INFO:     Waiting for application startup.
INFO:     Application startup complete.
ERROR:    [Errno 10048] error while attempting to bind on address ('0.0.0.0', 8000): only one usage of each socket address (protocol/network address/port) is normally permitted
INFO:     Waiting for application shutdown.
INFO:     Application shutdown complete.
INFO:     Started server process [52320]
INFO:     Waiting for application startup.
INFO:     Application startup complete.
ERROR:    [Errno 10048] error while attempting to bind on address ('0.0.0.0', 8000): only one usage of each socket address (protocol/network address/port) is normally permitted
INFO:     Waiting for application shutdown.
INFO:     Application shutdown complete.
INFO:     Started server process [54244]
INFO:     Waiting for application startup.
INFO:     Application startup complete.
ERROR:    [Errno 10048] error while attempting to bind on address ('0.0.0.0', 8000): only one usage of each socket address (protocol/network address/port) is normally permitted
INFO:     Waiting for application shutdown.
INFO:     Application shutdown complete.
INFO:     Started server process [70588]
INFO:     Waiting for application startup.
INFO:     Application startup complete.
ERROR:    [Errno 10048] error while attempting to bind on address ('0.0.0.0', 8000): only one usage of each socket address (protocol/network address/port) is normally permitted
INFO:     Waiting for application shutdown.
INFO:     Application shutdown complete.
INFO:     Started server process [56420]
INFO:     Waiting for application startup.
INFO:     Application startup complete.
ERROR:    [Errno 10048] error while attempting to bind on address ('0.0.0.0', 8000): only one usage of each socket address (protocol/network address/port) is normally permitted
INFO:     Waiting for application shutdown.
INFO:     Application shutdown complete.
INFO:     Started server process [57160]
INFO:     Waiting for application startup.
INFO:     Application startup complete.
ERROR:    [Errno 10048] error while attempting to bind on address ('0.0.0.0', 8000): only one usage of each socket address (protocol/network address/port) is normally permitted
INFO:     Waiting for application shutdown.
INFO:     Application shutdown complete.
INFO:     Started server process [71420]
INFO:     Waiting for application startup.
INFO:     Application startup complete.
ERROR:    [Errno 10048] error while attempting to bind on address ('0.0.0.0', 8000): only one usage of each socket address (protocol/network address/port) is normally permitted
INFO:     Waiting for application shutdown.
INFO:     Application shutdown complete.
INFO:     Started server process [69616]
INFO:     Waiting for application startup.
INFO:     Application startup complete.
ERROR:    [Errno 10048] error while attempting to bind on address ('0.0.0.0', 8000): only one usage of each socket address (protocol/network address/port) is normally permitted
INFO:     Waiting for application shutdown.
INFO:     Application shutdown complete.
INFO:     Started server process [52408]
INFO:     Waiting for application startup.
INFO:     Application startup complete.
ERROR:    [Errno 10048] error while attempting to bind on address ('0.0.0.0', 8000): only one usage of each socket address (protocol/network address/port) is normally permitted
INFO:     Waiting for application shutdown.
INFO:     Application shutdown complete.
INFO:     Started server process [71064]
INFO:     Waiting for application startup.
INFO:     Application startup complete.
ERROR:    [Errno 10048] error while attempting to bind on address ('0.0.0.0', 8000): only one usage of each socket address (protocol/network address/port) is normally permitted
INFO:     Waiting for application shutdown.
INFO:     Application shutdown complete.
INFO:     Started server process [37420]
INFO:     Waiting for application startup.
INFO:     Application startup complete.
ERROR:    [Errno 10048] error while attempting to bind on address ('0.0.0.0', 8000): only one usage of each socket address (protocol/network address/port) is normally permitted
INFO:     Waiting for application shutdown.
INFO:     Application shutdown complete.
INFO:     Started server process [67408]
INFO:     Waiting for application startup.
INFO:     Application startup complete.
ERROR:    [Errno 10048] error while attempting to bind on address ('0.0.0.0', 8000): only one usage of each socket address (protocol/network address/port) is normally permitted
INFO:     Waiting for application shutdown.
INFO:     Application shutdown complete.
INFO:     Started server process [43748]
INFO:     Waiting for application startup.
INFO:     Application startup complete.
ERROR:    [Errno 10048] error while attempting to bind on address ('0.0.0.0', 8000): only one usage of each socket address (protocol/network address/port) is normally permitted
INFO:     Waiting for application shutdown.
INFO:     Application shutdown complete.
INFO:     Started server process [41104]
INFO:     Waiting for application startup.
INFO:     Application startup complete.
ERROR:    [Errno 10048] error while attempting to bind on address ('0.0.0.0', 8000): only one usage of each socket address (protocol/network address/port) is normally permitted
INFO:     Waiting for application shutdown.
INFO:     Application shutdown complete.
INFO:     Started server process [61944]
INFO:     Waiting for application startup.
INFO:     Application startup complete.
ERROR:    [Errno 10048] error while attempting to bind on address ('0.0.0.0', 8000): only one usage of each socket address (protocol/network address/port) is normally permitted
INFO:     Waiting for application shutdown.
INFO:     Application shutdown complete.
INFO:     Started server process [45228]
INFO:     Waiting for application startup.
INFO:     Application startup complete.
ERROR:    [Errno 10048] error while attempting to bind on address ('0.0.0.0', 8000): only one usage of each socket address (protocol/network address/port) is normally permitted
INFO:     Waiting for application shutdown.
INFO:     Application shutdown complete.
INFO:     Started server process [70240]
INFO:     Waiting for application startup.
INFO:     Application startup complete.
ERROR:    [Errno 10048] error while attempting to bind on address ('0.0.0.0', 8000): only one usage of each socket address (protocol/network address/port) is normally permitted
INFO:     Waiting for application shutdown.
INFO:     Application shutdown complete.
INFO:     Started server process [47068]
INFO:     Waiting for application startup.
INFO:     Application startup complete.
ERROR:    [Errno 10048] error while attempting to bind on address ('0.0.0.0', 8000): only one usage of each socket address (protocol/network address/port) is normally permitted
INFO:     Waiting for application shutdown.
INFO:     Application shutdown complete.
INFO:     Started server process [44344]
INFO:     Waiting for application startup.
INFO:     Application startup complete.
ERROR:    [Errno 10048] error while attempting to bind on address ('0.0.0.0', 8000): only one usage of each socket address (protocol/network address/port) is normally permitted
INFO:     Waiting for application shutdown.
INFO:     Application shutdown complete.
INFO:     Started server process [22784]
INFO:     Waiting for application startup.
INFO:     Application startup complete.
ERROR:    [Errno 10048] error while attempting to bind on address ('0.0.0.0', 8000): only one usage of each socket address (protocol/network address/port) is normally permitted
INFO:     Waiting for application shutdown.
INFO:     Application shutdown complete.
INFO:     Started server process [64612]
INFO:     Waiting for application startup.
INFO:     Application startup complete.
ERROR:    [Errno 10048] error while attempting to bind on address ('0.0.0.0', 8000): only one usage of each socket address (protocol/network address/port) is normally permitted
INFO:     Waiting for application shutdown.
INFO:     Application shutdown complete.
INFO:     Started server process [70828]
INFO:     Waiting for application startup.
INFO:     Application startup complete.
ERROR:    [Errno 10048] error while attempting to bind on address ('0.0.0.0', 8000): only one usage of each socket address (protocol/network address/port) is normally permitted
INFO:     Waiting for application shutdown.
INFO:     Application shutdown complete.
INFO:     Started server process [39552]
INFO:     Waiting for application startup.
INFO:     Application startup complete.
ERROR:    [Errno 10048] error while attempting to bind on address ('0.0.0.0', 8000): only one usage of each socket address (protocol/network address/port) is normally permitted
INFO:     Waiting for application shutdown.
INFO:     Application shutdown complete.
INFO:     Started server process [24872]
INFO:     Waiting for application startup.
INFO:     Application startup complete.
ERROR:    [Errno 10048] error while attempting to bind on address ('0.0.0.0', 8000): only one usage of each socket address (protocol/network address/port) is normally permitted
INFO:     Waiting for application shutdown.
INFO:     Application shutdown complete.
INFO:     Started server process [67112]
INFO:     Waiting for application startup.
INFO:     Application startup complete.
ERROR:    [Errno 10048] error while attempting to bind on address ('0.0.0.0', 8000): only one usage of each socket address (protocol/network address/port) is normally permitted
INFO:     Waiting for application shutdown.
INFO:     Application shutdown complete.
INFO:     Started server process [11248]
INFO:     Waiting for application startup.
INFO:     Application startup complete.
ERROR:    [Errno 10048] error while attempting to bind on address ('0.0.0.0', 8000): only one usage of each socket address (protocol/network address/port) is normally permitted
INFO:     Waiting for application shutdown.
INFO:     Application shutdown complete.
INFO:     Started server process [51444]
INFO:     Waiting for application startup.
INFO:     Application startup complete.
ERROR:    [Errno 10048] error while attempting to bind on address ('0.0.0.0', 8000): only one usage of each socket address (protocol/network address/port) is normally permitted
INFO:     Waiting for application shutdown.
INFO:     Application shutdown complete.
INFO:     Started server process [11080]
INFO:     Waiting for application startup.
INFO:     Application startup complete.
ERROR:    [Errno 10048] error while attempting to bind on address ('0.0.0.0', 8000): only one usage of each socket address (protocol/network address/port) is normally permitted
INFO:     Waiting for application shutdown.
INFO:     Application shutdown complete.
INFO:     Started server process [59888]
INFO:     Waiting for application startup.
INFO:     Application startup complete.
ERROR:    [Errno 10048] error while attempting to bind on address ('0.0.0.0', 8000): only one usage of each socket address (protocol/network address/port) is normally permitted
INFO:     Waiting for application shutdown.
INFO:     Application shutdown complete.
INFO:     Started server process [15224]
INFO:     Waiting for application startup.
INFO:     Application startup complete.
ERROR:    [Errno 10048] error while attempting to bind on address ('0.0.0.0', 8000): only one usage of each socket address (protocol/network address/port) is normally permitted
INFO:     Waiting for application shutdown.
INFO:     Application shutdown complete.
INFO:     Started server process [69652]
INFO:     Waiting for application startup.
INFO:     Application startup complete.
ERROR:    [Errno 10048] error while attempting to bind on address ('0.0.0.0', 8000): only one usage of each socket address (protocol/network address/port) is normally permitted
INFO:     Waiting for application shutdown.
INFO:     Application shutdown complete.
INFO:     Started server process [69768]
INFO:     Waiting for application startup.
INFO:     Application startup complete.
ERROR:    [Errno 10048] error while attempting to bind on address ('0.0.0.0', 8000): only one usage of each socket address (protocol/network address/port) is normally permitted
INFO:     Waiting for application shutdown.
INFO:     Application shutdown complete.
INFO:     Started server process [62408]
INFO:     Waiting for application startup.
INFO:     Application startup complete.
ERROR:    [Errno 10048] error while attempting to bind on address ('0.0.0.0', 8000): only one usage of each socket address (protocol/network address/port) is normally permitted
INFO:     Waiting for application shutdown.
INFO:     Application shutdown complete.
INFO:     Started server process [53348]
INFO:     Waiting for application startup.
INFO:     Application startup complete.
ERROR:    [Errno 10048] error while attempting to bind on address ('0.0.0.0', 8000): only one usage of each socket address (protocol/network address/port) is normally permitted
INFO:     Waiting for application shutdown.
INFO:     Application shutdown complete.
INFO:     Started server process [58260]
INFO:     Waiting for application startup.
INFO:     Application startup complete.
ERROR:    [Errno 10048] error while attempting to bind on address ('0.0.0.0', 8000): only one usage of each socket address (protocol/network address/port) is normally permitted
INFO:     Waiting for application shutdown.
INFO:     Application shutdown complete.
INFO:     Started server process [15740]
INFO:     Waiting for application startup.
INFO:     Application startup complete.
ERROR:    [Errno 10048] error while attempting to bind on address ('0.0.0.0', 8000): only one usage of each socket address (protocol/network address/port) is normally permitted
INFO:     Waiting for application shutdown.
INFO:     Application shutdown complete.
INFO:     Started server process [66436]
INFO:     Waiting for application startup.
INFO:     Application startup complete.
ERROR:    [Errno 10048] error while attempting to bind on address ('0.0.0.0', 8000): only one usage of each socket address (protocol/network address/port) is normally permitted
INFO:     Waiting for application shutdown.
INFO:     Application shutdown complete.
INFO:     Started server process [64896]
INFO:     Waiting for application startup.
INFO:     Application startup complete.
ERROR:    [Errno 10048] error while attempting to bind on address ('0.0.0.0', 8000): only one usage of each socket address (protocol/network address/port) is normally permitted
INFO:     Waiting for application shutdown.
INFO:     Application shutdown complete.
INFO:     Started server process [66540]
INFO:     Waiting for application startup.
INFO:     Application startup complete.
ERROR:    [Errno 10048] error while attempting to bind on address ('0.0.0.0', 8000): only one usage of each socket address (protocol/network address/port) is normally permitted
INFO:     Waiting for application shutdown.
INFO:     Application shutdown complete.
INFO:     Started server process [68832]
INFO:     Waiting for application startup.
INFO:     Application startup complete.
ERROR:    [Errno 10048] error while attempting to bind on address ('0.0.0.0', 8000): only one usage of each socket address (protocol/network address/port) is normally permitted
INFO:     Waiting for application shutdown.
INFO:     Application shutdown complete.
INFO:     Started server process [30004]
INFO:     Waiting for application startup.
INFO:     Application startup complete.
ERROR:    [Errno 10048] error while attempting to bind on address ('0.0.0.0', 8000): only one usage of each socket address (protocol/network address/port) is normally permitted
INFO:     Waiting for application shutdown.
INFO:     Application shutdown complete.
INFO:     Started server process [45800]
INFO:     Waiting for application startup.
INFO:     Application startup complete.
ERROR:    [Errno 10048] error while attempting to bind on address ('0.0.0.0', 8000): only one usage of each socket address (protocol/network address/port) is normally permitted
INFO:     Waiting for application shutdown.
INFO:     Application shutdown complete.
INFO:     Started server process [69096]
INFO:     Waiting for application startup.
INFO:     Application startup complete.
ERROR:    [Errno 10048] error while attempting to bind on address ('0.0.0.0', 8000): only one usage of each socket address (protocol/network address/port) is normally permitted
INFO:     Waiting for application shutdown.
INFO:     Application shutdown complete.
INFO:     Started server process [49432]
INFO:     Waiting for application startup.
INFO:     Application startup complete.
ERROR:    [Errno 10048] error while attempting to bind on address ('0.0.0.0', 8000): only one usage of each socket address (protocol/network address/port) is normally permitted
INFO:     Waiting for application shutdown.
INFO:     Application shutdown complete.
INFO:     Started server process [46844]
INFO:     Waiting for application startup.
INFO:     Application startup complete.
ERROR:    [Errno 10048] error while attempting to bind on address ('0.0.0.0', 8000): only one usage of each socket address (protocol/network address/port) is normally permitted
INFO:     Waiting for application shutdown.
INFO:     Application shutdown complete.
INFO:     Started server process [64124]
INFO:     Waiting for application startup.
INFO:     Application startup complete.
ERROR:    [Errno 10048] error while attempting to bind on address ('0.0.0.0', 8000): only one usage of each socket address (protocol/network address/port) is normally permitted
INFO:     Waiting for application shutdown.
INFO:     Application shutdown complete.
INFO:     Started server process [69272]
INFO:     Waiting for application startup.
INFO:     Application startup complete.
ERROR:    [Errno 10048] error while attempting to bind on address ('0.0.0.0', 8000): only one usage of each socket address (protocol/network address/port) is normally permitted
INFO:     Waiting for application shutdown.
INFO:     Application shutdown complete.
INFO:     Started server process [71836]
INFO:     Waiting for application startup.
INFO:     Application startup complete.
ERROR:    [Errno 10048] error while attempting to bind on address ('0.0.0.0', 8000): only one usage of each socket address (protocol/network address/port) is normally permitted
INFO:     Waiting for application shutdown.
INFO:     Application shutdown complete.
INFO:     Started server process [72060]
INFO:     Waiting for application startup.
INFO:     Application startup complete.
ERROR:    [Errno 10048] error while attempting to bind on address ('0.0.0.0', 8000): only one usage of each socket address (protocol/network address/port) is normally permitted
INFO:     Waiting for application shutdown.
INFO:     Application shutdown complete.
INFO:     Started server process [72424]
INFO:     Waiting for application startup.
INFO:     Application startup complete.
ERROR:    [Errno 10048] error while attempting to bind on address ('0.0.0.0', 8000): only one usage of each socket address (protocol/network address/port) is normally permitted
INFO:     Waiting for application shutdown.
INFO:     Application shutdown complete.
INFO:     Started server process [70688]
INFO:     Waiting for application startup.
INFO:     Application startup complete.
ERROR:    [Errno 10048] error while attempting to bind on address ('0.0.0.0', 8000): only one usage of each socket address (protocol/network address/port) is normally permitted
INFO:     Waiting for application shutdown.
INFO:     Application shutdown complete.
INFO:     Started server process [60348]
INFO:     Waiting for application startup.
INFO:     Application startup complete.
ERROR:    [Errno 10048] error while attempting to bind on address ('0.0.0.0', 8000): only one usage of each socket address (protocol/network address/port) is normally permitted
INFO:     Waiting for application shutdown.
INFO:     Application shutdown complete.
INFO:     Started server process [62924]
INFO:     Waiting for application startup.
INFO:     Application startup complete.
ERROR:    [Errno 10048] error while attempting to bind on address ('0.0.0.0', 8000): only one usage of each socket address (protocol/network address/port) is normally permitted
INFO:     Waiting for application shutdown.
INFO:     Application shutdown complete.
INFO:     Started server process [70156]
INFO:     Waiting for application startup.
INFO:     Application startup complete.
ERROR:    [Errno 10048] error while attempting to bind on address ('0.0.0.0', 8000): only one usage of each socket address (protocol/network address/port) is normally permitted
INFO:     Waiting for application shutdown.
INFO:     Application shutdown complete.
INFO:     Started server process [72236]
INFO:     Waiting for application startup.
INFO:     Application startup complete.
ERROR:    [Errno 10048] error while attempting to bind on address ('0.0.0.0', 8000): only one usage of each socket address (protocol/network address/port) is normally permitted
INFO:     Waiting for application shutdown.
INFO:     Application shutdown complete.
INFO:     Started server process [63304]
INFO:     Waiting for application startup.
INFO:     Application startup complete.
ERROR:    [Errno 10048] error while attempting to bind on address ('0.0.0.0', 8000): only one usage of each socket address (protocol/network address/port) is normally permitted
INFO:     Waiting for application shutdown.
INFO:     Application shutdown complete.
INFO:     Started server process [65660]
INFO:     Waiting for application startup.
INFO:     Application startup complete.
ERROR:    [Errno 10048] error while attempting to bind on address ('0.0.0.0', 8000): only one usage of each socket address (protocol/network address/port) is normally permitted
INFO:     Waiting for application shutdown.
INFO:     Application shutdown complete.
INFO:     Started server process [14624]
INFO:     Waiting for application startup.
INFO:     Application startup complete.
ERROR:    [Errno 10048] error while attempting to bind on address ('0.0.0.0', 8000): only one usage of each socket address (protocol/network address/port) is normally permitted
INFO:     Waiting for application shutdown.
INFO:     Application shutdown complete.
INFO:     Started server process [15772]
INFO:     Waiting for application startup.
INFO:     Application startup complete.
ERROR:    [Errno 10048] error while attempting to bind on address ('0.0.0.0', 8000): only one usage of each socket address (protocol/network address/port) is normally permitted
INFO:     Waiting for application shutdown.
INFO:     Application shutdown complete.
INFO:     Started server process [54752]
INFO:     Waiting for application startup.
INFO:     Application startup complete.
ERROR:    [Errno 10048] error while attempting to bind on address ('0.0.0.0', 8000): only one usage of each socket address (protocol/network address/port) is normally permitted
INFO:     Waiting for application shutdown.
INFO:     Application shutdown complete.
INFO:     Started server process [14504]
INFO:     Waiting for application startup.
INFO:     Application startup complete.
ERROR:    [Errno 10048] error while attempting to bind on address ('0.0.0.0', 8000): only one usage of each socket address (protocol/network address/port) is normally permitted
INFO:     Waiting for application shutdown.
INFO:     Application shutdown complete.
INFO:     Started server process [25840]
INFO:     Waiting for application startup.
INFO:     Application startup complete.
ERROR:    [Errno 10048] error while attempting to bind on address ('0.0.0.0', 8000): only one usage of each socket address (protocol/network address/port) is normally permitted
INFO:     Waiting for application shutdown.
INFO:     Application shutdown complete.
INFO:     Started server process [69568]
INFO:     Waiting for application startup.
INFO:     Application startup complete.
ERROR:    [Errno 10048] error while attempting to bind on address ('0.0.0.0', 8000): only one usage of each socket address (protocol/network address/port) is normally permitted
INFO:     Waiting for application shutdown.
INFO:     Application shutdown complete.
INFO:     Started server process [70452]
INFO:     Waiting for application startup.
INFO:     Application startup complete.
ERROR:    [Errno 10048] error while attempting to bind on address ('0.0.0.0', 8000): only one usage of each socket address (protocol/network address/port) is normally permitted
INFO:     Waiting for application shutdown.
INFO:     Application shutdown complete.
INFO:     Started server process [65828]
INFO:     Waiting for application startup.
INFO:     Application startup complete.
ERROR:    [Errno 10048] error while attempting to bind on address ('0.0.0.0', 8000): only one usage of each socket address (protocol/network address/port) is normally permitted
INFO:     Waiting for application shutdown.
INFO:     Application shutdown complete.
INFO:     Started server process [57356]
INFO:     Waiting for application startup.
INFO:     Application startup complete.
ERROR:    [Errno 10048] error while attempting to bind on address ('0.0.0.0', 8000): only one usage of each socket address (protocol/network address/port) is normally permitted
INFO:     Waiting for application shutdown.
INFO:     Application shutdown complete.
INFO:     Started server process [65136]
INFO:     Waiting for application startup.
INFO:     Application startup complete.
ERROR:    [Errno 10048] error while attempting to bind on address ('0.0.0.0', 8000): only one usage of each socket address (protocol/network address/port) is normally permitted
INFO:     Waiting for application shutdown.
INFO:     Application shutdown complete.
INFO:     Started server process [59744]
INFO:     Waiting for application startup.
INFO:     Application startup complete.
ERROR:    [Errno 10048] error while attempting to bind on address ('0.0.0.0', 8000): only one usage of each socket address (protocol/network address/port) is normally permitted
INFO:     Waiting for application shutdown.
INFO:     Application shutdown complete.
INFO:     Started server process [26008]
INFO:     Waiting for application startup.
INFO:     Application startup complete.
ERROR:    [Errno 10048] error while attempting to bind on address ('0.0.0.0', 8000): only one usage of each socket address (protocol/network address/port) is normally permitted
INFO:     Waiting for application shutdown.
INFO:     Application shutdown complete.
INFO:     Started server process [14504]
INFO:     Waiting for application startup.
INFO:     Application startup complete.
ERROR:    [Errno 10048] error while attempting to bind on address ('0.0.0.0', 8000): only one usage of each socket address (protocol/network address/port) is normally permitted
INFO:     Waiting for application shutdown.
INFO:     Application shutdown complete.
INFO:     Started server process [71652]
INFO:     Waiting for application startup.
INFO:     Application startup complete.
ERROR:    [Errno 10048] error while attempting to bind on address ('0.0.0.0', 8000): only one usage of each socket address (protocol/network address/port) is normally permitted
INFO:     Waiting for application shutdown.
INFO:     Application shutdown complete.
INFO:     Started server process [67180]
INFO:     Waiting for application startup.
INFO:     Application startup complete.
ERROR:    [Errno 10048] error while attempting to bind on address ('0.0.0.0', 8000): only one usage of each socket address (protocol/network address/port) is normally permitted
INFO:     Waiting for application shutdown.
INFO:     Application shutdown complete.
INFO:     Started server process [6840]
INFO:     Waiting for application startup.
INFO:     Application startup complete.
ERROR:    [Errno 10048] error while attempting to bind on address ('0.0.0.0', 8000): only one usage of each socket address (protocol/network address/port) is normally permitted
INFO:     Waiting for application shutdown.
INFO:     Application shutdown complete.
INFO:     Started server process [72184]
INFO:     Waiting for application startup.
INFO:     Application startup complete.
ERROR:    [Errno 10048] error while attempting to bind on address ('0.0.0.0', 8000): only one usage of each socket address (protocol/network address/port) is normally permitted
INFO:     Waiting for application shutdown.
INFO:     Application shutdown complete.
INFO:     Started server process [62880]
INFO:     Waiting for application startup.
INFO:     Application startup complete.
ERROR:    [Errno 10048] error while attempting to bind on address ('0.0.0.0', 8000): only one usage of each socket address (protocol/network address/port) is normally permitted
INFO:     Waiting for application shutdown.
INFO:     Application shutdown complete.
INFO:     Started server process [71896]
INFO:     Waiting for application startup.
INFO:     Application startup complete.
ERROR:    [Errno 10048] error while attempting to bind on address ('0.0.0.0', 8000): only one usage of each socket address (protocol/network address/port) is normally permitted
INFO:     Waiting for application shutdown.
INFO:     Application shutdown complete.
INFO:     Started server process [70412]
INFO:     Waiting for application startup.
INFO:     Application startup complete.
ERROR:    [Errno 10048] error while attempting to bind on address ('0.0.0.0', 8000): only one usage of each socket address (protocol/network address/port) is normally permitted
INFO:     Waiting for application shutdown.
INFO:     Application shutdown complete.
INFO:     Started server process [68616]
INFO:     Waiting for application startup.
INFO:     Application startup complete.
ERROR:    [Errno 10048] error while attempting to bind on address ('0.0.0.0', 8000): only one usage of each socket address (protocol/network address/port) is normally permitted
INFO:     Waiting for application shutdown.
INFO:     Application shutdown complete.
INFO:     Started server process [71740]
INFO:     Waiting for application startup.
INFO:     Application startup complete.
ERROR:    [Errno 10048] error while attempting to bind on address ('0.0.0.0', 8000): only one usage of each socket address (protocol/network address/port) is normally permitted
INFO:     Waiting for application shutdown.
INFO:     Application shutdown complete.
INFO:     Started server process [57620]
INFO:     Waiting for application startup.
INFO:     Application startup complete.
ERROR:    [Errno 10048] error while attempting to bind on address ('0.0.0.0', 8000): only one usage of each socket address (protocol/network address/port) is normally permitted
INFO:     Waiting for application shutdown.
INFO:     Application shutdown complete.
INFO:     Started server process [59640]
INFO:     Waiting for application startup.
INFO:     Application startup complete.
ERROR:    [Errno 10048] error while attempting to bind on address ('0.0.0.0', 8000): only one usage of each socket address (protocol/network address/port) is normally permitted
INFO:     Waiting for application shutdown.
INFO:     Application shutdown complete.
INFO:     Started server process [71812]
INFO:     Waiting for application startup.
INFO:     Application startup complete.
ERROR:    [Errno 10048] error while attempting to bind on address ('0.0.0.0', 8000): only one usage of each socket address (protocol/network address/port) is normally permitted
INFO:     Waiting for application shutdown.
INFO:     Application shutdown complete.
INFO:     Started server process [34648]
INFO:     Waiting for application startup.
INFO:     Application startup complete.
ERROR:    [Errno 10048] error while attempting to bind on address ('0.0.0.0', 8000): only one usage of each socket address (protocol/network address/port) is normally permitted
INFO:     Waiting for application shutdown.
INFO:     Application shutdown complete.
INFO:     Started server process [71856]
INFO:     Waiting for application startup.
INFO:     Application startup complete.
ERROR:    [Errno 10048] error while attempting to bind on address ('0.0.0.0', 8000): only one usage of each socket address (protocol/network address/port) is normally permitted
INFO:     Waiting for application shutdown.
INFO:     Application shutdown complete.
INFO:     Started server process [72196]
INFO:     Waiting for application startup.
INFO:     Application startup complete.
ERROR:    [Errno 10048] error while attempting to bind on address ('0.0.0.0', 8000): only one usage of each socket address (protocol/network address/port) is normally permitted
INFO:     Waiting for application shutdown.
INFO:     Application shutdown complete.
INFO:     Started server process [68700]
INFO:     Waiting for application startup.
INFO:     Application startup complete.
ERROR:    [Errno 10048] error while attempting to bind on address ('0.0.0.0', 8000): only one usage of each socket address (protocol/network address/port) is normally permitted
INFO:     Waiting for application shutdown.
INFO:     Application shutdown complete.
INFO:     Started server process [59444]
INFO:     Waiting for application startup.
INFO:     Application startup complete.
ERROR:    [Errno 10048] error while attempting to bind on address ('0.0.0.0', 8000): only one usage of each socket address (protocol/network address/port) is normally permitted
INFO:     Waiting for application shutdown.
INFO:     Application shutdown complete.
INFO:     Started server process [45284]
INFO:     Waiting for application startup.
INFO:     Application startup complete.
ERROR:    [Errno 10048] error while attempting to bind on address ('0.0.0.0', 8000): only one usage of each socket address (protocol/network address/port) is normally permitted
INFO:     Waiting for application shutdown.
INFO:     Application shutdown complete.
INFO:     Started server process [4456]
INFO:     Waiting for application startup.
INFO:     Application startup complete.
ERROR:    [Errno 10048] error while attempting to bind on address ('0.0.0.0', 8000): only one usage of each socket address (protocol/network address/port) is normally permitted
INFO:     Waiting for application shutdown.
INFO:     Application shutdown complete.
INFO:     Started server process [69956]
INFO:     Waiting for application startup.
INFO:     Application startup complete.
ERROR:    [Errno 10048] error while attempting to bind on address ('0.0.0.0', 8000): only one usage of each socket address (protocol/network address/port) is normally permitted
INFO:     Waiting for application shutdown.
INFO:     Application shutdown complete.
INFO:     Started server process [72444]
INFO:     Waiting for application startup.
INFO:     Application startup complete.
ERROR:    [Errno 10048] error while attempting to bind on address ('0.0.0.0', 8000): only one usage of each socket address (protocol/network address/port) is normally permitted
INFO:     Waiting for application shutdown.
INFO:     Application shutdown complete.
INFO:     Started server process [70212]
INFO:     Waiting for application startup.
INFO:     Application startup complete.
ERROR:    [Errno 10048] error while attempting to bind on address ('0.0.0.0', 8000): only one usage of each socket address (protocol/network address/port) is normally permitted
INFO:     Waiting for application shutdown.
INFO:     Application shutdown complete.
INFO:     Started server process [70088]
INFO:     Waiting for application startup.
INFO:     Application startup complete.
ERROR:    [Errno 10048] error while attempting to bind on address ('0.0.0.0', 8000): only one usage of each socket address (protocol/network address/port) is normally permitted
INFO:     Waiting for application shutdown.
INFO:     Application shutdown complete.
INFO:     Started server process [72660]
INFO:     Waiting for application startup.
INFO:     Application startup complete.
ERROR:    [Errno 10048] error while attempting to bind on address ('0.0.0.0', 8000): only one usage of each socket address (protocol/network address/port) is normally permitted
INFO:     Waiting for application shutdown.
INFO:     Application shutdown complete.
INFO:     Started server process [68424]
INFO:     Waiting for application startup.
INFO:     Application startup complete.
ERROR:    [Errno 10048] error while attempting to bind on address ('0.0.0.0', 8000): only one usage of each socket address (protocol/network address/port) is normally permitted
INFO:     Waiting for application shutdown.
INFO:     Application shutdown complete.
INFO:     Started server process [48936]
INFO:     Waiting for application startup.
INFO:     Application startup complete.
ERROR:    [Errno 10048] error while attempting to bind on address ('0.0.0.0', 8000): only one usage of each socket address (protocol/network address/port) is normally permitted
INFO:     Waiting for application shutdown.
INFO:     Application shutdown complete.
INFO:     Started server process [72892]
INFO:     Waiting for application startup.
INFO:     Application startup complete.
ERROR:    [Errno 10048] error while attempting to bind on address ('0.0.0.0', 8000): only one usage of each socket address (protocol/network address/port) is normally permitted
INFO:     Waiting for application shutdown.
INFO:     Application shutdown complete.
INFO:     Started server process [72968]
INFO:     Waiting for application startup.
INFO:     Application startup complete.
ERROR:    [Errno 10048] error while attempting to bind on address ('0.0.0.0', 8000): only one usage of each socket address (protocol/network address/port) is normally permitted
INFO:     Waiting for application shutdown.
INFO:     Application shutdown complete.
INFO:     Started server process [72660]
INFO:     Waiting for application startup.
INFO:     Application startup complete.
ERROR:    [Errno 10048] error while attempting to bind on address ('0.0.0.0', 8000): only one usage of each socket address (protocol/network address/port) is normally permitted
INFO:     Waiting for application shutdown.
INFO:     Application shutdown complete.
INFO:     Started server process [66360]
INFO:     Waiting for application startup.
INFO:     Application startup complete.
ERROR:    [Errno 10048] error while attempting to bind on address ('0.0.0.0', 8000): only one usage of each socket address (protocol/network address/port) is normally permitted
INFO:     Waiting for application shutdown.
INFO:     Application shutdown complete.
INFO:     Started server process [60584]
INFO:     Waiting for application startup.
INFO:     Application startup complete.
ERROR:    [Errno 10048] error while attempting to bind on address ('0.0.0.0', 8000): only one usage of each socket address (protocol/network address/port) is normally permitted
INFO:     Waiting for application shutdown.
INFO:     Application shutdown complete.
INFO:     Started server process [47636]
INFO:     Waiting for application startup.
INFO:     Application startup complete.
ERROR:    [Errno 10048] error while attempting to bind on address ('0.0.0.0', 8000): only one usage of each socket address (protocol/network address/port) is normally permitted
INFO:     Waiting for application shutdown.
INFO:     Application shutdown complete.
INFO:     Started server process [73004]
INFO:     Waiting for application startup.
INFO:     Application startup complete.
ERROR:    [Errno 10048] error while attempting to bind on address ('0.0.0.0', 8000): only one usage of each socket address (protocol/network address/port) is normally permitted
INFO:     Waiting for application shutdown.
INFO:     Application shutdown complete.
INFO:     Started server process [66300]
INFO:     Waiting for application startup.
INFO:     Application startup complete.
ERROR:    [Errno 10048] error while attempting to bind on address ('0.0.0.0', 8000): only one usage of each socket address (protocol/network address/port) is normally permitted
INFO:     Waiting for application shutdown.
INFO:     Application shutdown complete.
INFO:     Started server process [71828]
INFO:     Waiting for application startup.
INFO:     Application startup complete.
ERROR:    [Errno 10048] error while attempting to bind on address ('0.0.0.0', 8000): only one usage of each socket address (protocol/network address/port) is normally permitted
INFO:     Waiting for application shutdown.
INFO:     Application shutdown complete.
INFO:     Started server process [66360]
INFO:     Waiting for application startup.
INFO:     Application startup complete.
ERROR:    [Errno 10048] error while attempting to bind on address ('0.0.0.0', 8000): only one usage of each socket address (protocol/network address/port) is normally permitted
INFO:     Waiting for application shutdown.
INFO:     Application shutdown complete.
INFO:     Started server process [73544]
INFO:     Waiting for application startup.
INFO:     Application startup complete.
ERROR:    [Errno 10048] error while attempting to bind on address ('0.0.0.0', 8000): only one usage of each socket address (protocol/network address/port) is normally permitted
INFO:     Waiting for application shutdown.
INFO:     Application shutdown complete.
INFO:     Started server process [69036]
INFO:     Waiting for application startup.
INFO:     Application startup complete.
ERROR:    [Errno 10048] error while attempting to bind on address ('0.0.0.0', 8000): only one usage of each socket address (protocol/network address/port) is normally permitted
INFO:     Waiting for application shutdown.
INFO:     Application shutdown complete.
INFO:     Started server process [32288]
INFO:     Waiting for application startup.
INFO:     Application startup complete.
ERROR:    [Errno 10048] error while attempting to bind on address ('0.0.0.0', 8000): only one usage of each socket address (protocol/network address/port) is normally permitted
INFO:     Waiting for application shutdown.
INFO:     Application shutdown complete.
INFO:     Started server process [12572]
INFO:     Waiting for application startup.
INFO:     Application startup complete.
ERROR:    [Errno 10048] error while attempting to bind on address ('0.0.0.0', 8000): only one usage of each socket address (protocol/network address/port) is normally permitted
INFO:     Waiting for application shutdown.
INFO:     Application shutdown complete.
INFO:     Started server process [43220]
INFO:     Waiting for application startup.
INFO:     Application startup complete.
ERROR:    [Errno 10048] error while attempting to bind on address ('0.0.0.0', 8000): only one usage of each socket address (protocol/network address/port) is normally permitted
INFO:     Waiting for application shutdown.
INFO:     Application shutdown complete.
INFO:     Started server process [72096]
INFO:     Waiting for application startup.
INFO:     Application startup complete.
ERROR:    [Errno 10048] error while attempting to bind on address ('0.0.0.0', 8000): only one usage of each socket address (protocol/network address/port) is normally permitted
INFO:     Waiting for application shutdown.
INFO:     Application shutdown complete.
INFO:     Started server process [67668]
INFO:     Waiting for application startup.
INFO:     Application startup complete.
ERROR:    [Errno 10048] error while attempting to bind on address ('0.0.0.0', 8000): only one usage of each socket address (protocol/network address/port) is normally permitted
INFO:     Waiting for application shutdown.
INFO:     Application shutdown complete.
INFO:     Started server process [14624]
INFO:     Waiting for application startup.
INFO:     Application startup complete.
ERROR:    [Errno 10048] error while attempting to bind on address ('0.0.0.0', 8000): only one usage of each socket address (protocol/network address/port) is normally permitted
INFO:     Waiting for application shutdown.
INFO:     Application shutdown complete.
INFO:     Started server process [40036]
INFO:     Waiting for application startup.
INFO:     Application startup complete.
ERROR:    [Errno 10048] error while attempting to bind on address ('0.0.0.0', 8000): only one usage of each socket address (protocol/network address/port) is normally permitted
INFO:     Waiting for application shutdown.
INFO:     Application shutdown complete.
INFO:     Started server process [66488]
INFO:     Waiting for application startup.
INFO:     Application startup complete.
ERROR:    [Errno 10048] error while attempting to bind on address ('0.0.0.0', 8000): only one usage of each socket address (protocol/network address/port) is normally permitted
INFO:     Waiting for application shutdown.
INFO:     Application shutdown complete.
INFO:     Started server process [68588]
INFO:     Waiting for application startup.
INFO:     Application startup complete.
ERROR:    [Errno 10048] error while attempting to bind on address ('0.0.0.0', 8000): only one usage of each socket address (protocol/network address/port) is normally permitted
INFO:     Waiting for application shutdown.
INFO:     Application shutdown complete.
INFO:     Started server process [62760]
INFO:     Waiting for application startup.
INFO:     Application startup complete.
ERROR:    [Errno 10048] error while attempting to bind on address ('0.0.0.0', 8000): only one usage of each socket address (protocol/network address/port) is normally permitted
INFO:     Waiting for application shutdown.
INFO:     Application shutdown complete.
INFO:     Started server process [68632]
INFO:     Waiting for application startup.
INFO:     Application startup complete.
ERROR:    [Errno 10048] error while attempting to bind on address ('0.0.0.0', 8000): only one usage of each socket address (protocol/network address/port) is normally permitted
INFO:     Waiting for application shutdown.
INFO:     Application shutdown complete.
INFO:     Started server process [65008]
INFO:     Waiting for application startup.
INFO:     Application startup complete.
ERROR:    [Errno 10048] error while attempting to bind on address ('0.0.0.0', 8000): only one usage of each socket address (protocol/network address/port) is normally permitted
INFO:     Waiting for application shutdown.
INFO:     Application shutdown complete.
INFO:     Started server process [73096]
INFO:     Waiting for application startup.
INFO:     Application startup complete.
ERROR:    [Errno 10048] error while attempting to bind on address ('0.0.0.0', 8000): only one usage of each socket address (protocol/network address/port) is normally permitted
INFO:     Waiting for application shutdown.
INFO:     Application shutdown complete.
INFO:     Started server process [69140]
INFO:     Waiting for application startup.
INFO:     Application startup complete.
ERROR:    [Errno 10048] error while attempting to bind on address ('0.0.0.0', 8000): only one usage of each socket address (protocol/network address/port) is normally permitted
INFO:     Waiting for application shutdown.
INFO:     Application shutdown complete.
INFO:     Started server process [15964]
INFO:     Waiting for application startup.
INFO:     Application startup complete.
ERROR:    [Errno 10048] error while attempting to bind on address ('0.0.0.0', 8000): only one usage of each socket address (protocol/network address/port) is normally permitted
INFO:     Waiting for application shutdown.
INFO:     Application shutdown complete.
INFO:     Started server process [39152]
INFO:     Waiting for application startup.
INFO:     Application startup complete.
ERROR:    [Errno 10048] error while attempting to bind on address ('0.0.0.0', 8000): only one usage of each socket address (protocol/network address/port) is normally permitted
INFO:     Waiting for application shutdown.
INFO:     Application shutdown complete.
INFO:     Started server process [67888]
INFO:     Waiting for application startup.
INFO:     Application startup complete.
ERROR:    [Errno 10048] error while attempting to bind on address ('0.0.0.0', 8000): only one usage of each socket address (protocol/network address/port) is normally permitted
INFO:     Waiting for application shutdown.
INFO:     Application shutdown complete.
INFO:     Started server process [48780]
INFO:     Waiting for application startup.
INFO:     Application startup complete.
ERROR:    [Errno 10048] error while attempting to bind on address ('0.0.0.0', 8000): only one usage of each socket address (protocol/network address/port) is normally permitted
INFO:     Waiting for application shutdown.
INFO:     Application shutdown complete.
INFO:     Started server process [16092]
INFO:     Waiting for application startup.
INFO:     Application startup complete.
ERROR:    [Errno 10048] error while attempting to bind on address ('0.0.0.0', 8000): only one usage of each socket address (protocol/network address/port) is normally permitted
INFO:     Waiting for application shutdown.
INFO:     Application shutdown complete.
INFO:     Started server process [72184]
INFO:     Waiting for application startup.
INFO:     Application startup complete.
ERROR:    [Errno 10048] error while attempting to bind on address ('0.0.0.0', 8000): only one usage of each socket address (protocol/network address/port) is normally permitted
INFO:     Waiting for application shutdown.
INFO:     Application shutdown complete.
INFO:     Started server process [42968]
INFO:     Waiting for application startup.
INFO:     Application startup complete.
ERROR:    [Errno 10048] error while attempting to bind on address ('0.0.0.0', 8000): only one usage of each socket address (protocol/network address/port) is normally permitted
INFO:     Waiting for application shutdown.
INFO:     Application shutdown complete.
INFO:     Started server process [72148]
INFO:     Waiting for application startup.
INFO:     Application startup complete.
ERROR:    [Errno 10048] error while attempting to bind on address ('0.0.0.0', 8000): only one usage of each socket address (protocol/network address/port) is normally permitted
INFO:     Waiting for application shutdown.
INFO:     Application shutdown complete.
INFO:     Started server process [69932]
INFO:     Waiting for application startup.
INFO:     Application startup complete.
ERROR:    [Errno 10048] error while attempting to bind on address ('0.0.0.0', 8000): only one usage of each socket address (protocol/network address/port) is normally permitted
INFO:     Waiting for application shutdown.
INFO:     Application shutdown complete.
INFO:     Started server process [41776]
INFO:     Waiting for application startup.
INFO:     Application startup complete.
ERROR:    [Errno 10048] error while attempting to bind on address ('0.0.0.0', 8000): only one usage of each socket address (protocol/network address/port) is normally permitted
INFO:     Waiting for application shutdown.
INFO:     Application shutdown complete.
INFO:     Started server process [55284]
INFO:     Waiting for application startup.
INFO:     Application startup complete.
ERROR:    [Errno 10048] error while attempting to bind on address ('0.0.0.0', 8000): only one usage of each socket address (protocol/network address/port) is normally permitted
INFO:     Waiting for application shutdown.
INFO:     Application shutdown complete.
INFO:     Started server process [24096]
INFO:     Waiting for application startup.
INFO:     Application startup complete.
ERROR:    [Errno 10048] error while attempting to bind on address ('0.0.0.0', 8000): only one usage of each socket address (protocol/network address/port) is normally permitted
INFO:     Waiting for application shutdown.
INFO:     Application shutdown complete.
INFO:     Started server process [59304]
INFO:     Waiting for application startup.
INFO:     Application startup complete.
ERROR:    [Errno 10048] error while attempting to bind on address ('0.0.0.0', 8000): only one usage of each socket address (protocol/network address/port) is normally permitted
INFO:     Waiting for application shutdown.
INFO:     Application shutdown complete.
INFO:     Started server process [71608]
INFO:     Waiting for application startup.
INFO:     Application startup complete.
ERROR:    [Errno 10048] error while attempting to bind on address ('0.0.0.0', 8000): only one usage of each socket address (protocol/network address/port) is normally permitted
INFO:     Waiting for application shutdown.
INFO:     Application shutdown complete.
INFO:     Started server process [69796]
INFO:     Waiting for application startup.
INFO:     Application startup complete.
ERROR:    [Errno 10048] error while attempting to bind on address ('0.0.0.0', 8000): only one usage of each socket address (protocol/network address/port) is normally permitted
INFO:     Waiting for application shutdown.
INFO:     Application shutdown complete.
INFO:     Started server process [60444]
INFO:     Waiting for application startup.
INFO:     Application startup complete.
ERROR:    [Errno 10048] error while attempting to bind on address ('0.0.0.0', 8000): only one usage of each socket address (protocol/network address/port) is normally permitted
INFO:     Waiting for application shutdown.
INFO:     Application shutdown complete.
INFO:     Started server process [70224]
INFO:     Waiting for application startup.
INFO:     Application startup complete.
ERROR:    [Errno 10048] error while attempting to bind on address ('0.0.0.0', 8000): only one usage of each socket address (protocol/network address/port) is normally permitted
INFO:     Waiting for application shutdown.
INFO:     Application shutdown complete.
INFO:     Started server process [60244]
INFO:     Waiting for application startup.
INFO:     Application startup complete.
ERROR:    [Errno 10048] error while attempting to bind on address ('0.0.0.0', 8000): only one usage of each socket address (protocol/network address/port) is normally permitted
INFO:     Waiting for application shutdown.
INFO:     Application shutdown complete.
INFO:     Started server process [68876]
INFO:     Waiting for application startup.
INFO:     Application startup complete.
ERROR:    [Errno 10048] error while attempting to bind on address ('0.0.0.0', 8000): only one usage of each socket address (protocol/network address/port) is normally permitted
INFO:     Waiting for application shutdown.
INFO:     Application shutdown complete.
INFO:     Started server process [72200]
INFO:     Waiting for application startup.
INFO:     Application startup complete.
ERROR:    [Errno 10048] error while attempting to bind on address ('0.0.0.0', 8000): only one usage of each socket address (protocol/network address/port) is normally permitted
INFO:     Waiting for application shutdown.
INFO:     Application shutdown complete.
INFO:     Started server process [70792]
INFO:     Waiting for application startup.
INFO:     Application startup complete.
ERROR:    [Errno 10048] error while attempting to bind on address ('0.0.0.0', 8000): only one usage of each socket address (protocol/network address/port) is normally permitted
INFO:     Waiting for application shutdown.
INFO:     Application shutdown complete.
INFO:     Started server process [73584]
INFO:     Waiting for application startup.
INFO:     Application startup complete.
ERROR:    [Errno 10048] error while attempting to bind on address ('0.0.0.0', 8000): only one usage of each socket address (protocol/network address/port) is normally permitted
INFO:     Waiting for application shutdown.
INFO:     Application shutdown complete.
INFO:     Started server process [73688]
INFO:     Waiting for application startup.
INFO:     Application startup complete.
ERROR:    [Errno 10048] error while attempting to bind on address ('0.0.0.0', 8000): only one usage of each socket address (protocol/network address/port) is normally permitted
INFO:     Waiting for application shutdown.
INFO:     Application shutdown complete.
INFO:     Started server process [23572]
INFO:     Waiting for application startup.
INFO:     Application startup complete.
ERROR:    [Errno 10048] error while attempting to bind on address ('0.0.0.0', 8000): only one usage of each socket address (protocol/network address/port) is normally permitted
INFO:     Waiting for application shutdown.
INFO:     Application shutdown complete.
INFO:     Started server process [70396]
INFO:     Waiting for application startup.
INFO:     Application startup complete.
ERROR:    [Errno 10048] error while attempting to bind on address ('0.0.0.0', 8000): only one usage of each socket address (protocol/network address/port) is normally permitted
INFO:     Waiting for application shutdown.
INFO:     Application shutdown complete.
INFO:     Started server process [72972]
INFO:     Waiting for application startup.
INFO:     Application startup complete.
ERROR:    [Errno 10048] error while attempting to bind on address ('0.0.0.0', 8000): only one usage of each socket address (protocol/network address/port) is normally permitted
INFO:     Waiting for application shutdown.
INFO:     Application shutdown complete.
INFO:     Started server process [35040]
INFO:     Waiting for application startup.
INFO:     Application startup complete.
ERROR:    [Errno 10048] error while attempting to bind on address ('0.0.0.0', 8000): only one usage of each socket address (protocol/network address/port) is normally permitted
INFO:     Waiting for application shutdown.
INFO:     Application shutdown complete.
INFO:     Started server process [22488]
INFO:     Waiting for application startup.
INFO:     Application startup complete.
ERROR:    [Errno 10048] error while attempting to bind on address ('0.0.0.0', 8000): only one usage of each socket address (protocol/network address/port) is normally permitted
INFO:     Waiting for application shutdown.
INFO:     Application shutdown complete.
INFO:     Started server process [35040]
INFO:     Waiting for application startup.
INFO:     Application startup complete.
ERROR:    [Errno 10048] error while attempting to bind on address ('0.0.0.0', 8000): only one usage of each socket address (protocol/network address/port) is normally permitted
INFO:     Waiting for application shutdown.
INFO:     Application shutdown complete.
INFO:     Started server process [71320]
INFO:     Waiting for application startup.
INFO:     Application startup complete.
ERROR:    [Errno 10048] error while attempting to bind on address ('0.0.0.0', 8000): only one usage of each socket address (protocol/network address/port) is normally permitted
INFO:     Waiting for application shutdown.
INFO:     Application shutdown complete.
INFO:     Started server process [70708]
INFO:     Waiting for application startup.
INFO:     Application startup complete.
ERROR:    [Errno 10048] error while attempting to bind on address ('0.0.0.0', 8000): only one usage of each socket address (protocol/network address/port) is normally permitted
INFO:     Waiting for application shutdown.
INFO:     Application shutdown complete.
INFO:     Started server process [64392]
INFO:     Waiting for application startup.
INFO:     Application startup complete.
ERROR:    [Errno 10048] error while attempting to bind on address ('0.0.0.0', 8000): only one usage of each socket address (protocol/network address/port) is normally permitted
INFO:     Waiting for application shutdown.
INFO:     Application shutdown complete.
INFO:     Started server process [64108]
INFO:     Waiting for application startup.
INFO:     Application startup complete.
ERROR:    [Errno 10048] error while attempting to bind on address ('0.0.0.0', 8000): only one usage of each socket address (protocol/network address/port) is normally permitted
INFO:     Waiting for application shutdown.
INFO:     Application shutdown complete.
INFO:     Started server process [68380]
INFO:     Waiting for application startup.
INFO:     Application startup complete.
ERROR:    [Errno 10048] error while attempting to bind on address ('0.0.0.0', 8000): only one usage of each socket address (protocol/network address/port) is normally permitted
INFO:     Waiting for application shutdown.
INFO:     Application shutdown complete.
INFO:     Started server process [50368]
INFO:     Waiting for application startup.
INFO:     Application startup complete.
ERROR:    [Errno 10048] error while attempting to bind on address ('0.0.0.0', 8000): only one usage of each socket address (protocol/network address/port) is normally permitted
INFO:     Waiting for application shutdown.
INFO:     Application shutdown complete.
INFO:     Started server process [71200]
INFO:     Waiting for application startup.
INFO:     Application startup complete.
ERROR:    [Errno 10048] error while attempting to bind on address ('0.0.0.0', 8000): only one usage of each socket address (protocol/network address/port) is normally permitted
INFO:     Waiting for application shutdown.
INFO:     Application shutdown complete.
INFO:     Started server process [45072]
INFO:     Waiting for application startup.
INFO:     Application startup complete.
ERROR:    [Errno 10048] error while attempting to bind on address ('0.0.0.0', 8000): only one usage of each socket address (protocol/network address/port) is normally permitted
INFO:     Waiting for application shutdown.
INFO:     Application shutdown complete.
INFO:     Started server process [73472]
INFO:     Waiting for application startup.
INFO:     Application startup complete.
ERROR:    [Errno 10048] error while attempting to bind on address ('0.0.0.0', 8000): only one usage of each socket address (protocol/network address/port) is normally permitted
INFO:     Waiting for application shutdown.
INFO:     Application shutdown complete.
INFO:     Started server process [72520]
INFO:     Waiting for application startup.
INFO:     Application startup complete.
ERROR:    [Errno 10048] error while attempting to bind on address ('0.0.0.0', 8000): only one usage of each socket address (protocol/network address/port) is normally permitted
INFO:     Waiting for application shutdown.
INFO:     Application shutdown complete.
INFO:     Started server process [73060]
INFO:     Waiting for application startup.
INFO:     Application startup complete.
ERROR:    [Errno 10048] error while attempting to bind on address ('0.0.0.0', 8000): only one usage of each socket address (protocol/network address/port) is normally permitted
INFO:     Waiting for application shutdown.
INFO:     Application shutdown complete.
INFO:     Started server process [26848]
INFO:     Waiting for application startup.
INFO:     Application startup complete.
ERROR:    [Errno 10048] error while attempting to bind on address ('0.0.0.0', 8000): only one usage of each socket address (protocol/network address/port) is normally permitted
INFO:     Waiting for application shutdown.
INFO:     Application shutdown complete.
INFO:     Started server process [48660]
INFO:     Waiting for application startup.
INFO:     Application startup complete.
ERROR:    [Errno 10048] error while attempting to bind on address ('0.0.0.0', 8000): only one usage of each socket address (protocol/network address/port) is normally permitted
INFO:     Waiting for application shutdown.
INFO:     Application shutdown complete.
INFO:     Started server process [68588]
INFO:     Waiting for application startup.
INFO:     Application startup complete.
ERROR:    [Errno 10048] error while attempting to bind on address ('0.0.0.0', 8000): only one usage of each socket address (protocol/network address/port) is normally permitted
INFO:     Waiting for application shutdown.
INFO:     Application shutdown complete.
INFO:     Started server process [61916]
INFO:     Waiting for application startup.
INFO:     Application startup complete.
ERROR:    [Errno 10048] error while attempting to bind on address ('0.0.0.0', 8000): only one usage of each socket address (protocol/network address/port) is normally permitted
INFO:     Waiting for application shutdown.
INFO:     Application shutdown complete.
INFO:     Started server process [20888]
INFO:     Waiting for application startup.
INFO:     Application startup complete.
ERROR:    [Errno 10048] error while attempting to bind on address ('0.0.0.0', 8000): only one usage of each socket address (protocol/network address/port) is normally permitted
INFO:     Waiting for application shutdown.
INFO:     Application shutdown complete.
INFO:     Started server process [72344]
INFO:     Waiting for application startup.
INFO:     Application startup complete.
ERROR:    [Errno 10048] error while attempting to bind on address ('0.0.0.0', 8000): only one usage of each socket address (protocol/network address/port) is normally permitted
INFO:     Waiting for application shutdown.
INFO:     Application shutdown complete.
INFO:     Started server process [70408]
INFO:     Waiting for application startup.
INFO:     Application startup complete.
ERROR:    [Errno 10048] error while attempting to bind on address ('0.0.0.0', 8000): only one usage of each socket address (protocol/network address/port) is normally permitted
INFO:     Waiting for application shutdown.
INFO:     Application shutdown complete.
INFO:     Started server process [70012]
INFO:     Waiting for application startup.
INFO:     Application startup complete.
ERROR:    [Errno 10048] error while attempting to bind on address ('0.0.0.0', 8000): only one usage of each socket address (protocol/network address/port) is normally permitted
INFO:     Waiting for application shutdown.
INFO:     Application shutdown complete.
INFO:     Started server process [15976]
INFO:     Waiting for application startup.
INFO:     Application startup complete.
ERROR:    [Errno 10048] error while attempting to bind on address ('0.0.0.0', 8000): only one usage of each socket address (protocol/network address/port) is normally permitted
INFO:     Waiting for application shutdown.
INFO:     Application shutdown complete.
INFO:     Started server process [71976]
INFO:     Waiting for application startup.
INFO:     Application startup complete.
ERROR:    [Errno 10048] error while attempting to bind on address ('0.0.0.0', 8000): only one usage of each socket address (protocol/network address/port) is normally permitted
INFO:     Waiting for application shutdown.
INFO:     Application shutdown complete.
INFO:     Started server process [64392]
INFO:     Waiting for application startup.
INFO:     Application startup complete.
ERROR:    [Errno 10048] error while attempting to bind on address ('0.0.0.0', 8000): only one usage of each socket address (protocol/network address/port) is normally permitted
INFO:     Waiting for application shutdown.
INFO:     Application shutdown complete.
INFO:     Started server process [23572]
INFO:     Waiting for application startup.
INFO:     Application startup complete.
ERROR:    [Errno 10048] error while attempting to bind on address ('0.0.0.0', 8000): only one usage of each socket address (protocol/network address/port) is normally permitted
INFO:     Waiting for application shutdown.
INFO:     Application shutdown complete.
INFO:     Started server process [32288]
INFO:     Waiting for application startup.
INFO:     Application startup complete.
ERROR:    [Errno 10048] error while attempting to bind on address ('0.0.0.0', 8000): only one usage of each socket address (protocol/network address/port) is normally permitted
INFO:     Waiting for application shutdown.
INFO:     Application shutdown complete.
INFO:     Started server process [59052]
INFO:     Waiting for application startup.
INFO:     Application startup complete.
ERROR:    [Errno 10048] error while attempting to bind on address ('0.0.0.0', 8000): only one usage of each socket address (protocol/network address/port) is normally permitted
INFO:     Waiting for application shutdown.
INFO:     Application shutdown complete.
INFO:     Started server process [69116]
INFO:     Waiting for application startup.
INFO:     Application startup complete.
ERROR:    [Errno 10048] error while attempting to bind on address ('0.0.0.0', 8000): only one usage of each socket address (protocol/network address/port) is normally permitted
INFO:     Waiting for application shutdown.
INFO:     Application shutdown complete.
INFO:     Started server process [31388]
INFO:     Waiting for application startup.
INFO:     Application startup complete.
ERROR:    [Errno 10048] error while attempting to bind on address ('0.0.0.0', 8000): only one usage of each socket address (protocol/network address/port) is normally permitted
INFO:     Waiting for application shutdown.
INFO:     Application shutdown complete.
INFO:     Started server process [68616]
INFO:     Waiting for application startup.
INFO:     Application startup complete.
ERROR:    [Errno 10048] error while attempting to bind on address ('0.0.0.0', 8000): only one usage of each socket address (protocol/network address/port) is normally permitted
INFO:     Waiting for application shutdown.
INFO:     Application shutdown complete.
INFO:     Started server process [71200]
INFO:     Waiting for application startup.
INFO:     Application startup complete.
ERROR:    [Errno 10048] error while attempting to bind on address ('0.0.0.0', 8000): only one usage of each socket address (protocol/network address/port) is normally permitted
INFO:     Waiting for application shutdown.
INFO:     Application shutdown complete.
INFO:     Started server process [48780]
INFO:     Waiting for application startup.
INFO:     Application startup complete.
ERROR:    [Errno 10048] error while attempting to bind on address ('0.0.0.0', 8000): only one usage of each socket address (protocol/network address/port) is normally permitted
INFO:     Waiting for application shutdown.
INFO:     Application shutdown complete.
INFO:     Started server process [24040]
INFO:     Waiting for application startup.
INFO:     Application startup complete.
ERROR:    [Errno 10048] error while attempting to bind on address ('0.0.0.0', 8000): only one usage of each socket address (protocol/network address/port) is normally permitted
INFO:     Waiting for application shutdown.
INFO:     Application shutdown complete.
INFO:     Started server process [73092]
INFO:     Waiting for application startup.
INFO:     Application startup complete.
ERROR:    [Errno 10048] error while attempting to bind on address ('0.0.0.0', 8000): only one usage of each socket address (protocol/network address/port) is normally permitted
INFO:     Waiting for application shutdown.
INFO:     Application shutdown complete.
INFO:     Started server process [69788]
INFO:     Waiting for application startup.
INFO:     Application startup complete.
ERROR:    [Errno 10048] error while attempting to bind on address ('0.0.0.0', 8000): only one usage of each socket address (protocol/network address/port) is normally permitted
INFO:     Waiting for application shutdown.
INFO:     Application shutdown complete.
INFO:     Started server process [69024]
INFO:     Waiting for application startup.
INFO:     Application startup complete.
ERROR:    [Errno 10048] error while attempting to bind on address ('0.0.0.0', 8000): only one usage of each socket address (protocol/network address/port) is normally permitted
INFO:     Waiting for application shutdown.
INFO:     Application shutdown complete.
INFO:     Started server process [66500]
INFO:     Waiting for application startup.
INFO:     Application startup complete.
ERROR:    [Errno 10048] error while attempting to bind on address ('0.0.0.0', 8000): only one usage of each socket address (protocol/network address/port) is normally permitted
INFO:     Waiting for application shutdown.
INFO:     Application shutdown complete.
INFO:     Started server process [73888]
INFO:     Waiting for application startup.
INFO:     Application startup complete.
ERROR:    [Errno 10048] error while attempting to bind on address ('0.0.0.0', 8000): only one usage of each socket address (protocol/network address/port) is normally permitted
INFO:     Waiting for application shutdown.
INFO:     Application shutdown complete.
INFO:     Started server process [74232]
INFO:     Waiting for application startup.
INFO:     Application startup complete.
ERROR:    [Errno 10048] error while attempting to bind on address ('0.0.0.0', 8000): only one usage of each socket address (protocol/network address/port) is normally permitted
INFO:     Waiting for application shutdown.
INFO:     Application shutdown complete.
INFO:     Started server process [39152]
INFO:     Waiting for application startup.
INFO:     Application startup complete.
ERROR:    [Errno 10048] error while attempting to bind on address ('0.0.0.0', 8000): only one usage of each socket address (protocol/network address/port) is normally permitted
INFO:     Waiting for application shutdown.
INFO:     Application shutdown complete.
INFO:     Started server process [74124]
INFO:     Waiting for application startup.
INFO:     Application startup complete.
ERROR:    [Errno 10048] error while attempting to bind on address ('0.0.0.0', 8000): only one usage of each socket address (protocol/network address/port) is normally permitted
INFO:     Waiting for application shutdown.
INFO:     Application shutdown complete.
INFO:     Started server process [66380]
INFO:     Waiting for application startup.
INFO:     Application startup complete.
ERROR:    [Errno 10048] error while attempting to bind on address ('0.0.0.0', 8000): only one usage of each socket address (protocol/network address/port) is normally permitted
INFO:     Waiting for application shutdown.
INFO:     Application shutdown complete.
INFO:     Started server process [9432]
INFO:     Waiting for application startup.
INFO:     Application startup complete.
ERROR:    [Errno 10048] error while attempting to bind on address ('0.0.0.0', 8000): only one usage of each socket address (protocol/network address/port) is normally permitted
INFO:     Waiting for application shutdown.
INFO:     Application shutdown complete.
INFO:     Started server process [72848]
INFO:     Waiting for application startup.
INFO:     Application startup complete.
ERROR:    [Errno 10048] error while attempting to bind on address ('0.0.0.0', 8000): only one usage of each socket address (protocol/network address/port) is normally permitted
INFO:     Waiting for application shutdown.
INFO:     Application shutdown complete.
INFO:     Started server process [68628]
INFO:     Waiting for application startup.
INFO:     Application startup complete.
ERROR:    [Errno 10048] error while attempting to bind on address ('0.0.0.0', 8000): only one usage of each socket address (protocol/network address/port) is normally permitted
INFO:     Waiting for application shutdown.
INFO:     Application shutdown complete.
INFO:     Started server process [74568]
INFO:     Waiting for application startup.
INFO:     Application startup complete.
ERROR:    [Errno 10048] error while attempting to bind on address ('0.0.0.0', 8000): only one usage of each socket address (protocol/network address/port) is normally permitted
INFO:     Waiting for application shutdown.
INFO:     Application shutdown complete.
INFO:     Started server process [15728]
INFO:     Waiting for application startup.
INFO:     Application startup complete.
ERROR:    [Errno 10048] error while attempting to bind on address ('0.0.0.0', 8000): only one usage of each socket address (protocol/network address/port) is normally permitted
INFO:     Waiting for application shutdown.
INFO:     Application shutdown complete.
INFO:     Started server process [64040]
INFO:     Waiting for application startup.
INFO:     Application startup complete.
ERROR:    [Errno 10048] error while attempting to bind on address ('0.0.0.0', 8000): only one usage of each socket address (protocol/network address/port) is normally permitted
INFO:     Waiting for application shutdown.
INFO:     Application shutdown complete.
INFO:     Started server process [33368]
INFO:     Waiting for application startup.
INFO:     Application startup complete.
ERROR:    [Errno 10048] error while attempting to bind on address ('0.0.0.0', 8000): only one usage of each socket address (protocol/network address/port) is normally permitted
INFO:     Waiting for application shutdown.
INFO:     Application shutdown complete.
INFO:     Started server process [74480]
INFO:     Waiting for application startup.
INFO:     Application startup complete.
ERROR:    [Errno 10048] error while attempting to bind on address ('0.0.0.0', 8000): only one usage of each socket address (protocol/network address/port) is normally permitted
INFO:     Waiting for application shutdown.
INFO:     Application shutdown complete.
INFO:     Started server process [73364]
INFO:     Waiting for application startup.
INFO:     Application startup complete.
ERROR:    [Errno 10048] error while attempting to bind on address ('0.0.0.0', 8000): only one usage of each socket address (protocol/network address/port) is normally permitted
INFO:     Waiting for application shutdown.
INFO:     Application shutdown complete.
INFO:     Started server process [66912]
INFO:     Waiting for application startup.
INFO:     Application startup complete.
ERROR:    [Errno 10048] error while attempting to bind on address ('0.0.0.0', 8000): only one usage of each socket address (protocol/network address/port) is normally permitted
INFO:     Waiting for application shutdown.
INFO:     Application shutdown complete.
INFO:     Started server process [73336]
INFO:     Waiting for application startup.
INFO:     Application startup complete.
ERROR:    [Errno 10048] error while attempting to bind on address ('0.0.0.0', 8000): only one usage of each socket address (protocol/network address/port) is normally permitted
INFO:     Waiting for application shutdown.
INFO:     Application shutdown complete.
INFO:     Started server process [40136]
INFO:     Waiting for application startup.
INFO:     Application startup complete.
ERROR:    [Errno 10048] error while attempting to bind on address ('0.0.0.0', 8000): only one usage of each socket address (protocol/network address/port) is normally permitted
INFO:     Waiting for application shutdown.
INFO:     Application shutdown complete.
INFO:     Started server process [74564]
INFO:     Waiting for application startup.
INFO:     Application startup complete.
ERROR:    [Errno 10048] error while attempting to bind on address ('0.0.0.0', 8000): only one usage of each socket address (protocol/network address/port) is normally permitted
INFO:     Waiting for application shutdown.
INFO:     Application shutdown complete.
INFO:     Started server process [63860]
INFO:     Waiting for application startup.
INFO:     Application startup complete.
ERROR:    [Errno 10048] error while attempting to bind on address ('0.0.0.0', 8000): only one usage of each socket address (protocol/network address/port) is normally permitted
INFO:     Waiting for application shutdown.
INFO:     Application shutdown complete.
INFO:     Started server process [74668]
INFO:     Waiting for application startup.
INFO:     Application startup complete.
ERROR:    [Errno 10048] error while attempting to bind on address ('0.0.0.0', 8000): only one usage of each socket address (protocol/network address/port) is normally permitted
INFO:     Waiting for application shutdown.
INFO:     Application shutdown complete.
INFO:     Started server process [44508]
INFO:     Waiting for application startup.
INFO:     Application startup complete.
ERROR:    [Errno 10048] error while attempting to bind on address ('0.0.0.0', 8000): only one usage of each socket address (protocol/network address/port) is normally permitted
INFO:     Waiting for application shutdown.
INFO:     Application shutdown complete.
INFO:     Started server process [73176]
INFO:     Waiting for application startup.
INFO:     Application startup complete.
ERROR:    [Errno 10048] error while attempting to bind on address ('0.0.0.0', 8000): only one usage of each socket address (protocol/network address/port) is normally permitted
INFO:     Waiting for application shutdown.
INFO:     Application shutdown complete.
INFO:     Started server process [62876]
INFO:     Waiting for application startup.
INFO:     Application startup complete.
ERROR:    [Errno 10048] error while attempting to bind on address ('0.0.0.0', 8000): only one usage of each socket address (protocol/network address/port) is normally permitted
INFO:     Waiting for application shutdown.
INFO:     Application shutdown complete.
INFO:     Started server process [71256]
INFO:     Waiting for application startup.
INFO:     Application startup complete.
ERROR:    [Errno 10048] error while attempting to bind on address ('0.0.0.0', 8000): only one usage of each socket address (protocol/network address/port) is normally permitted
INFO:     Waiting for application shutdown.
INFO:     Application shutdown complete.
INFO:     Started server process [69276]
INFO:     Waiting for application startup.
INFO:     Application startup complete.
ERROR:    [Errno 10048] error while attempting to bind on address ('0.0.0.0', 8000): only one usage of each socket address (protocol/network address/port) is normally permitted
INFO:     Waiting for application shutdown.
INFO:     Application shutdown complete.
INFO:     Started server process [64452]
INFO:     Waiting for application startup.
INFO:     Application startup complete.
ERROR:    [Errno 10048] error while attempting to bind on address ('0.0.0.0', 8000): only one usage of each socket address (protocol/network address/port) is normally permitted
INFO:     Waiting for application shutdown.
INFO:     Application shutdown complete.
INFO:     Started server process [4372]
INFO:     Waiting for application startup.
INFO:     Application startup complete.
ERROR:    [Errno 10048] error while attempting to bind on address ('0.0.0.0', 8000): only one usage of each socket address (protocol/network address/port) is normally permitted
INFO:     Waiting for application shutdown.
INFO:     Application shutdown complete.
INFO:     Started server process [71184]
INFO:     Waiting for application startup.
INFO:     Application startup complete.
ERROR:    [Errno 10048] error while attempting to bind on address ('0.0.0.0', 8000): only one usage of each socket address (protocol/network address/port) is normally permitted
INFO:     Waiting for application shutdown.
INFO:     Application shutdown complete.
INFO:     Started server process [43184]
INFO:     Waiting for application startup.
INFO:     Application startup complete.
ERROR:    [Errno 10048] error while attempting to bind on address ('0.0.0.0', 8000): only one usage of each socket address (protocol/network address/port) is normally permitted
INFO:     Waiting for application shutdown.
INFO:     Application shutdown complete.
INFO:     Started server process [73544]
INFO:     Waiting for application startup.
INFO:     Application startup complete.
ERROR:    [Errno 10048] error while attempting to bind on address ('0.0.0.0', 8000): only one usage of each socket address (protocol/network address/port) is normally permitted
INFO:     Waiting for application shutdown.
INFO:     Application shutdown complete.
INFO:     Started server process [71088]
INFO:     Waiting for application startup.
INFO:     Application startup complete.
ERROR:    [Errno 10048] error while attempting to bind on address ('0.0.0.0', 8000): only one usage of each socket address (protocol/network address/port) is normally permitted
INFO:     Waiting for application shutdown.
INFO:     Application shutdown complete.
INFO:     Started server process [73208]
INFO:     Waiting for application startup.
INFO:     Application startup complete.
ERROR:    [Errno 10048] error while attempting to bind on address ('0.0.0.0', 8000): only one usage of each socket address (protocol/network address/port) is normally permitted
INFO:     Waiting for application shutdown.
INFO:     Application shutdown complete.
INFO:     Started server process [15832]
INFO:     Waiting for application startup.
INFO:     Application startup complete.
ERROR:    [Errno 10048] error while attempting to bind on address ('0.0.0.0', 8000): only one usage of each socket address (protocol/network address/port) is normally permitted
INFO:     Waiting for application shutdown.
INFO:     Application shutdown complete.
INFO:     Started server process [72968]
INFO:     Waiting for application startup.
INFO:     Application startup complete.
ERROR:    [Errno 10048] error while attempting to bind on address ('0.0.0.0', 8000): only one usage of each socket address (protocol/network address/port) is normally permitted
INFO:     Waiting for application shutdown.
INFO:     Application shutdown complete.
INFO:     Started server process [24844]
INFO:     Waiting for application startup.
INFO:     Application startup complete.
ERROR:    [Errno 10048] error while attempting to bind on address ('0.0.0.0', 8000): only one usage of each socket address (protocol/network address/port) is normally permitted
INFO:     Waiting for application shutdown.
INFO:     Application shutdown complete.
INFO:     Started server process [74252]
INFO:     Waiting for application startup.
INFO:     Application startup complete.
ERROR:    [Errno 10048] error while attempting to bind on address ('0.0.0.0', 8000): only one usage of each socket address (protocol/network address/port) is normally permitted
INFO:     Waiting for application shutdown.
INFO:     Application shutdown complete.
INFO:     Started server process [49244]
INFO:     Waiting for application startup.
INFO:     Application startup complete.
ERROR:    [Errno 10048] error while attempting to bind on address ('0.0.0.0', 8000): only one usage of each socket address (protocol/network address/port) is normally permitted
INFO:     Waiting for application shutdown.
INFO:     Application shutdown complete.
INFO:     Started server process [65336]
INFO:     Waiting for application startup.
INFO:     Application startup complete.
ERROR:    [Errno 10048] error while attempting to bind on address ('0.0.0.0', 8000): only one usage of each socket address (protocol/network address/port) is normally permitted
INFO:     Waiting for application shutdown.
INFO:     Application shutdown complete.
INFO:     Started server process [11388]
INFO:     Waiting for application startup.
INFO:     Application startup complete.
ERROR:    [Errno 10048] error while attempting to bind on address ('0.0.0.0', 8000): only one usage of each socket address (protocol/network address/port) is normally permitted
INFO:     Waiting for application shutdown.
INFO:     Application shutdown complete.
INFO:     Started server process [74508]
INFO:     Waiting for application startup.
INFO:     Application startup complete.
ERROR:    [Errno 10048] error while attempting to bind on address ('0.0.0.0', 8000): only one usage of each socket address (protocol/network address/port) is normally permitted
INFO:     Waiting for application shutdown.
INFO:     Application shutdown complete.
INFO:     Started server process [74540]
INFO:     Waiting for application startup.
INFO:     Application startup complete.
ERROR:    [Errno 10048] error while attempting to bind on address ('0.0.0.0', 8000): only one usage of each socket address (protocol/network address/port) is normally permitted
INFO:     Waiting for application shutdown.
INFO:     Application shutdown complete.
INFO:     Started server process [73464]
INFO:     Waiting for application startup.
INFO:     Application startup complete.
ERROR:    [Errno 10048] error while attempting to bind on address ('0.0.0.0', 8000): only one usage of each socket address (protocol/network address/port) is normally permitted
INFO:     Waiting for application shutdown.
INFO:     Application shutdown complete.
INFO:     Started server process [4372]
INFO:     Waiting for application startup.
INFO:     Application startup complete.
ERROR:    [Errno 10048] error while attempting to bind on address ('0.0.0.0', 8000): only one usage of each socket address (protocol/network address/port) is normally permitted
INFO:     Waiting for application shutdown.
INFO:     Application shutdown complete.
INFO:     Started server process [74508]
INFO:     Waiting for application startup.
INFO:     Application startup complete.
ERROR:    [Errno 10048] error while attempting to bind on address ('0.0.0.0', 8000): only one usage of each socket address (protocol/network address/port) is normally permitted
INFO:     Waiting for application shutdown.
INFO:     Application shutdown complete.
INFO:     Started server process [73824]
INFO:     Waiting for application startup.
INFO:     Application startup complete.
ERROR:    [Errno 10048] error while attempting to bind on address ('0.0.0.0', 8000): only one usage of each socket address (protocol/network address/port) is normally permitted
INFO:     Waiting for application shutdown.
INFO:     Application shutdown complete.
INFO:     Started server process [28924]
INFO:     Waiting for application startup.
INFO:     Application startup complete.
ERROR:    [Errno 10048] error while attempting to bind on address ('0.0.0.0', 8000): only one usage of each socket address (protocol/network address/port) is normally permitted
INFO:     Waiting for application shutdown.
INFO:     Application shutdown complete.
INFO:     Started server process [73868]
INFO:     Waiting for application startup.
INFO:     Application startup complete.
ERROR:    [Errno 10048] error while attempting to bind on address ('0.0.0.0', 8000): only one usage of each socket address (protocol/network address/port) is normally permitted
INFO:     Waiting for application shutdown.
INFO:     Application shutdown complete.
INFO:     Started server process [61324]
INFO:     Waiting for application startup.
INFO:     Application startup complete.
ERROR:    [Errno 10048] error while attempting to bind on address ('0.0.0.0', 8000): only one usage of each socket address (protocol/network address/port) is normally permitted
INFO:     Waiting for application shutdown.
INFO:     Application shutdown complete.
INFO:     Started server process [71132]
INFO:     Waiting for application startup.
INFO:     Application startup complete.
ERROR:    [Errno 10048] error while attempting to bind on address ('0.0.0.0', 8000): only one usage of each socket address (protocol/network address/port) is normally permitted
INFO:     Waiting for application shutdown.
INFO:     Application shutdown complete.
INFO:     Started server process [61924]
INFO:     Waiting for application startup.
INFO:     Application startup complete.
ERROR:    [Errno 10048] error while attempting to bind on address ('0.0.0.0', 8000): only one usage of each socket address (protocol/network address/port) is normally permitted
INFO:     Waiting for application shutdown.
INFO:     Application shutdown complete.
INFO:     Started server process [66232]
INFO:     Waiting for application startup.
INFO:     Application startup complete.
ERROR:    [Errno 10048] error while attempting to bind on address ('0.0.0.0', 8000): only one usage of each socket address (protocol/network address/port) is normally permitted
INFO:     Waiting for application shutdown.
INFO:     Application shutdown complete.
INFO:     Started server process [66896]
INFO:     Waiting for application startup.
INFO:     Application startup complete.
ERROR:    [Errno 10048] error while attempting to bind on address ('0.0.0.0', 8000): only one usage of each socket address (protocol/network address/port) is normally permitted
INFO:     Waiting for application shutdown.
INFO:     Application shutdown complete.
INFO:     Started server process [42240]
INFO:     Waiting for application startup.
INFO:     Application startup complete.
ERROR:    [Errno 10048] error while attempting to bind on address ('0.0.0.0', 8000): only one usage of each socket address (protocol/network address/port) is normally permitted
INFO:     Waiting for application shutdown.
INFO:     Application shutdown complete.
INFO:     Started server process [53956]
INFO:     Waiting for application startup.
INFO:     Application startup complete.
ERROR:    [Errno 10048] error while attempting to bind on address ('0.0.0.0', 8000): only one usage of each socket address (protocol/network address/port) is normally permitted
INFO:     Waiting for application shutdown.
INFO:     Application shutdown complete.
INFO:     Started server process [70100]
INFO:     Waiting for application startup.
INFO:     Application startup complete.
ERROR:    [Errno 10048] error while attempting to bind on address ('0.0.0.0', 8000): only one usage of each socket address (protocol/network address/port) is normally permitted
INFO:     Waiting for application shutdown.
INFO:     Application shutdown complete.
INFO:     Started server process [74520]
INFO:     Waiting for application startup.
INFO:     Application startup complete.
ERROR:    [Errno 10048] error while attempting to bind on address ('0.0.0.0', 8000): only one usage of each socket address (protocol/network address/port) is normally permitted
INFO:     Waiting for application shutdown.
INFO:     Application shutdown complete.
INFO:     Started server process [57220]
INFO:     Waiting for application startup.
INFO:     Application startup complete.
ERROR:    [Errno 10048] error while attempting to bind on address ('0.0.0.0', 8000): only one usage of each socket address (protocol/network address/port) is normally permitted
INFO:     Waiting for application shutdown.
INFO:     Application shutdown complete.
INFO:     Started server process [73880]
INFO:     Waiting for application startup.
INFO:     Application startup complete.
ERROR:    [Errno 10048] error while attempting to bind on address ('0.0.0.0', 8000): only one usage of each socket address (protocol/network address/port) is normally permitted
INFO:     Waiting for application shutdown.
INFO:     Application shutdown complete.
INFO:     Started server process [57620]
INFO:     Waiting for application startup.
INFO:     Application startup complete.
ERROR:    [Errno 10048] error while attempting to bind on address ('0.0.0.0', 8000): only one usage of each socket address (protocol/network address/port) is normally permitted
INFO:     Waiting for application shutdown.
INFO:     Application shutdown complete.
INFO:     Started server process [54328]
INFO:     Waiting for application startup.
INFO:     Application startup complete.
ERROR:    [Errno 10048] error while attempting to bind on address ('0.0.0.0', 8000): only one usage of each socket address (protocol/network address/port) is normally permitted
INFO:     Waiting for application shutdown.
INFO:     Application shutdown complete.
INFO:     Started server process [54180]
INFO:     Waiting for application startup.
INFO:     Application startup complete.
ERROR:    [Errno 10048] error while attempting to bind on address ('0.0.0.0', 8000): only one usage of each socket address (protocol/network address/port) is normally permitted
INFO:     Waiting for application shutdown.
INFO:     Application shutdown complete.
INFO:     Started server process [36992]
INFO:     Waiting for application startup.
INFO:     Application startup complete.
ERROR:    [Errno 10048] error while attempting to bind on address ('0.0.0.0', 8000): only one usage of each socket address (protocol/network address/port) is normally permitted
INFO:     Waiting for application shutdown.
INFO:     Application shutdown complete.
INFO:     Started server process [72060]
INFO:     Waiting for application startup.
INFO:     Application startup complete.
ERROR:    [Errno 10048] error while attempting to bind on address ('0.0.0.0', 8000): only one usage of each socket address (protocol/network address/port) is normally permitted
INFO:     Waiting for application shutdown.
INFO:     Application shutdown complete.
INFO:     Started server process [59052]
INFO:     Waiting for application startup.
INFO:     Application startup complete.
ERROR:    [Errno 10048] error while attempting to bind on address ('0.0.0.0', 8000): only one usage of each socket address (protocol/network address/port) is normally permitted
INFO:     Waiting for application shutdown.
INFO:     Application shutdown complete.
INFO:     Started server process [73996]
INFO:     Waiting for application startup.
INFO:     Application startup complete.
ERROR:    [Errno 10048] error while attempting to bind on address ('0.0.0.0', 8000): only one usage of each socket address (protocol/network address/port) is normally permitted
INFO:     Waiting for application shutdown.
INFO:     Application shutdown complete.
INFO:     Started server process [73508]
INFO:     Waiting for application startup.
INFO:     Application startup complete.
ERROR:    [Errno 10048] error while attempting to bind on address ('0.0.0.0', 8000): only one usage of each socket address (protocol/network address/port) is normally permitted
INFO:     Waiting for application shutdown.
INFO:     Application shutdown complete.
INFO:     Started server process [72832]
INFO:     Waiting for application startup.
INFO:     Application startup complete.
ERROR:    [Errno 10048] error while attempting to bind on address ('0.0.0.0', 8000): only one usage of each socket address (protocol/network address/port) is normally permitted
INFO:     Waiting for application shutdown.
INFO:     Application shutdown complete.
INFO:     Started server process [66116]
INFO:     Waiting for application startup.
INFO:     Application startup complete.
ERROR:    [Errno 10048] error while attempting to bind on address ('0.0.0.0', 8000): only one usage of each socket address (protocol/network address/port) is normally permitted
INFO:     Waiting for application shutdown.
INFO:     Application shutdown complete.
INFO:     Started server process [73320]
INFO:     Waiting for application startup.
INFO:     Application startup complete.
ERROR:    [Errno 10048] error while attempting to bind on address ('0.0.0.0', 8000): only one usage of each socket address (protocol/network address/port) is normally permitted
INFO:     Waiting for application shutdown.
INFO:     Application shutdown complete.
INFO:     Started server process [15752]
INFO:     Waiting for application startup.
INFO:     Application startup complete.
ERROR:    [Errno 10048] error while attempting to bind on address ('0.0.0.0', 8000): only one usage of each socket address (protocol/network address/port) is normally permitted
INFO:     Waiting for application shutdown.
INFO:     Application shutdown complete.
INFO:     Started server process [54560]
INFO:     Waiting for application startup.
INFO:     Application startup complete.
ERROR:    [Errno 10048] error while attempting to bind on address ('0.0.0.0', 8000): only one usage of each socket address (protocol/network address/port) is normally permitted
INFO:     Waiting for application shutdown.
INFO:     Application shutdown complete.
INFO:     Started server process [74232]
INFO:     Waiting for application startup.
INFO:     Application startup complete.
ERROR:    [Errno 10048] error while attempting to bind on address ('0.0.0.0', 8000): only one usage of each socket address (protocol/network address/port) is normally permitted
INFO:     Waiting for application shutdown.
INFO:     Application shutdown complete.
INFO:     Started server process [69500]
INFO:     Waiting for application startup.
INFO:     Application startup complete.
ERROR:    [Errno 10048] error while attempting to bind on address ('0.0.0.0', 8000): only one usage of each socket address (protocol/network address/port) is normally permitted
INFO:     Waiting for application shutdown.
INFO:     Application shutdown complete.
INFO:     Started server process [75560]
INFO:     Waiting for application startup.
INFO:     Application startup complete.
ERROR:    [Errno 10048] error while attempting to bind on address ('0.0.0.0', 8000): only one usage of each socket address (protocol/network address/port) is normally permitted
INFO:     Waiting for application shutdown.
INFO:     Application shutdown complete.
INFO:     Started server process [63516]
INFO:     Waiting for application startup.
INFO:     Application startup complete.
ERROR:    [Errno 10048] error while attempting to bind on address ('0.0.0.0', 8000): only one usage of each socket address (protocol/network address/port) is normally permitted
INFO:     Waiting for application shutdown.
INFO:     Application shutdown complete.
INFO:     Started server process [75448]
INFO:     Waiting for application startup.
INFO:     Application startup complete.
ERROR:    [Errno 10048] error while attempting to bind on address ('0.0.0.0', 8000): only one usage of each socket address (protocol/network address/port) is normally permitted
INFO:     Waiting for application shutdown.
INFO:     Application shutdown complete.
INFO:     Started server process [72296]
INFO:     Waiting for application startup.
INFO:     Application startup complete.
ERROR:    [Errno 10048] error while attempting to bind on address ('0.0.0.0', 8000): only one usage of each socket address (protocol/network address/port) is normally permitted
INFO:     Waiting for application shutdown.
INFO:     Application shutdown complete.
INFO:     Started server process [71796]
INFO:     Waiting for application startup.
INFO:     Application startup complete.
ERROR:    [Errno 10048] error while attempting to bind on address ('0.0.0.0', 8000): only one usage of each socket address (protocol/network address/port) is normally permitted
INFO:     Waiting for application shutdown.
INFO:     Application shutdown complete.
INFO:     Started server process [75700]
INFO:     Waiting for application startup.
INFO:     Application startup complete.
ERROR:    [Errno 10048] error while attempting to bind on address ('0.0.0.0', 8000): only one usage of each socket address (protocol/network address/port) is normally permitted
INFO:     Waiting for application shutdown.
INFO:     Application shutdown complete.
INFO:     Started server process [75528]
INFO:     Waiting for application startup.
INFO:     Application startup complete.
ERROR:    [Errno 10048] error while attempting to bind on address ('0.0.0.0', 8000): only one usage of each socket address (protocol/network address/port) is normally permitted
INFO:     Waiting for application shutdown.
INFO:     Application shutdown complete.
INFO:     Started server process [62480]
INFO:     Waiting for application startup.
INFO:     Application startup complete.
ERROR:    [Errno 10048] error while attempting to bind on address ('0.0.0.0', 8000): only one usage of each socket address (protocol/network address/port) is normally permitted
INFO:     Waiting for application shutdown.
INFO:     Application shutdown complete.
INFO:     Started server process [64632]
INFO:     Waiting for application startup.
INFO:     Application startup complete.
ERROR:    [Errno 10048] error while attempting to bind on address ('0.0.0.0', 8000): only one usage of each socket address (protocol/network address/port) is normally permitted
INFO:     Waiting for application shutdown.
INFO:     Application shutdown complete.
INFO:     Started server process [75680]
INFO:     Waiting for application startup.
INFO:     Application startup complete.
ERROR:    [Errno 10048] error while attempting to bind on address ('0.0.0.0', 8000): only one usage of each socket address (protocol/network address/port) is normally permitted
INFO:     Waiting for application shutdown.
INFO:     Application shutdown complete.
INFO:     Started server process [75372]
INFO:     Waiting for application startup.
INFO:     Application startup complete.
ERROR:    [Errno 10048] error while attempting to bind on address ('0.0.0.0', 8000): only one usage of each socket address (protocol/network address/port) is normally permitted
INFO:     Waiting for application shutdown.
INFO:     Application shutdown complete.
INFO:     Started server process [63456]
INFO:     Waiting for application startup.
INFO:     Application startup complete.
ERROR:    [Errno 10048] error while attempting to bind on address ('0.0.0.0', 8000): only one usage of each socket address (protocol/network address/port) is normally permitted
INFO:     Waiting for application shutdown.
INFO:     Application shutdown complete.
INFO:     Started server process [75640]
INFO:     Waiting for application startup.
INFO:     Application startup complete.
ERROR:    [Errno 10048] error while attempting to bind on address ('0.0.0.0', 8000): only one usage of each socket address (protocol/network address/port) is normally permitted
INFO:     Waiting for application shutdown.
INFO:     Application shutdown complete.
INFO:     Started server process [7504]
INFO:     Waiting for application startup.
INFO:     Application startup complete.
ERROR:    [Errno 10048] error while attempting to bind on address ('0.0.0.0', 8000): only one usage of each socket address (protocol/network address/port) is normally permitted
INFO:     Waiting for application shutdown.
INFO:     Application shutdown complete.
INFO:     Started server process [75140]
INFO:     Waiting for application startup.
INFO:     Application startup complete.
ERROR:    [Errno 10048] error while attempting to bind on address ('0.0.0.0', 8000): only one usage of each socket address (protocol/network address/port) is normally permitted
INFO:     Waiting for application shutdown.
INFO:     Application shutdown complete.
INFO:     Started server process [71580]
INFO:     Waiting for application startup.
INFO:     Application startup complete.
ERROR:    [Errno 10048] error while attempting to bind on address ('0.0.0.0', 8000): only one usage of each socket address (protocol/network address/port) is normally permitted
INFO:     Waiting for application shutdown.
INFO:     Application shutdown complete.
INFO:     Started server process [69312]
INFO:     Waiting for application startup.
INFO:     Application startup complete.
ERROR:    [Errno 10048] error while attempting to bind on address ('0.0.0.0', 8000): only one usage of each socket address (protocol/network address/port) is normally permitted
INFO:     Waiting for application shutdown.
INFO:     Application shutdown complete.
INFO:     Started server process [74036]
INFO:     Waiting for application startup.
INFO:     Application startup complete.
ERROR:    [Errno 10048] error while attempting to bind on address ('0.0.0.0', 8000): only one usage of each socket address (protocol/network address/port) is normally permitted
INFO:     Waiting for application shutdown.
INFO:     Application shutdown complete.
INFO:     Started server process [66952]
INFO:     Waiting for application startup.
INFO:     Application startup complete.
ERROR:    [Errno 10048] error while attempting to bind on address ('0.0.0.0', 8000): only one usage of each socket address (protocol/network address/port) is normally permitted
INFO:     Waiting for application shutdown.
INFO:     Application shutdown complete.
INFO:     Started server process [62032]
INFO:     Waiting for application startup.
INFO:     Application startup complete.
ERROR:    [Errno 10048] error while attempting to bind on address ('0.0.0.0', 8000): only one usage of each socket address (protocol/network address/port) is normally permitted
INFO:     Waiting for application shutdown.
INFO:     Application shutdown complete.
INFO:     Started server process [73668]
INFO:     Waiting for application startup.
INFO:     Application startup complete.
ERROR:    [Errno 10048] error while attempting to bind on address ('0.0.0.0', 8000): only one usage of each socket address (protocol/network address/port) is normally permitted
INFO:     Waiting for application shutdown.
INFO:     Application shutdown complete.
INFO:     Started server process [66684]
INFO:     Waiting for application startup.
INFO:     Application startup complete.
ERROR:    [Errno 10048] error while attempting to bind on address ('0.0.0.0', 8000): only one usage of each socket address (protocol/network address/port) is normally permitted
INFO:     Waiting for application shutdown.
INFO:     Application shutdown complete.
INFO:     Started server process [70036]
INFO:     Waiting for application startup.
INFO:     Application startup complete.
ERROR:    [Errno 10048] error while attempting to bind on address ('0.0.0.0', 8000): only one usage of each socket address (protocol/network address/port) is normally permitted
INFO:     Waiting for application shutdown.
INFO:     Application shutdown complete.
INFO:     Started server process [73692]
INFO:     Waiting for application startup.
INFO:     Application startup complete.
ERROR:    [Errno 10048] error while attempting to bind on address ('0.0.0.0', 8000): only one usage of each socket address (protocol/network address/port) is normally permitted
INFO:     Waiting for application shutdown.
INFO:     Application shutdown complete.
INFO:     Started server process [71916]
INFO:     Waiting for application startup.
INFO:     Application startup complete.
ERROR:    [Errno 10048] error while attempting to bind on address ('0.0.0.0', 8000): only one usage of each socket address (protocol/network address/port) is normally permitted
INFO:     Waiting for application shutdown.
INFO:     Application shutdown complete.
INFO:     Started server process [70512]
INFO:     Waiting for application startup.
INFO:     Application startup complete.
ERROR:    [Errno 10048] error while attempting to bind on address ('0.0.0.0', 8000): only one usage of each socket address (protocol/network address/port) is normally permitted
INFO:     Waiting for application shutdown.
INFO:     Application shutdown complete.
INFO:     Started server process [67776]
INFO:     Waiting for application startup.
INFO:     Application startup complete.
ERROR:    [Errno 10048] error while attempting to bind on address ('0.0.0.0', 8000): only one usage of each socket address (protocol/network address/port) is normally permitted
INFO:     Waiting for application shutdown.
INFO:     Application shutdown complete.
INFO:     Started server process [58976]
INFO:     Waiting for application startup.
INFO:     Application startup complete.
ERROR:    [Errno 10048] error while attempting to bind on address ('0.0.0.0', 8000): only one usage of each socket address (protocol/network address/port) is normally permitted
INFO:     Waiting for application shutdown.
INFO:     Application shutdown complete.
INFO:     Started server process [74920]
INFO:     Waiting for application startup.
INFO:     Application startup complete.
ERROR:    [Errno 10048] error while attempting to bind on address ('0.0.0.0', 8000): only one usage of each socket address (protocol/network address/port) is normally permitted
INFO:     Waiting for application shutdown.
INFO:     Application shutdown complete.
INFO:     Started server process [74240]
INFO:     Waiting for application startup.
INFO:     Application startup complete.
ERROR:    [Errno 10048] error while attempting to bind on address ('0.0.0.0', 8000): only one usage of each socket address (protocol/network address/port) is normally permitted
INFO:     Waiting for application shutdown.
INFO:     Application shutdown complete.
INFO:     Started server process [54716]
INFO:     Waiting for application startup.
INFO:     Application startup complete.
ERROR:    [Errno 10048] error while attempting to bind on address ('0.0.0.0', 8000): only one usage of each socket address (protocol/network address/port) is normally permitted
INFO:     Waiting for application shutdown.
INFO:     Application shutdown complete.
INFO:     Started server process [9936]
INFO:     Waiting for application startup.
INFO:     Application startup complete.
INFO:     Uvicorn running on http://0.0.0.0:8000 (Press CTRL+C to quit)
INFO:     Started server process [26384]
INFO:     Waiting for application startup.
INFO:     Application startup complete.
INFO:     Uvicorn running on http://0.0.0.0:8000 (Press CTRL+C to quit)
ERROR:    Exception in ASGI application
Traceback (most recent call last):
  File "C:\Users\zqmco\AppData\Local\hermes\hermes-agent\venv\Lib\site-packages\uvicorn\protocols\http\httptools_impl.py", line 399, in run_asgi
    result = await app(  # type: ignore[func-returns-value]
             ^^^^^^^^^^^^^^^^^^^^^^^^^^^^^^^^^^^^^^^^^^^^^^
  File "C:\Users\zqmco\AppData\Local\hermes\hermes-agent\venv\Lib\site-packages\uvicorn\middleware\proxy_headers.py", line 70, in __call__
    return await self.app(scope, receive, send)
           ^^^^^^^^^^^^^^^^^^^^^^^^^^^^^^^^^^^^
  File "C:\Users\zqmco\AppData\Local\hermes\hermes-agent\venv\Lib\site-packages\fastapi\applications.py", line 1054, in __call__
    await super().__call__(scope, receive, send)
  File "C:\Users\zqmco\AppData\Local\hermes\hermes-agent\venv\Lib\site-packages\starlette\applications.py", line 113, in __call__
    await self.middleware_stack(scope, receive, send)
  File "C:\Users\zqmco\AppData\Local\hermes\hermes-agent\venv\Lib\site-packages\starlette\middleware\errors.py", line 187, in __call__
    raise exc
  File "C:\Users\zqmco\AppData\Local\hermes\hermes-agent\venv\Lib\site-packages\starlette\middleware\errors.py", line 165, in __call__
    await self.app(scope, receive, _send)
  File "C:\Users\zqmco\AppData\Local\hermes\hermes-agent\venv\Lib\site-packages\starlette\middleware\cors.py", line 85, in __call__
    await self.app(scope, receive, send)
  File "C:\Users\zqmco\AppData\Local\hermes\hermes-agent\venv\Lib\site-packages\starlette\middleware\exceptions.py", line 62, in __call__
    await wrap_app_handling_exceptions(self.app, conn)(scope, receive, send)
  File "C:\Users\zqmco\AppData\Local\hermes\hermes-agent\venv\Lib\site-packages\starlette\_exception_handler.py", line 62, in wrapped_app
    raise exc
  File "C:\Users\zqmco\AppData\Local\hermes\hermes-agent\venv\Lib\site-packages\starlette\_exception_handler.py", line 51, in wrapped_app
    await app(scope, receive, sender)
  File "C:\Users\zqmco\AppData\Local\hermes\hermes-agent\venv\Lib\site-packages\starlette\routing.py", line 715, in __call__
    await self.middleware_stack(scope, receive, send)
  File "C:\Users\zqmco\AppData\Local\hermes\hermes-agent\venv\Lib\site-packages\starlette\routing.py", line 735, in app
    await route.handle(scope, receive, send)
  File "C:\Users\zqmco\AppData\Local\hermes\hermes-agent\venv\Lib\site-packages\starlette\routing.py", line 288, in handle
    await self.app(scope, receive, send)
  File "C:\Users\zqmco\AppData\Local\hermes\hermes-agent\venv\Lib\site-packages\starlette\routing.py", line 76, in app
    await wrap_app_handling_exceptions(app, request)(scope, receive, send)
  File "C:\Users\zqmco\AppData\Local\hermes\hermes-agent\venv\Lib\site-packages\starlette\_exception_handler.py", line 62, in wrapped_app
    raise exc
  File "C:\Users\zqmco\AppData\Local\hermes\hermes-agent\venv\Lib\site-packages\starlette\_exception_handler.py", line 51, in wrapped_app
    await app(scope, receive, sender)
  File "C:\Users\zqmco\AppData\Local\hermes\hermes-agent\venv\Lib\site-packages\starlette\routing.py", line 73, in app
    response = await f(request)
               ^^^^^^^^^^^^^^^^
  File "C:\Users\zqmco\AppData\Local\hermes\hermes-agent\venv\Lib\site-packages\fastapi\routing.py", line 301, in app
    raw_response = await run_endpoint_function(
                   ^^^^^^^^^^^^^^^^^^^^^^^^^^^^
  File "C:\Users\zqmco\AppData\Local\hermes\hermes-agent\venv\Lib\site-packages\fastapi\routing.py", line 214, in run_endpoint_function
    return await run_in_threadpool(dependant.call, **values)
           ^^^^^^^^^^^^^^^^^^^^^^^^^^^^^^^^^^^^^^^^^^^^^^^^^
  File "C:\Users\zqmco\AppData\Local\hermes\hermes-agent\venv\Lib\site-packages\starlette\concurrency.py", line 39, in run_in_threadpool
    return await anyio.to_thread.run_sync(func, *args)
           ^^^^^^^^^^^^^^^^^^^^^^^^^^^^^^^^^^^^^^^^^^^
  File "C:\Users\zqmco\AppData\Local\hermes\hermes-agent\venv\Lib\site-packages\anyio\to_thread.py", line 63, in run_sync
    return await get_async_backend().run_sync_in_worker_thread(
           ^^^^^^^^^^^^^^^^^^^^^^^^^^^^^^^^^^^^^^^^^^^^^^^^^^^^
  File "C:\Users\zqmco\AppData\Local\hermes\hermes-agent\venv\Lib\site-packages\anyio\_backends\_asyncio.py", line 2502, in run_sync_in_worker_thread
    return await future
           ^^^^^^^^^^^^
  File "C:\Users\zqmco\AppData\Local\hermes\hermes-agent\venv\Lib\site-packages\anyio\_backends\_asyncio.py", line 986, in run
    result = context.run(func, *args)
             ^^^^^^^^^^^^^^^^^^^^^^^^
  File "C:\Users\zqmco\Docker\volusia-portal\backend\main.py", line 114, in pulse_json
    return _get_pulse_data()
           ^^^^^^^^^^^^^^^^^
  File "C:\Users\zqmco\Docker\volusia-portal\backend\main.py", line 119, in _get_pulse_data
    from gamification.scoring import get_pulse
ModuleNotFoundError: No module named 'gamification.scoring'; 'gamification' is not a package
ERROR:    Exception in ASGI application
Traceback (most recent call last):
  File "C:\Users\zqmco\AppData\Local\hermes\hermes-agent\venv\Lib\site-packages\uvicorn\protocols\http\httptools_impl.py", line 399, in run_asgi
    result = await app(  # type: ignore[func-returns-value]
             ^^^^^^^^^^^^^^^^^^^^^^^^^^^^^^^^^^^^^^^^^^^^^^
  File "C:\Users\zqmco\AppData\Local\hermes\hermes-agent\venv\Lib\site-packages\uvicorn\middleware\proxy_headers.py", line 70, in __call__
    return await self.app(scope, receive, send)
           ^^^^^^^^^^^^^^^^^^^^^^^^^^^^^^^^^^^^
  File "C:\Users\zqmco\AppData\Local\hermes\hermes-agent\venv\Lib\site-packages\fastapi\applications.py", line 1054, in __call__
    await super().__call__(scope, receive, send)
  File "C:\Users\zqmco\AppData\Local\hermes\hermes-agent\venv\Lib\site-packages\starlette\applications.py", line 113, in __call__
    await self.middleware_stack(scope, receive, send)
  File "C:\Users\zqmco\AppData\Local\hermes\hermes-agent\venv\Lib\site-packages\starlette\middleware\errors.py", line 187, in __call__
    raise exc
  File "C:\Users\zqmco\AppData\Local\hermes\hermes-agent\venv\Lib\site-packages\starlette\middleware\errors.py", line 165, in __call__
    await self.app(scope, receive, _send)
  File "C:\Users\zqmco\AppData\Local\hermes\hermes-agent\venv\Lib\site-packages\starlette\middleware\cors.py", line 85, in __call__
    await self.app(scope, receive, send)
  File "C:\Users\zqmco\AppData\Local\hermes\hermes-agent\venv\Lib\site-packages\starlette\middleware\exceptions.py", line 62, in __call__
    await wrap_app_handling_exceptions(self.app, conn)(scope, receive, send)
  File "C:\Users\zqmco\AppData\Local\hermes\hermes-agent\venv\Lib\site-packages\starlette\_exception_handler.py", line 62, in wrapped_app
    raise exc
  File "C:\Users\zqmco\AppData\Local\hermes\hermes-agent\venv\Lib\site-packages\starlette\_exception_handler.py", line 51, in wrapped_app
    await app(scope, receive, sender)
  File "C:\Users\zqmco\AppData\Local\hermes\hermes-agent\venv\Lib\site-packages\starlette\routing.py", line 715, in __call__
    await self.middleware_stack(scope, receive, send)
  File "C:\Users\zqmco\AppData\Local\hermes\hermes-agent\venv\Lib\site-packages\starlette\routing.py", line 735, in app
    await route.handle(scope, receive, send)
  File "C:\Users\zqmco\AppData\Local\hermes\hermes-agent\venv\Lib\site-packages\starlette\routing.py", line 288, in handle
    await self.app(scope, receive, send)
  File "C:\Users\zqmco\AppData\Local\hermes\hermes-agent\venv\Lib\site-packages\starlette\routing.py", line 76, in app
    await wrap_app_handling_exceptions(app, request)(scope, receive, send)
  File "C:\Users\zqmco\AppData\Local\hermes\hermes-agent\venv\Lib\site-packages\starlette\_exception_handler.py", line 62, in wrapped_app
    raise exc
  File "C:\Users\zqmco\AppData\Local\hermes\hermes-agent\venv\Lib\site-packages\starlette\_exception_handler.py", line 51, in wrapped_app
    await app(scope, receive, sender)
  File "C:\Users\zqmco\AppData\Local\hermes\hermes-agent\venv\Lib\site-packages\starlette\routing.py", line 73, in app
    response = await f(request)
               ^^^^^^^^^^^^^^^^
  File "C:\Users\zqmco\AppData\Local\hermes\hermes-agent\venv\Lib\site-packages\fastapi\routing.py", line 301, in app
    raw_response = await run_endpoint_function(
                   ^^^^^^^^^^^^^^^^^^^^^^^^^^^^
  File "C:\Users\zqmco\AppData\Local\hermes\hermes-agent\venv\Lib\site-packages\fastapi\routing.py", line 214, in run_endpoint_function
    return await run_in_threadpool(dependant.call, **values)
           ^^^^^^^^^^^^^^^^^^^^^^^^^^^^^^^^^^^^^^^^^^^^^^^^^
  File "C:\Users\zqmco\AppData\Local\hermes\hermes-agent\venv\Lib\site-packages\starlette\concurrency.py", line 39, in run_in_threadpool
    return await anyio.to_thread.run_sync(func, *args)
           ^^^^^^^^^^^^^^^^^^^^^^^^^^^^^^^^^^^^^^^^^^^
  File "C:\Users\zqmco\AppData\Local\hermes\hermes-agent\venv\Lib\site-packages\anyio\to_thread.py", line 63, in run_sync
    return await get_async_backend().run_sync_in_worker_thread(
           ^^^^^^^^^^^^^^^^^^^^^^^^^^^^^^^^^^^^^^^^^^^^^^^^^^^^
  File "C:\Users\zqmco\AppData\Local\hermes\hermes-agent\venv\Lib\site-packages\anyio\_backends\_asyncio.py", line 2502, in run_sync_in_worker_thread
    return await future
           ^^^^^^^^^^^^
  File "C:\Users\zqmco\AppData\Local\hermes\hermes-agent\venv\Lib\site-packages\anyio\_backends\_asyncio.py", line 986, in run
    result = context.run(func, *args)
             ^^^^^^^^^^^^^^^^^^^^^^^^
  File "C:\Users\zqmco\Docker\volusia-portal\backend\main.py", line 114, in pulse_json
    return _get_pulse_data()
           ^^^^^^^^^^^^^^^^^
  File "C:\Users\zqmco\Docker\volusia-portal\backend\main.py", line 119, in _get_pulse_data
    from gamification.scoring import get_pulse
ModuleNotFoundError: No module named 'gamification.scoring'; 'gamification' is not a package
ERROR:    Exception in ASGI application
Traceback (most recent call last):
  File "C:\Users\zqmco\AppData\Local\hermes\hermes-agent\venv\Lib\site-packages\uvicorn\protocols\http\httptools_impl.py", line 399, in run_asgi
    result = await app(  # type: ignore[func-returns-value]
             ^^^^^^^^^^^^^^^^^^^^^^^^^^^^^^^^^^^^^^^^^^^^^^
  File "C:\Users\zqmco\AppData\Local\hermes\hermes-agent\venv\Lib\site-packages\uvicorn\middleware\proxy_headers.py", line 70, in __call__
    return await self.app(scope, receive, send)
           ^^^^^^^^^^^^^^^^^^^^^^^^^^^^^^^^^^^^
  File "C:\Users\zqmco\AppData\Local\hermes\hermes-agent\venv\Lib\site-packages\fastapi\applications.py", line 1054, in __call__
    await super().__call__(scope, receive, send)
  File "C:\Users\zqmco\AppData\Local\hermes\hermes-agent\venv\Lib\site-packages\starlette\applications.py", line 113, in __call__
    await self.middleware_stack(scope, receive, send)
  File "C:\Users\zqmco\AppData\Local\hermes\hermes-agent\venv\Lib\site-packages\starlette\middleware\errors.py", line 187, in __call__
    raise exc
  File "C:\Users\zqmco\AppData\Local\hermes\hermes-agent\venv\Lib\site-packages\starlette\middleware\errors.py", line 165, in __call__
    await self.app(scope, receive, _send)
  File "C:\Users\zqmco\AppData\Local\hermes\hermes-agent\venv\Lib\site-packages\starlette\middleware\cors.py", line 85, in __call__
    await self.app(scope, receive, send)
  File "C:\Users\zqmco\AppData\Local\hermes\hermes-agent\venv\Lib\site-packages\starlette\middleware\exceptions.py", line 62, in __call__
    await wrap_app_handling_exceptions(self.app, conn)(scope, receive, send)
  File "C:\Users\zqmco\AppData\Local\hermes\hermes-agent\venv\Lib\site-packages\starlette\_exception_handler.py", line 62, in wrapped_app
    raise exc
  File "C:\Users\zqmco\AppData\Local\hermes\hermes-agent\venv\Lib\site-packages\starlette\_exception_handler.py", line 51, in wrapped_app
    await app(scope, receive, sender)
  File "C:\Users\zqmco\AppData\Local\hermes\hermes-agent\venv\Lib\site-packages\starlette\routing.py", line 715, in __call__
    await self.middleware_stack(scope, receive, send)
  File "C:\Users\zqmco\AppData\Local\hermes\hermes-agent\venv\Lib\site-packages\starlette\routing.py", line 735, in app
    await route.handle(scope, receive, send)
  File "C:\Users\zqmco\AppData\Local\hermes\hermes-agent\venv\Lib\site-packages\starlette\routing.py", line 288, in handle
    await self.app(scope, receive, send)
  File "C:\Users\zqmco\AppData\Local\hermes\hermes-agent\venv\Lib\site-packages\starlette\routing.py", line 76, in app
    await wrap_app_handling_exceptions(app, request)(scope, receive, send)
  File "C:\Users\zqmco\AppData\Local\hermes\hermes-agent\venv\Lib\site-packages\starlette\_exception_handler.py", line 62, in wrapped_app
    raise exc
  File "C:\Users\zqmco\AppData\Local\hermes\hermes-agent\venv\Lib\site-packages\starlette\_exception_handler.py", line 51, in wrapped_app
    await app(scope, receive, sender)
  File "C:\Users\zqmco\AppData\Local\hermes\hermes-agent\venv\Lib\site-packages\starlette\routing.py", line 73, in app
    response = await f(request)
               ^^^^^^^^^^^^^^^^
  File "C:\Users\zqmco\AppData\Local\hermes\hermes-agent\venv\Lib\site-packages\fastapi\routing.py", line 301, in app
    raw_response = await run_endpoint_function(
                   ^^^^^^^^^^^^^^^^^^^^^^^^^^^^
  File "C:\Users\zqmco\AppData\Local\hermes\hermes-agent\venv\Lib\site-packages\fastapi\routing.py", line 214, in run_endpoint_function
    return await run_in_threadpool(dependant.call, **values)
           ^^^^^^^^^^^^^^^^^^^^^^^^^^^^^^^^^^^^^^^^^^^^^^^^^
  File "C:\Users\zqmco\AppData\Local\hermes\hermes-agent\venv\Lib\site-packages\starlette\concurrency.py", line 39, in run_in_threadpool
    return await anyio.to_thread.run_sync(func, *args)
           ^^^^^^^^^^^^^^^^^^^^^^^^^^^^^^^^^^^^^^^^^^^
  File "C:\Users\zqmco\AppData\Local\hermes\hermes-agent\venv\Lib\site-packages\anyio\to_thread.py", line 63, in run_sync
    return await get_async_backend().run_sync_in_worker_thread(
           ^^^^^^^^^^^^^^^^^^^^^^^^^^^^^^^^^^^^^^^^^^^^^^^^^^^^
  File "C:\Users\zqmco\AppData\Local\hermes\hermes-agent\venv\Lib\site-packages\anyio\_backends\_asyncio.py", line 2502, in run_sync_in_worker_thread
    return await future
           ^^^^^^^^^^^^
  File "C:\Users\zqmco\AppData\Local\hermes\hermes-agent\venv\Lib\site-packages\anyio\_backends\_asyncio.py", line 986, in run
    result = context.run(func, *args)
             ^^^^^^^^^^^^^^^^^^^^^^^^
  File "C:\Users\zqmco\Docker\volusia-portal\backend\main.py", line 114, in pulse_json
    return _get_pulse_data()
           ^^^^^^^^^^^^^^^^^
  File "C:\Users\zqmco\Docker\volusia-portal\backend\main.py", line 119, in _get_pulse_data
    from gamification.scoring import get_pulse
ModuleNotFoundError: No module named 'gamification.scoring'; 'gamification' is not a package
INFO:     Started server process [33284]
INFO:     Waiting for application startup.
INFO:     Application startup complete.
INFO:     Uvicorn running on http://0.0.0.0:8000 (Press CTRL+C to quit)
ERROR:    Exception in ASGI application
Traceback (most recent call last):
  File "C:\Users\zqmco\AppData\Local\hermes\hermes-agent\venv\Lib\site-packages\uvicorn\protocols\http\httptools_impl.py", line 399, in run_asgi
    result = await app(  # type: ignore[func-returns-value]
             ^^^^^^^^^^^^^^^^^^^^^^^^^^^^^^^^^^^^^^^^^^^^^^
  File "C:\Users\zqmco\AppData\Local\hermes\hermes-agent\venv\Lib\site-packages\uvicorn\middleware\proxy_headers.py", line 70, in __call__
    return await self.app(scope, receive, send)
           ^^^^^^^^^^^^^^^^^^^^^^^^^^^^^^^^^^^^
  File "C:\Users\zqmco\AppData\Local\hermes\hermes-agent\venv\Lib\site-packages\fastapi\applications.py", line 1054, in __call__
    await super().__call__(scope, receive, send)
  File "C:\Users\zqmco\AppData\Local\hermes\hermes-agent\venv\Lib\site-packages\starlette\applications.py", line 113, in __call__
    await self.middleware_stack(scope, receive, send)
  File "C:\Users\zqmco\AppData\Local\hermes\hermes-agent\venv\Lib\site-packages\starlette\middleware\errors.py", line 187, in __call__
    raise exc
  File "C:\Users\zqmco\AppData\Local\hermes\hermes-agent\venv\Lib\site-packages\starlette\middleware\errors.py", line 165, in __call__
    await self.app(scope, receive, _send)
  File "C:\Users\zqmco\AppData\Local\hermes\hermes-agent\venv\Lib\site-packages\starlette\middleware\cors.py", line 85, in __call__
    await self.app(scope, receive, send)
  File "C:\Users\zqmco\AppData\Local\hermes\hermes-agent\venv\Lib\site-packages\starlette\middleware\exceptions.py", line 62, in __call__
    await wrap_app_handling_exceptions(self.app, conn)(scope, receive, send)
  File "C:\Users\zqmco\AppData\Local\hermes\hermes-agent\venv\Lib\site-packages\starlette\_exception_handler.py", line 62, in wrapped_app
    raise exc
  File "C:\Users\zqmco\AppData\Local\hermes\hermes-agent\venv\Lib\site-packages\starlette\_exception_handler.py", line 51, in wrapped_app
    await app(scope, receive, sender)
  File "C:\Users\zqmco\AppData\Local\hermes\hermes-agent\venv\Lib\site-packages\starlette\routing.py", line 715, in __call__
    await self.middleware_stack(scope, receive, send)
  File "C:\Users\zqmco\AppData\Local\hermes\hermes-agent\venv\Lib\site-packages\starlette\routing.py", line 735, in app
    await route.handle(scope, receive, send)
  File "C:\Users\zqmco\AppData\Local\hermes\hermes-agent\venv\Lib\site-packages\starlette\routing.py", line 288, in handle
    await self.app(scope, receive, send)
  File "C:\Users\zqmco\AppData\Local\hermes\hermes-agent\venv\Lib\site-packages\starlette\routing.py", line 76, in app
    await wrap_app_handling_exceptions(app, request)(scope, receive, send)
  File "C:\Users\zqmco\AppData\Local\hermes\hermes-agent\venv\Lib\site-packages\starlette\_exception_handler.py", line 62, in wrapped_app
    raise exc
  File "C:\Users\zqmco\AppData\Local\hermes\hermes-agent\venv\Lib\site-packages\starlette\_exception_handler.py", line 51, in wrapped_app
    await app(scope, receive, sender)
  File "C:\Users\zqmco\AppData\Local\hermes\hermes-agent\venv\Lib\site-packages\starlette\routing.py", line 73, in app
    response = await f(request)
               ^^^^^^^^^^^^^^^^
  File "C:\Users\zqmco\AppData\Local\hermes\hermes-agent\venv\Lib\site-packages\fastapi\routing.py", line 301, in app
    raw_response = await run_endpoint_function(
                   ^^^^^^^^^^^^^^^^^^^^^^^^^^^^
  File "C:\Users\zqmco\AppData\Local\hermes\hermes-agent\venv\Lib\site-packages\fastapi\routing.py", line 214, in run_endpoint_function
    return await run_in_threadpool(dependant.call, **values)
           ^^^^^^^^^^^^^^^^^^^^^^^^^^^^^^^^^^^^^^^^^^^^^^^^^
  File "C:\Users\zqmco\AppData\Local\hermes\hermes-agent\venv\Lib\site-packages\starlette\concurrency.py", line 39, in run_in_threadpool
    return await anyio.to_thread.run_sync(func, *args)
           ^^^^^^^^^^^^^^^^^^^^^^^^^^^^^^^^^^^^^^^^^^^
  File "C:\Users\zqmco\AppData\Local\hermes\hermes-agent\venv\Lib\site-packages\anyio\to_thread.py", line 63, in run_sync
    return await get_async_backend().run_sync_in_worker_thread(
           ^^^^^^^^^^^^^^^^^^^^^^^^^^^^^^^^^^^^^^^^^^^^^^^^^^^^
  File "C:\Users\zqmco\AppData\Local\hermes\hermes-agent\venv\Lib\site-packages\anyio\_backends\_asyncio.py", line 2502, in run_sync_in_worker_thread
    return await future
           ^^^^^^^^^^^^
  File "C:\Users\zqmco\AppData\Local\hermes\hermes-agent\venv\Lib\site-packages\anyio\_backends\_asyncio.py", line 986, in run
    result = context.run(func, *args)
             ^^^^^^^^^^^^^^^^^^^^^^^^
  File "C:\Users\zqmco\Docker\volusia-portal\backend\main.py", line 114, in pulse_json
    return _get_pulse_data()
           ^^^^^^^^^^^^^^^^^
  File "C:\Users\zqmco\Docker\volusia-portal\backend\main.py", line 119, in _get_pulse_data
    from gamification.scoring import get_pulse
ModuleNotFoundError: No module named 'gamification.scoring'; 'gamification' is not a package
INFO:     Started server process [22980]
INFO:     Waiting for application startup.
INFO:     Application startup complete.
INFO:     Uvicorn running on http://0.0.0.0:8000 (Press CTRL+C to quit)
ERROR:    Exception in ASGI application
Traceback (most recent call last):
  File "C:\Users\zqmco\AppData\Local\hermes\hermes-agent\venv\Lib\site-packages\uvicorn\protocols\http\httptools_impl.py", line 399, in run_asgi
    result = await app(  # type: ignore[func-returns-value]
             ^^^^^^^^^^^^^^^^^^^^^^^^^^^^^^^^^^^^^^^^^^^^^^
  File "C:\Users\zqmco\AppData\Local\hermes\hermes-agent\venv\Lib\site-packages\uvicorn\middleware\proxy_headers.py", line 70, in __call__
    return await self.app(scope, receive, send)
           ^^^^^^^^^^^^^^^^^^^^^^^^^^^^^^^^^^^^
  File "C:\Users\zqmco\AppData\Local\hermes\hermes-agent\venv\Lib\site-packages\fastapi\applications.py", line 1054, in __call__
    await super().__call__(scope, receive, send)
  File "C:\Users\zqmco\AppData\Local\hermes\hermes-agent\venv\Lib\site-packages\starlette\applications.py", line 113, in __call__
    await self.middleware_stack(scope, receive, send)
  File "C:\Users\zqmco\AppData\Local\hermes\hermes-agent\venv\Lib\site-packages\starlette\middleware\errors.py", line 187, in __call__
    raise exc
  File "C:\Users\zqmco\AppData\Local\hermes\hermes-agent\venv\Lib\site-packages\starlette\middleware\errors.py", line 165, in __call__
    await self.app(scope, receive, _send)
  File "C:\Users\zqmco\AppData\Local\hermes\hermes-agent\venv\Lib\site-packages\starlette\middleware\cors.py", line 85, in __call__
    await self.app(scope, receive, send)
  File "C:\Users\zqmco\AppData\Local\hermes\hermes-agent\venv\Lib\site-packages\starlette\middleware\exceptions.py", line 62, in __call__
    await wrap_app_handling_exceptions(self.app, conn)(scope, receive, send)
  File "C:\Users\zqmco\AppData\Local\hermes\hermes-agent\venv\Lib\site-packages\starlette\_exception_handler.py", line 62, in wrapped_app
    raise exc
  File "C:\Users\zqmco\AppData\Local\hermes\hermes-agent\venv\Lib\site-packages\starlette\_exception_handler.py", line 51, in wrapped_app
    await app(scope, receive, sender)
  File "C:\Users\zqmco\AppData\Local\hermes\hermes-agent\venv\Lib\site-packages\starlette\routing.py", line 715, in __call__
    await self.middleware_stack(scope, receive, send)
  File "C:\Users\zqmco\AppData\Local\hermes\hermes-agent\venv\Lib\site-packages\starlette\routing.py", line 735, in app
    await route.handle(scope, receive, send)
  File "C:\Users\zqmco\AppData\Local\hermes\hermes-agent\venv\Lib\site-packages\starlette\routing.py", line 288, in handle
    await self.app(scope, receive, send)
  File "C:\Users\zqmco\AppData\Local\hermes\hermes-agent\venv\Lib\site-packages\starlette\routing.py", line 76, in app
    await wrap_app_handling_exceptions(app, request)(scope, receive, send)
  File "C:\Users\zqmco\AppData\Local\hermes\hermes-agent\venv\Lib\site-packages\starlette\_exception_handler.py", line 62, in wrapped_app
    raise exc
  File "C:\Users\zqmco\AppData\Local\hermes\hermes-agent\venv\Lib\site-packages\starlette\_exception_handler.py", line 51, in wrapped_app
    await app(scope, receive, sender)
  File "C:\Users\zqmco\AppData\Local\hermes\hermes-agent\venv\Lib\site-packages\starlette\routing.py", line 73, in app
    response = await f(request)
               ^^^^^^^^^^^^^^^^
  File "C:\Users\zqmco\AppData\Local\hermes\hermes-agent\venv\Lib\site-packages\fastapi\routing.py", line 301, in app
    raw_response = await run_endpoint_function(
                   ^^^^^^^^^^^^^^^^^^^^^^^^^^^^
  File "C:\Users\zqmco\AppData\Local\hermes\hermes-agent\venv\Lib\site-packages\fastapi\routing.py", line 214, in run_endpoint_function
    return await run_in_threadpool(dependant.call, **values)
           ^^^^^^^^^^^^^^^^^^^^^^^^^^^^^^^^^^^^^^^^^^^^^^^^^
  File "C:\Users\zqmco\AppData\Local\hermes\hermes-agent\venv\Lib\site-packages\starlette\concurrency.py", line 39, in run_in_threadpool
    return await anyio.to_thread.run_sync(func, *args)
           ^^^^^^^^^^^^^^^^^^^^^^^^^^^^^^^^^^^^^^^^^^^
  File "C:\Users\zqmco\AppData\Local\hermes\hermes-agent\venv\Lib\site-packages\anyio\to_thread.py", line 63, in run_sync
    return await get_async_backend().run_sync_in_worker_thread(
           ^^^^^^^^^^^^^^^^^^^^^^^^^^^^^^^^^^^^^^^^^^^^^^^^^^^^
  File "C:\Users\zqmco\AppData\Local\hermes\hermes-agent\venv\Lib\site-packages\anyio\_backends\_asyncio.py", line 2502, in run_sync_in_worker_thread
    return await future
           ^^^^^^^^^^^^
  File "C:\Users\zqmco\AppData\Local\hermes\hermes-agent\venv\Lib\site-packages\anyio\_backends\_asyncio.py", line 986, in run
    result = context.run(func, *args)
             ^^^^^^^^^^^^^^^^^^^^^^^^
  File "C:\Users\zqmco\Docker\volusia-portal\backend\main.py", line 114, in pulse_json
    return _get_pulse_data()
           ^^^^^^^^^^^^^^^^^
  File "C:\Users\zqmco\Docker\volusia-portal\backend\main.py", line 118, in _get_pulse_data
    from gamification.scoring import _gam_state
ModuleNotFoundError: No module named 'gamification.scoring'; 'gamification' is not a package
ERROR:    Exception in ASGI application
Traceback (most recent call last):
  File "C:\Users\zqmco\AppData\Local\hermes\hermes-agent\venv\Lib\site-packages\uvicorn\protocols\http\httptools_impl.py", line 399, in run_asgi
    result = await app(  # type: ignore[func-returns-value]
             ^^^^^^^^^^^^^^^^^^^^^^^^^^^^^^^^^^^^^^^^^^^^^^
  File "C:\Users\zqmco\AppData\Local\hermes\hermes-agent\venv\Lib\site-packages\uvicorn\middleware\proxy_headers.py", line 70, in __call__
    return await self.app(scope, receive, send)
           ^^^^^^^^^^^^^^^^^^^^^^^^^^^^^^^^^^^^
  File "C:\Users\zqmco\AppData\Local\hermes\hermes-agent\venv\Lib\site-packages\fastapi\applications.py", line 1054, in __call__
    await super().__call__(scope, receive, send)
  File "C:\Users\zqmco\AppData\Local\hermes\hermes-agent\venv\Lib\site-packages\starlette\applications.py", line 113, in __call__
    await self.middleware_stack(scope, receive, send)
  File "C:\Users\zqmco\AppData\Local\hermes\hermes-agent\venv\Lib\site-packages\starlette\middleware\errors.py", line 187, in __call__
    raise exc
  File "C:\Users\zqmco\AppData\Local\hermes\hermes-agent\venv\Lib\site-packages\starlette\middleware\errors.py", line 165, in __call__
    await self.app(scope, receive, _send)
  File "C:\Users\zqmco\AppData\Local\hermes\hermes-agent\venv\Lib\site-packages\starlette\middleware\cors.py", line 85, in __call__
    await self.app(scope, receive, send)
  File "C:\Users\zqmco\AppData\Local\hermes\hermes-agent\venv\Lib\site-packages\starlette\middleware\exceptions.py", line 62, in __call__
    await wrap_app_handling_exceptions(self.app, conn)(scope, receive, send)
  File "C:\Users\zqmco\AppData\Local\hermes\hermes-agent\venv\Lib\site-packages\starlette\_exception_handler.py", line 62, in wrapped_app
    raise exc
  File "C:\Users\zqmco\AppData\Local\hermes\hermes-agent\venv\Lib\site-packages\starlette\_exception_handler.py", line 51, in wrapped_app
    await app(scope, receive, sender)
  File "C:\Users\zqmco\AppData\Local\hermes\hermes-agent\venv\Lib\site-packages\starlette\routing.py", line 715, in __call__
    await self.middleware_stack(scope, receive, send)
  File "C:\Users\zqmco\AppData\Local\hermes\hermes-agent\venv\Lib\site-packages\starlette\routing.py", line 735, in app
    await route.handle(scope, receive, send)
  File "C:\Users\zqmco\AppData\Local\hermes\hermes-agent\venv\Lib\site-packages\starlette\routing.py", line 288, in handle
    await self.app(scope, receive, send)
  File "C:\Users\zqmco\AppData\Local\hermes\hermes-agent\venv\Lib\site-packages\starlette\routing.py", line 76, in app
    await wrap_app_handling_exceptions(app, request)(scope, receive, send)
  File "C:\Users\zqmco\AppData\Local\hermes\hermes-agent\venv\Lib\site-packages\starlette\_exception_handler.py", line 62, in wrapped_app
    raise exc
  File "C:\Users\zqmco\AppData\Local\hermes\hermes-agent\venv\Lib\site-packages\starlette\_exception_handler.py", line 51, in wrapped_app
    await app(scope, receive, sender)
  File "C:\Users\zqmco\AppData\Local\hermes\hermes-agent\venv\Lib\site-packages\starlette\routing.py", line 73, in app
    response = await f(request)
               ^^^^^^^^^^^^^^^^
  File "C:\Users\zqmco\AppData\Local\hermes\hermes-agent\venv\Lib\site-packages\fastapi\routing.py", line 301, in app
    raw_response = await run_endpoint_function(
                   ^^^^^^^^^^^^^^^^^^^^^^^^^^^^
  File "C:\Users\zqmco\AppData\Local\hermes\hermes-agent\venv\Lib\site-packages\fastapi\routing.py", line 214, in run_endpoint_function
    return await run_in_threadpool(dependant.call, **values)
           ^^^^^^^^^^^^^^^^^^^^^^^^^^^^^^^^^^^^^^^^^^^^^^^^^
  File "C:\Users\zqmco\AppData\Local\hermes\hermes-agent\venv\Lib\site-packages\starlette\concurrency.py", line 39, in run_in_threadpool
    return await anyio.to_thread.run_sync(func, *args)
           ^^^^^^^^^^^^^^^^^^^^^^^^^^^^^^^^^^^^^^^^^^^
  File "C:\Users\zqmco\AppData\Local\hermes\hermes-agent\venv\Lib\site-packages\anyio\to_thread.py", line 63, in run_sync
    return await get_async_backend().run_sync_in_worker_thread(
           ^^^^^^^^^^^^^^^^^^^^^^^^^^^^^^^^^^^^^^^^^^^^^^^^^^^^
  File "C:\Users\zqmco\AppData\Local\hermes\hermes-agent\venv\Lib\site-packages\anyio\_backends\_asyncio.py", line 2502, in run_sync_in_worker_thread
    return await future
           ^^^^^^^^^^^^
  File "C:\Users\zqmco\AppData\Local\hermes\hermes-agent\venv\Lib\site-packages\anyio\_backends\_asyncio.py", line 986, in run
    result = context.run(func, *args)
             ^^^^^^^^^^^^^^^^^^^^^^^^
  File "C:\Users\zqmco\Docker\volusia-portal\backend\main.py", line 114, in pulse_json
    return _get_pulse_data()
           ^^^^^^^^^^^^^^^^^
  File "C:\Users\zqmco\Docker\volusia-portal\backend\main.py", line 118, in _get_pulse_data
    from gamification.scoring import _gam_state
ModuleNotFoundError: No module named 'gamification.scoring'; 'gamification' is not a package
INFO:     Started server process [27908]
INFO:     Waiting for application startup.
INFO:     Application startup complete.
ERROR:    [Errno 10048] error while attempting to bind on address ('0.0.0.0', 8000): only one usage of each socket address (protocol/network address/port) is normally permitted
INFO:     Waiting for application shutdown.
INFO:     Application shutdown complete.
INFO:     Started server process [30248]
INFO:     Waiting for application startup.
INFO:     Application startup complete.
ERROR:    [Errno 10048] error while attempting to bind on address ('0.0.0.0', 8000): only one usage of each socket address (protocol/network address/port) is normally permitted
INFO:     Waiting for application shutdown.
INFO:     Application shutdown complete.
INFO:     Started server process [28284]
INFO:     Waiting for application startup.
INFO:     Application startup complete.
ERROR:    [Errno 10048] error while attempting to bind on address ('0.0.0.0', 8000): only one usage of each socket address (protocol/network address/port) is normally permitted
INFO:     Waiting for application shutdown.
INFO:     Application shutdown complete.
INFO:     Started server process [12860]
INFO:     Waiting for application startup.
INFO:     Application startup complete.
INFO:     Uvicorn running on http://0.0.0.0:8000 (Press CTRL+C to quit)
INFO:     Started server process [29560]
INFO:     Waiting for application startup.
INFO:     Application startup complete.
ERROR:    [Errno 10048] error while attempting to bind on address ('0.0.0.0', 8000): only one usage of each socket address (protocol/network address/port) is normally permitted
INFO:     Waiting for application shutdown.
INFO:     Application shutdown complete.
INFO:     Started server process [29768]
INFO:     Waiting for application startup.
INFO:     Application startup complete.
ERROR:    [Errno 10048] error while attempting to bind on address ('0.0.0.0', 8000): only one usage of each socket address (protocol/network address/port) is normally permitted
INFO:     Waiting for application shutdown.
INFO:     Application shutdown complete.
INFO:     Started server process [6384]
INFO:     Waiting for application startup.
INFO:     Application startup complete.
ERROR:    [Errno 10048] error while attempting to bind on address ('0.0.0.0', 8000): only one usage of each socket address (protocol/network address/port) is normally permitted
INFO:     Waiting for application shutdown.
INFO:     Application shutdown complete.
INFO:     Started server process [2272]
INFO:     Waiting for application startup.
INFO:     Application startup complete.
ERROR:    [Errno 10048] error while attempting to bind on address ('0.0.0.0', 8000): only one usage of each socket address (protocol/network address/port) is normally permitted
INFO:     Waiting for application shutdown.
INFO:     Application shutdown complete.
INFO:     Started server process [16360]
INFO:     Waiting for application startup.
INFO:     Application startup complete.
ERROR:    [Errno 10048] error while attempting to bind on address ('0.0.0.0', 8000): only one usage of each socket address (protocol/network address/port) is normally permitted
INFO:     Waiting for application shutdown.
INFO:     Application shutdown complete.
INFO:     Started server process [9396]
INFO:     Waiting for application startup.
INFO:     Application startup complete.
ERROR:    [Errno 10048] error while attempting to bind on address ('0.0.0.0', 8000): only one usage of each socket address (protocol/network address/port) is normally permitted
INFO:     Waiting for application shutdown.
INFO:     Application shutdown complete.
INFO:     Started server process [31764]
INFO:     Waiting for application startup.
INFO:     Application startup complete.
ERROR:    [Errno 10048] error while attempting to bind on address ('0.0.0.0', 8000): only one usage of each socket address (protocol/network address/port) is normally permitted
INFO:     Waiting for application shutdown.
INFO:     Application shutdown complete.
INFO:     Started server process [3736]
INFO:     Waiting for application startup.
INFO:     Application startup complete.
ERROR:    [Errno 10048] error while attempting to bind on address ('0.0.0.0', 8000): only one usage of each socket address (protocol/network address/port) is normally permitted
INFO:     Waiting for application shutdown.
INFO:     Application shutdown complete.
INFO:     Started server process [4996]
INFO:     Waiting for application startup.
INFO:     Application startup complete.
ERROR:    [Errno 10048] error while attempting to bind on address ('0.0.0.0', 8000): only one usage of each socket address (protocol/network address/port) is normally permitted
INFO:     Waiting for application shutdown.
INFO:     Application shutdown complete.
INFO:     Started server process [2860]
INFO:     Waiting for application startup.
INFO:     Application startup complete.
ERROR:    [Errno 10048] error while attempting to bind on address ('0.0.0.0', 8000): only one usage of each socket address (protocol/network address/port) is normally permitted
INFO:     Waiting for application shutdown.
INFO:     Application shutdown complete.
INFO:     Started server process [27064]
INFO:     Waiting for application startup.
INFO:     Application startup complete.
ERROR:    [Errno 10048] error while attempting to bind on address ('0.0.0.0', 8000): only one usage of each socket address (protocol/network address/port) is normally permitted
INFO:     Waiting for application shutdown.
INFO:     Application shutdown complete.
INFO:     Started server process [14792]
INFO:     Waiting for application startup.
INFO:     Application startup complete.
ERROR:    [Errno 10048] error while attempting to bind on address ('0.0.0.0', 8000): only one usage of each socket address (protocol/network address/port) is normally permitted
INFO:     Waiting for application shutdown.
INFO:     Application shutdown complete.
INFO:     Started server process [11344]
INFO:     Waiting for application startup.
INFO:     Application startup complete.
ERROR:    [Errno 10048] error while attempting to bind on address ('0.0.0.0', 8000): only one usage of each socket address (protocol/network address/port) is normally permitted
INFO:     Waiting for application shutdown.
INFO:     Application shutdown complete.
INFO:     Started server process [22940]
INFO:     Waiting for application startup.
INFO:     Application startup complete.
ERROR:    [Errno 10048] error while attempting to bind on address ('0.0.0.0', 8000): only one usage of each socket address (protocol/network address/port) is normally permitted
INFO:     Waiting for application shutdown.
INFO:     Application shutdown complete.
INFO:     Started server process [32628]
INFO:     Waiting for application startup.
INFO:     Application startup complete.
ERROR:    [Errno 10048] error while attempting to bind on address ('0.0.0.0', 8000): only one usage of each socket address (protocol/network address/port) is normally permitted
INFO:     Waiting for application shutdown.
INFO:     Application shutdown complete.
INFO:     Started server process [5256]
INFO:     Waiting for application startup.
INFO:     Application startup complete.
ERROR:    [Errno 10048] error while attempting to bind on address ('0.0.0.0', 8000): only one usage of each socket address (protocol/network address/port) is normally permitted
INFO:     Waiting for application shutdown.
INFO:     Application shutdown complete.
INFO:     Started server process [17636]
INFO:     Waiting for application startup.
INFO:     Application startup complete.
ERROR:    [Errno 10048] error while attempting to bind on address ('0.0.0.0', 8000): only one usage of each socket address (protocol/network address/port) is normally permitted
INFO:     Waiting for application shutdown.
INFO:     Application shutdown complete.
INFO:     Started server process [3240]
INFO:     Waiting for application startup.
INFO:     Application startup complete.
ERROR:    [Errno 10048] error while attempting to bind on address ('0.0.0.0', 8000): only one usage of each socket address (protocol/network address/port) is normally permitted
INFO:     Waiting for application shutdown.
INFO:     Application shutdown complete.
INFO:     Started server process [27896]
INFO:     Waiting for application startup.
INFO:     Application startup complete.
ERROR:    [Errno 10048] error while attempting to bind on address ('0.0.0.0', 8000): only one usage of each socket address (protocol/network address/port) is normally permitted
INFO:     Waiting for application shutdown.
INFO:     Application shutdown complete.
INFO:     Started server process [24236]
INFO:     Waiting for application startup.
INFO:     Application startup complete.
ERROR:    [Errno 10048] error while attempting to bind on address ('0.0.0.0', 8000): only one usage of each socket address (protocol/network address/port) is normally permitted
INFO:     Waiting for application shutdown.
INFO:     Application shutdown complete.
INFO:     Started server process [14816]
INFO:     Waiting for application startup.
INFO:     Application startup complete.
ERROR:    [Errno 10048] error while attempting to bind on address ('0.0.0.0', 8000): only one usage of each socket address (protocol/network address/port) is normally permitted
INFO:     Waiting for application shutdown.
INFO:     Application shutdown complete.
INFO:     Started server process [18672]
INFO:     Waiting for application startup.
INFO:     Application startup complete.
ERROR:    [Errno 10048] error while attempting to bind on address ('0.0.0.0', 8000): only one usage of each socket address (protocol/network address/port) is normally permitted
INFO:     Waiting for application shutdown.
INFO:     Application shutdown complete.
INFO:     Started server process [11000]
INFO:     Waiting for application startup.
INFO:     Application startup complete.
ERROR:    [Errno 10048] error while attempting to bind on address ('0.0.0.0', 8000): only one usage of each socket address (protocol/network address/port) is normally permitted
INFO:     Waiting for application shutdown.
INFO:     Application shutdown complete.
INFO:     Started server process [13108]
INFO:     Waiting for application startup.
INFO:     Application startup complete.
ERROR:    [Errno 10048] error while attempting to bind on address ('0.0.0.0', 8000): only one usage of each socket address (protocol/network address/port) is normally permitted
INFO:     Waiting for application shutdown.
INFO:     Application shutdown complete.
INFO:     Started server process [29232]
INFO:     Waiting for application startup.
INFO:     Application startup complete.
INFO:     Uvicorn running on http://0.0.0.0:8000 (Press CTRL+C to quit)
INFO:     Started server process [25548]
INFO:     Waiting for application startup.
INFO:     Application startup complete.
INFO:     Uvicorn running on http://0.0.0.0:8000 (Press CTRL+C to quit)
INFO:     Started server process [9068]
INFO:     Waiting for application startup.
INFO:     Application startup complete.
INFO:     Uvicorn running on http://0.0.0.0:8000 (Press CTRL+C to quit)
INFO:     Started server process [23220]
INFO:     Waiting for application startup.
INFO:     Application startup complete.
INFO:     Uvicorn running on http://0.0.0.0:8000 (Press CTRL+C to quit)
ERROR:    Exception in ASGI application
Traceback (most recent call last):
  File "C:\Users\zqmco\AppData\Local\hermes\hermes-agent\venv\Lib\site-packages\uvicorn\protocols\http\httptools_impl.py", line 399, in run_asgi
    result = await app(  # type: ignore[func-returns-value]
             ^^^^^^^^^^^^^^^^^^^^^^^^^^^^^^^^^^^^^^^^^^^^^^
  File "C:\Users\zqmco\AppData\Local\hermes\hermes-agent\venv\Lib\site-packages\uvicorn\middleware\proxy_headers.py", line 70, in __call__
    return await self.app(scope, receive, send)
           ^^^^^^^^^^^^^^^^^^^^^^^^^^^^^^^^^^^^
  File "C:\Users\zqmco\AppData\Local\hermes\hermes-agent\venv\Lib\site-packages\fastapi\applications.py", line 1054, in __call__
    await super().__call__(scope, receive, send)
  File "C:\Users\zqmco\AppData\Local\hermes\hermes-agent\venv\Lib\site-packages\starlette\applications.py", line 113, in __call__
    await self.middleware_stack(scope, receive, send)
  File "C:\Users\zqmco\AppData\Local\hermes\hermes-agent\venv\Lib\site-packages\starlette\middleware\errors.py", line 187, in __call__
    raise exc
  File "C:\Users\zqmco\AppData\Local\hermes\hermes-agent\venv\Lib\site-packages\starlette\middleware\errors.py", line 165, in __call__
    await self.app(scope, receive, _send)
  File "C:\Users\zqmco\AppData\Local\hermes\hermes-agent\venv\Lib\site-packages\starlette\middleware\cors.py", line 85, in __call__
    await self.app(scope, receive, send)
  File "C:\Users\zqmco\AppData\Local\hermes\hermes-agent\venv\Lib\site-packages\starlette\middleware\exceptions.py", line 62, in __call__
    await wrap_app_handling_exceptions(self.app, conn)(scope, receive, send)
  File "C:\Users\zqmco\AppData\Local\hermes\hermes-agent\venv\Lib\site-packages\starlette\_exception_handler.py", line 62, in wrapped_app
    raise exc
  File "C:\Users\zqmco\AppData\Local\hermes\hermes-agent\venv\Lib\site-packages\starlette\_exception_handler.py", line 51, in wrapped_app
    await app(scope, receive, sender)
  File "C:\Users\zqmco\AppData\Local\hermes\hermes-agent\venv\Lib\site-packages\starlette\routing.py", line 715, in __call__
    await self.middleware_stack(scope, receive, send)
  File "C:\Users\zqmco\AppData\Local\hermes\hermes-agent\venv\Lib\site-packages\starlette\routing.py", line 735, in app
    await route.handle(scope, receive, send)
  File "C:\Users\zqmco\AppData\Local\hermes\hermes-agent\venv\Lib\site-packages\starlette\routing.py", line 288, in handle
    await self.app(scope, receive, send)
  File "C:\Users\zqmco\AppData\Local\hermes\hermes-agent\venv\Lib\site-packages\starlette\routing.py", line 76, in app
    await wrap_app_handling_exceptions(app, request)(scope, receive, send)
  File "C:\Users\zqmco\AppData\Local\hermes\hermes-agent\venv\Lib\site-packages\starlette\_exception_handler.py", line 62, in wrapped_app
    raise exc
  File "C:\Users\zqmco\AppData\Local\hermes\hermes-agent\venv\Lib\site-packages\starlette\_exception_handler.py", line 51, in wrapped_app
    await app(scope, receive, sender)
  File "C:\Users\zqmco\AppData\Local\hermes\hermes-agent\venv\Lib\site-packages\starlette\routing.py", line 73, in app
    response = await f(request)
               ^^^^^^^^^^^^^^^^
  File "C:\Users\zqmco\AppData\Local\hermes\hermes-agent\venv\Lib\site-packages\fastapi\routing.py", line 301, in app
    raw_response = await run_endpoint_function(
                   ^^^^^^^^^^^^^^^^^^^^^^^^^^^^
  File "C:\Users\zqmco\AppData\Local\hermes\hermes-agent\venv\Lib\site-packages\fastapi\routing.py", line 214, in run_endpoint_function
    return await run_in_threadpool(dependant.call, **values)
           ^^^^^^^^^^^^^^^^^^^^^^^^^^^^^^^^^^^^^^^^^^^^^^^^^
  File "C:\Users\zqmco\AppData\Local\hermes\hermes-agent\venv\Lib\site-packages\starlette\concurrency.py", line 39, in run_in_threadpool
    return await anyio.to_thread.run_sync(func, *args)
           ^^^^^^^^^^^^^^^^^^^^^^^^^^^^^^^^^^^^^^^^^^^
  File "C:\Users\zqmco\AppData\Local\hermes\hermes-agent\venv\Lib\site-packages\anyio\to_thread.py", line 63, in run_sync
    return await get_async_backend().run_sync_in_worker_thread(
           ^^^^^^^^^^^^^^^^^^^^^^^^^^^^^^^^^^^^^^^^^^^^^^^^^^^^
  File "C:\Users\zqmco\AppData\Local\hermes\hermes-agent\venv\Lib\site-packages\anyio\_backends\_asyncio.py", line 2502, in run_sync_in_worker_thread
    return await future
           ^^^^^^^^^^^^
  File "C:\Users\zqmco\AppData\Local\hermes\hermes-agent\venv\Lib\site-packages\anyio\_backends\_asyncio.py", line 986, in run
    result = context.run(func, *args)
             ^^^^^^^^^^^^^^^^^^^^^^^^
  File "C:\Users\zqmco\Docker\volusia-portal\backend\main.py", line 372, in get_badges_data
    from gamification.scoring import _load_state, _badge_for_state
ModuleNotFoundError: No module named 'gamification.scoring'; 'gamification' is not a package
ERROR:    Exception in ASGI application
Traceback (most recent call last):
  File "C:\Users\zqmco\AppData\Local\hermes\hermes-agent\venv\Lib\site-packages\uvicorn\protocols\http\httptools_impl.py", line 399, in run_asgi
    result = await app(  # type: ignore[func-returns-value]
             ^^^^^^^^^^^^^^^^^^^^^^^^^^^^^^^^^^^^^^^^^^^^^^
  File "C:\Users\zqmco\AppData\Local\hermes\hermes-agent\venv\Lib\site-packages\uvicorn\middleware\proxy_headers.py", line 70, in __call__
    return await self.app(scope, receive, send)
           ^^^^^^^^^^^^^^^^^^^^^^^^^^^^^^^^^^^^
  File "C:\Users\zqmco\AppData\Local\hermes\hermes-agent\venv\Lib\site-packages\fastapi\applications.py", line 1054, in __call__
    await super().__call__(scope, receive, send)
  File "C:\Users\zqmco\AppData\Local\hermes\hermes-agent\venv\Lib\site-packages\starlette\applications.py", line 113, in __call__
    await self.middleware_stack(scope, receive, send)
  File "C:\Users\zqmco\AppData\Local\hermes\hermes-agent\venv\Lib\site-packages\starlette\middleware\errors.py", line 187, in __call__
    raise exc
  File "C:\Users\zqmco\AppData\Local\hermes\hermes-agent\venv\Lib\site-packages\starlette\middleware\errors.py", line 165, in __call__
    await self.app(scope, receive, _send)
  File "C:\Users\zqmco\AppData\Local\hermes\hermes-agent\venv\Lib\site-packages\starlette\middleware\cors.py", line 85, in __call__
    await self.app(scope, receive, send)
  File "C:\Users\zqmco\AppData\Local\hermes\hermes-agent\venv\Lib\site-packages\starlette\middleware\exceptions.py", line 62, in __call__
    await wrap_app_handling_exceptions(self.app, conn)(scope, receive, send)
  File "C:\Users\zqmco\AppData\Local\hermes\hermes-agent\venv\Lib\site-packages\starlette\_exception_handler.py", line 62, in wrapped_app
    raise exc
  File "C:\Users\zqmco\AppData\Local\hermes\hermes-agent\venv\Lib\site-packages\starlette\_exception_handler.py", line 51, in wrapped_app
    await app(scope, receive, sender)
  File "C:\Users\zqmco\AppData\Local\hermes\hermes-agent\venv\Lib\site-packages\starlette\routing.py", line 715, in __call__
    await self.middleware_stack(scope, receive, send)
  File "C:\Users\zqmco\AppData\Local\hermes\hermes-agent\venv\Lib\site-packages\starlette\routing.py", line 735, in app
    await route.handle(scope, receive, send)
  File "C:\Users\zqmco\AppData\Local\hermes\hermes-agent\venv\Lib\site-packages\starlette\routing.py", line 288, in handle
    await self.app(scope, receive, send)
  File "C:\Users\zqmco\AppData\Local\hermes\hermes-agent\venv\Lib\site-packages\starlette\routing.py", line 76, in app
    await wrap_app_handling_exceptions(app, request)(scope, receive, send)
  File "C:\Users\zqmco\AppData\Local\hermes\hermes-agent\venv\Lib\site-packages\starlette\_exception_handler.py", line 62, in wrapped_app
    raise exc
  File "C:\Users\zqmco\AppData\Local\hermes\hermes-agent\venv\Lib\site-packages\starlette\_exception_handler.py", line 51, in wrapped_app
    await app(scope, receive, sender)
  File "C:\Users\zqmco\AppData\Local\hermes\hermes-agent\venv\Lib\site-packages\starlette\routing.py", line 73, in app
    response = await f(request)
               ^^^^^^^^^^^^^^^^
  File "C:\Users\zqmco\AppData\Local\hermes\hermes-agent\venv\Lib\site-packages\fastapi\routing.py", line 301, in app
    raw_response = await run_endpoint_function(
                   ^^^^^^^^^^^^^^^^^^^^^^^^^^^^
  File "C:\Users\zqmco\AppData\Local\hermes\hermes-agent\venv\Lib\site-packages\fastapi\routing.py", line 214, in run_endpoint_function
    return await run_in_threadpool(dependant.call, **values)
           ^^^^^^^^^^^^^^^^^^^^^^^^^^^^^^^^^^^^^^^^^^^^^^^^^
  File "C:\Users\zqmco\AppData\Local\hermes\hermes-agent\venv\Lib\site-packages\starlette\concurrency.py", line 39, in run_in_threadpool
    return await anyio.to_thread.run_sync(func, *args)
           ^^^^^^^^^^^^^^^^^^^^^^^^^^^^^^^^^^^^^^^^^^^
  File "C:\Users\zqmco\AppData\Local\hermes\hermes-agent\venv\Lib\site-packages\anyio\to_thread.py", line 63, in run_sync
    return await get_async_backend().run_sync_in_worker_thread(
           ^^^^^^^^^^^^^^^^^^^^^^^^^^^^^^^^^^^^^^^^^^^^^^^^^^^^
  File "C:\Users\zqmco\AppData\Local\hermes\hermes-agent\venv\Lib\site-packages\anyio\_backends\_asyncio.py", line 2502, in run_sync_in_worker_thread
    return await future
           ^^^^^^^^^^^^
  File "C:\Users\zqmco\AppData\Local\hermes\hermes-agent\venv\Lib\site-packages\anyio\_backends\_asyncio.py", line 986, in run
    result = context.run(func, *args)
             ^^^^^^^^^^^^^^^^^^^^^^^^
  File "C:\Users\zqmco\Docker\volusia-portal\backend\main.py", line 372, in get_badges_data
    import importlib.util as _iu
ModuleNotFoundError: No module named 'gamification.scoring'; 'gamification' is not a package
ERROR:    Exception in ASGI application
Traceback (most recent call last):
  File "C:\Users\zqmco\AppData\Local\hermes\hermes-agent\venv\Lib\site-packages\uvicorn\protocols\http\httptools_impl.py", line 399, in run_asgi
    result = await app(  # type: ignore[func-returns-value]
             ^^^^^^^^^^^^^^^^^^^^^^^^^^^^^^^^^^^^^^^^^^^^^^
  File "C:\Users\zqmco\AppData\Local\hermes\hermes-agent\venv\Lib\site-packages\uvicorn\middleware\proxy_headers.py", line 70, in __call__
    return await self.app(scope, receive, send)
           ^^^^^^^^^^^^^^^^^^^^^^^^^^^^^^^^^^^^
  File "C:\Users\zqmco\AppData\Local\hermes\hermes-agent\venv\Lib\site-packages\fastapi\applications.py", line 1054, in __call__
    await super().__call__(scope, receive, send)
  File "C:\Users\zqmco\AppData\Local\hermes\hermes-agent\venv\Lib\site-packages\starlette\applications.py", line 113, in __call__
    await self.middleware_stack(scope, receive, send)
  File "C:\Users\zqmco\AppData\Local\hermes\hermes-agent\venv\Lib\site-packages\starlette\middleware\errors.py", line 187, in __call__
    raise exc
  File "C:\Users\zqmco\AppData\Local\hermes\hermes-agent\venv\Lib\site-packages\starlette\middleware\errors.py", line 165, in __call__
    await self.app(scope, receive, _send)
  File "C:\Users\zqmco\AppData\Local\hermes\hermes-agent\venv\Lib\site-packages\starlette\middleware\cors.py", line 85, in __call__
    await self.app(scope, receive, send)
  File "C:\Users\zqmco\AppData\Local\hermes\hermes-agent\venv\Lib\site-packages\starlette\middleware\exceptions.py", line 62, in __call__
    await wrap_app_handling_exceptions(self.app, conn)(scope, receive, send)
  File "C:\Users\zqmco\AppData\Local\hermes\hermes-agent\venv\Lib\site-packages\starlette\_exception_handler.py", line 62, in wrapped_app
    raise exc
  File "C:\Users\zqmco\AppData\Local\hermes\hermes-agent\venv\Lib\site-packages\starlette\_exception_handler.py", line 51, in wrapped_app
    await app(scope, receive, sender)
  File "C:\Users\zqmco\AppData\Local\hermes\hermes-agent\venv\Lib\site-packages\starlette\routing.py", line 715, in __call__
    await self.middleware_stack(scope, receive, send)
  File "C:\Users\zqmco\AppData\Local\hermes\hermes-agent\venv\Lib\site-packages\starlette\routing.py", line 735, in app
    await route.handle(scope, receive, send)
  File "C:\Users\zqmco\AppData\Local\hermes\hermes-agent\venv\Lib\site-packages\starlette\routing.py", line 288, in handle
    await self.app(scope, receive, send)
  File "C:\Users\zqmco\AppData\Local\hermes\hermes-agent\venv\Lib\site-packages\starlette\routing.py", line 76, in app
    await wrap_app_handling_exceptions(app, request)(scope, receive, send)
  File "C:\Users\zqmco\AppData\Local\hermes\hermes-agent\venv\Lib\site-packages\starlette\_exception_handler.py", line 62, in wrapped_app
    raise exc
  File "C:\Users\zqmco\AppData\Local\hermes\hermes-agent\venv\Lib\site-packages\starlette\_exception_handler.py", line 51, in wrapped_app
    await app(scope, receive, sender)
  File "C:\Users\zqmco\AppData\Local\hermes\hermes-agent\venv\Lib\site-packages\starlette\routing.py", line 73, in app
    response = await f(request)
               ^^^^^^^^^^^^^^^^
  File "C:\Users\zqmco\AppData\Local\hermes\hermes-agent\venv\Lib\site-packages\fastapi\routing.py", line 301, in app
    raw_response = await run_endpoint_function(
                   ^^^^^^^^^^^^^^^^^^^^^^^^^^^^
  File "C:\Users\zqmco\AppData\Local\hermes\hermes-agent\venv\Lib\site-packages\fastapi\routing.py", line 214, in run_endpoint_function
    return await run_in_threadpool(dependant.call, **values)
           ^^^^^^^^^^^^^^^^^^^^^^^^^^^^^^^^^^^^^^^^^^^^^^^^^
  File "C:\Users\zqmco\AppData\Local\hermes\hermes-agent\venv\Lib\site-packages\starlette\concurrency.py", line 39, in run_in_threadpool
    return await anyio.to_thread.run_sync(func, *args)
           ^^^^^^^^^^^^^^^^^^^^^^^^^^^^^^^^^^^^^^^^^^^
  File "C:\Users\zqmco\AppData\Local\hermes\hermes-agent\venv\Lib\site-packages\anyio\to_thread.py", line 63, in run_sync
    return await get_async_backend().run_sync_in_worker_thread(
           ^^^^^^^^^^^^^^^^^^^^^^^^^^^^^^^^^^^^^^^^^^^^^^^^^^^^
  File "C:\Users\zqmco\AppData\Local\hermes\hermes-agent\venv\Lib\site-packages\anyio\_backends\_asyncio.py", line 2502, in run_sync_in_worker_thread
    return await future
           ^^^^^^^^^^^^
  File "C:\Users\zqmco\AppData\Local\hermes\hermes-agent\venv\Lib\site-packages\anyio\_backends\_asyncio.py", line 986, in run
    result = context.run(func, *args)
             ^^^^^^^^^^^^^^^^^^^^^^^^
  File "C:\Users\zqmco\Docker\volusia-portal\backend\main.py", line 372, in get_badges_data
    import importlib.util as _iu
ModuleNotFoundError: No module named 'gamification.scoring'; 'gamification' is not a package
ERROR:    Exception in ASGI application
Traceback (most recent call last):
  File "C:\Users\zqmco\AppData\Local\hermes\hermes-agent\venv\Lib\site-packages\uvicorn\protocols\http\httptools_impl.py", line 399, in run_asgi
    result = await app(  # type: ignore[func-returns-value]
             ^^^^^^^^^^^^^^^^^^^^^^^^^^^^^^^^^^^^^^^^^^^^^^
  File "C:\Users\zqmco\AppData\Local\hermes\hermes-agent\venv\Lib\site-packages\uvicorn\middleware\proxy_headers.py", line 70, in __call__
    return await self.app(scope, receive, send)
           ^^^^^^^^^^^^^^^^^^^^^^^^^^^^^^^^^^^^
  File "C:\Users\zqmco\AppData\Local\hermes\hermes-agent\venv\Lib\site-packages\fastapi\applications.py", line 1054, in __call__
    await super().__call__(scope, receive, send)
  File "C:\Users\zqmco\AppData\Local\hermes\hermes-agent\venv\Lib\site-packages\starlette\applications.py", line 113, in __call__
    await self.middleware_stack(scope, receive, send)
  File "C:\Users\zqmco\AppData\Local\hermes\hermes-agent\venv\Lib\site-packages\starlette\middleware\errors.py", line 187, in __call__
    raise exc
  File "C:\Users\zqmco\AppData\Local\hermes\hermes-agent\venv\Lib\site-packages\starlette\middleware\errors.py", line 165, in __call__
    await self.app(scope, receive, _send)
  File "C:\Users\zqmco\AppData\Local\hermes\hermes-agent\venv\Lib\site-packages\starlette\middleware\cors.py", line 85, in __call__
    await self.app(scope, receive, send)
  File "C:\Users\zqmco\AppData\Local\hermes\hermes-agent\venv\Lib\site-packages\starlette\middleware\exceptions.py", line 62, in __call__
    await wrap_app_handling_exceptions(self.app, conn)(scope, receive, send)
  File "C:\Users\zqmco\AppData\Local\hermes\hermes-agent\venv\Lib\site-packages\starlette\_exception_handler.py", line 62, in wrapped_app
    raise exc
  File "C:\Users\zqmco\AppData\Local\hermes\hermes-agent\venv\Lib\site-packages\starlette\_exception_handler.py", line 51, in wrapped_app
    await app(scope, receive, sender)
  File "C:\Users\zqmco\AppData\Local\hermes\hermes-agent\venv\Lib\site-packages\starlette\routing.py", line 715, in __call__
    await self.middleware_stack(scope, receive, send)
  File "C:\Users\zqmco\AppData\Local\hermes\hermes-agent\venv\Lib\site-packages\starlette\routing.py", line 735, in app
    await route.handle(scope, receive, send)
  File "C:\Users\zqmco\AppData\Local\hermes\hermes-agent\venv\Lib\site-packages\starlette\routing.py", line 288, in handle
    await self.app(scope, receive, send)
  File "C:\Users\zqmco\AppData\Local\hermes\hermes-agent\venv\Lib\site-packages\starlette\routing.py", line 76, in app
    await wrap_app_handling_exceptions(app, request)(scope, receive, send)
  File "C:\Users\zqmco\AppData\Local\hermes\hermes-agent\venv\Lib\site-packages\starlette\_exception_handler.py", line 62, in wrapped_app
    raise exc
  File "C:\Users\zqmco\AppData\Local\hermes\hermes-agent\venv\Lib\site-packages\starlette\_exception_handler.py", line 51, in wrapped_app
    await app(scope, receive, sender)
  File "C:\Users\zqmco\AppData\Local\hermes\hermes-agent\venv\Lib\site-packages\starlette\routing.py", line 73, in app
    response = await f(request)
               ^^^^^^^^^^^^^^^^
  File "C:\Users\zqmco\AppData\Local\hermes\hermes-agent\venv\Lib\site-packages\fastapi\routing.py", line 301, in app
    raw_response = await run_endpoint_function(
                   ^^^^^^^^^^^^^^^^^^^^^^^^^^^^
  File "C:\Users\zqmco\AppData\Local\hermes\hermes-agent\venv\Lib\site-packages\fastapi\routing.py", line 214, in run_endpoint_function
    return await run_in_threadpool(dependant.call, **values)
           ^^^^^^^^^^^^^^^^^^^^^^^^^^^^^^^^^^^^^^^^^^^^^^^^^
  File "C:\Users\zqmco\AppData\Local\hermes\hermes-agent\venv\Lib\site-packages\starlette\concurrency.py", line 39, in run_in_threadpool
    return await anyio.to_thread.run_sync(func, *args)
           ^^^^^^^^^^^^^^^^^^^^^^^^^^^^^^^^^^^^^^^^^^^
  File "C:\Users\zqmco\AppData\Local\hermes\hermes-agent\venv\Lib\site-packages\anyio\to_thread.py", line 63, in run_sync
    return await get_async_backend().run_sync_in_worker_thread(
           ^^^^^^^^^^^^^^^^^^^^^^^^^^^^^^^^^^^^^^^^^^^^^^^^^^^^
  File "C:\Users\zqmco\AppData\Local\hermes\hermes-agent\venv\Lib\site-packages\anyio\_backends\_asyncio.py", line 2502, in run_sync_in_worker_thread
    return await future
           ^^^^^^^^^^^^
  File "C:\Users\zqmco\AppData\Local\hermes\hermes-agent\venv\Lib\site-packages\anyio\_backends\_asyncio.py", line 986, in run
    result = context.run(func, *args)
             ^^^^^^^^^^^^^^^^^^^^^^^^
  File "C:\Users\zqmco\Docker\volusia-portal\backend\main.py", line 372, in get_badges_data
    import importlib.util as _iu
ModuleNotFoundError: No module named 'gamification.scoring'; 'gamification' is not a package
ERROR:    Exception in ASGI application
Traceback (most recent call last):
  File "C:\Users\zqmco\AppData\Local\hermes\hermes-agent\venv\Lib\site-packages\uvicorn\protocols\http\httptools_impl.py", line 399, in run_asgi
    result = await app(  # type: ignore[func-returns-value]
             ^^^^^^^^^^^^^^^^^^^^^^^^^^^^^^^^^^^^^^^^^^^^^^
  File "C:\Users\zqmco\AppData\Local\hermes\hermes-agent\venv\Lib\site-packages\uvicorn\middleware\proxy_headers.py", line 70, in __call__
    return await self.app(scope, receive, send)
           ^^^^^^^^^^^^^^^^^^^^^^^^^^^^^^^^^^^^
  File "C:\Users\zqmco\AppData\Local\hermes\hermes-agent\venv\Lib\site-packages\fastapi\applications.py", line 1054, in __call__
    await super().__call__(scope, receive, send)
  File "C:\Users\zqmco\AppData\Local\hermes\hermes-agent\venv\Lib\site-packages\starlette\applications.py", line 113, in __call__
    await self.middleware_stack(scope, receive, send)
  File "C:\Users\zqmco\AppData\Local\hermes\hermes-agent\venv\Lib\site-packages\starlette\middleware\errors.py", line 187, in __call__
    raise exc
  File "C:\Users\zqmco\AppData\Local\hermes\hermes-agent\venv\Lib\site-packages\starlette\middleware\errors.py", line 165, in __call__
    await self.app(scope, receive, _send)
  File "C:\Users\zqmco\AppData\Local\hermes\hermes-agent\venv\Lib\site-packages\starlette\middleware\cors.py", line 85, in __call__
    await self.app(scope, receive, send)
  File "C:\Users\zqmco\AppData\Local\hermes\hermes-agent\venv\Lib\site-packages\starlette\middleware\exceptions.py", line 62, in __call__
    await wrap_app_handling_exceptions(self.app, conn)(scope, receive, send)
  File "C:\Users\zqmco\AppData\Local\hermes\hermes-agent\venv\Lib\site-packages\starlette\_exception_handler.py", line 62, in wrapped_app
    raise exc
  File "C:\Users\zqmco\AppData\Local\hermes\hermes-agent\venv\Lib\site-packages\starlette\_exception_handler.py", line 51, in wrapped_app
    await app(scope, receive, sender)
  File "C:\Users\zqmco\AppData\Local\hermes\hermes-agent\venv\Lib\site-packages\starlette\routing.py", line 715, in __call__
    await self.middleware_stack(scope, receive, send)
  File "C:\Users\zqmco\AppData\Local\hermes\hermes-agent\venv\Lib\site-packages\starlette\routing.py", line 735, in app
    await route.handle(scope, receive, send)
  File "C:\Users\zqmco\AppData\Local\hermes\hermes-agent\venv\Lib\site-packages\starlette\routing.py", line 288, in handle
    await self.app(scope, receive, send)
  File "C:\Users\zqmco\AppData\Local\hermes\hermes-agent\venv\Lib\site-packages\starlette\routing.py", line 76, in app
    await wrap_app_handling_exceptions(app, request)(scope, receive, send)
  File "C:\Users\zqmco\AppData\Local\hermes\hermes-agent\venv\Lib\site-packages\starlette\_exception_handler.py", line 62, in wrapped_app
    raise exc
  File "C:\Users\zqmco\AppData\Local\hermes\hermes-agent\venv\Lib\site-packages\starlette\_exception_handler.py", line 51, in wrapped_app
    await app(scope, receive, sender)
  File "C:\Users\zqmco\AppData\Local\hermes\hermes-agent\venv\Lib\site-packages\starlette\routing.py", line 73, in app
    response = await f(request)
               ^^^^^^^^^^^^^^^^
  File "C:\Users\zqmco\AppData\Local\hermes\hermes-agent\venv\Lib\site-packages\fastapi\routing.py", line 301, in app
    raw_response = await run_endpoint_function(
                   ^^^^^^^^^^^^^^^^^^^^^^^^^^^^
  File "C:\Users\zqmco\AppData\Local\hermes\hermes-agent\venv\Lib\site-packages\fastapi\routing.py", line 214, in run_endpoint_function
    return await run_in_threadpool(dependant.call, **values)
           ^^^^^^^^^^^^^^^^^^^^^^^^^^^^^^^^^^^^^^^^^^^^^^^^^
  File "C:\Users\zqmco\AppData\Local\hermes\hermes-agent\venv\Lib\site-packages\starlette\concurrency.py", line 39, in run_in_threadpool
    return await anyio.to_thread.run_sync(func, *args)
           ^^^^^^^^^^^^^^^^^^^^^^^^^^^^^^^^^^^^^^^^^^^
  File "C:\Users\zqmco\AppData\Local\hermes\hermes-agent\venv\Lib\site-packages\anyio\to_thread.py", line 63, in run_sync
    return await get_async_backend().run_sync_in_worker_thread(
           ^^^^^^^^^^^^^^^^^^^^^^^^^^^^^^^^^^^^^^^^^^^^^^^^^^^^
  File "C:\Users\zqmco\AppData\Local\hermes\hermes-agent\venv\Lib\site-packages\anyio\_backends\_asyncio.py", line 2502, in run_sync_in_worker_thread
    return await future
           ^^^^^^^^^^^^
  File "C:\Users\zqmco\AppData\Local\hermes\hermes-agent\venv\Lib\site-packages\anyio\_backends\_asyncio.py", line 986, in run
    result = context.run(func, *args)
             ^^^^^^^^^^^^^^^^^^^^^^^^
  File "C:\Users\zqmco\Docker\volusia-portal\backend\main.py", line 372, in get_badges_data
    import importlib.util as _iu
ModuleNotFoundError: No module named 'gamification.scoring'; 'gamification' is not a package
ERROR:    Exception in ASGI application
Traceback (most recent call last):
  File "C:\Users\zqmco\AppData\Local\hermes\hermes-agent\venv\Lib\site-packages\uvicorn\protocols\http\httptools_impl.py", line 399, in run_asgi
    result = await app(  # type: ignore[func-returns-value]
             ^^^^^^^^^^^^^^^^^^^^^^^^^^^^^^^^^^^^^^^^^^^^^^
  File "C:\Users\zqmco\AppData\Local\hermes\hermes-agent\venv\Lib\site-packages\uvicorn\middleware\proxy_headers.py", line 70, in __call__
    return await self.app(scope, receive, send)
           ^^^^^^^^^^^^^^^^^^^^^^^^^^^^^^^^^^^^
  File "C:\Users\zqmco\AppData\Local\hermes\hermes-agent\venv\Lib\site-packages\fastapi\applications.py", line 1054, in __call__
    await super().__call__(scope, receive, send)
  File "C:\Users\zqmco\AppData\Local\hermes\hermes-agent\venv\Lib\site-packages\starlette\applications.py", line 113, in __call__
    await self.middleware_stack(scope, receive, send)
  File "C:\Users\zqmco\AppData\Local\hermes\hermes-agent\venv\Lib\site-packages\starlette\middleware\errors.py", line 187, in __call__
    raise exc
  File "C:\Users\zqmco\AppData\Local\hermes\hermes-agent\venv\Lib\site-packages\starlette\middleware\errors.py", line 165, in __call__
    await self.app(scope, receive, _send)
  File "C:\Users\zqmco\AppData\Local\hermes\hermes-agent\venv\Lib\site-packages\starlette\middleware\cors.py", line 85, in __call__
    await self.app(scope, receive, send)
  File "C:\Users\zqmco\AppData\Local\hermes\hermes-agent\venv\Lib\site-packages\starlette\middleware\exceptions.py", line 62, in __call__
    await wrap_app_handling_exceptions(self.app, conn)(scope, receive, send)
  File "C:\Users\zqmco\AppData\Local\hermes\hermes-agent\venv\Lib\site-packages\starlette\_exception_handler.py", line 62, in wrapped_app
    raise exc
  File "C:\Users\zqmco\AppData\Local\hermes\hermes-agent\venv\Lib\site-packages\starlette\_exception_handler.py", line 51, in wrapped_app
    await app(scope, receive, sender)
  File "C:\Users\zqmco\AppData\Local\hermes\hermes-agent\venv\Lib\site-packages\starlette\routing.py", line 715, in __call__
    await self.middleware_stack(scope, receive, send)
  File "C:\Users\zqmco\AppData\Local\hermes\hermes-agent\venv\Lib\site-packages\starlette\routing.py", line 735, in app
    await route.handle(scope, receive, send)
  File "C:\Users\zqmco\AppData\Local\hermes\hermes-agent\venv\Lib\site-packages\starlette\routing.py", line 288, in handle
    await self.app(scope, receive, send)
  File "C:\Users\zqmco\AppData\Local\hermes\hermes-agent\venv\Lib\site-packages\starlette\routing.py", line 76, in app
    await wrap_app_handling_exceptions(app, request)(scope, receive, send)
  File "C:\Users\zqmco\AppData\Local\hermes\hermes-agent\venv\Lib\site-packages\starlette\_exception_handler.py", line 62, in wrapped_app
    raise exc
  File "C:\Users\zqmco\AppData\Local\hermes\hermes-agent\venv\Lib\site-packages\starlette\_exception_handler.py", line 51, in wrapped_app
    await app(scope, receive, sender)
  File "C:\Users\zqmco\AppData\Local\hermes\hermes-agent\venv\Lib\site-packages\starlette\routing.py", line 73, in app
    response = await f(request)
               ^^^^^^^^^^^^^^^^
  File "C:\Users\zqmco\AppData\Local\hermes\hermes-agent\venv\Lib\site-packages\fastapi\routing.py", line 301, in app
    raw_response = await run_endpoint_function(
                   ^^^^^^^^^^^^^^^^^^^^^^^^^^^^
  File "C:\Users\zqmco\AppData\Local\hermes\hermes-agent\venv\Lib\site-packages\fastapi\routing.py", line 214, in run_endpoint_function
    return await run_in_threadpool(dependant.call, **values)
           ^^^^^^^^^^^^^^^^^^^^^^^^^^^^^^^^^^^^^^^^^^^^^^^^^
  File "C:\Users\zqmco\AppData\Local\hermes\hermes-agent\venv\Lib\site-packages\starlette\concurrency.py", line 39, in run_in_threadpool
    return await anyio.to_thread.run_sync(func, *args)
           ^^^^^^^^^^^^^^^^^^^^^^^^^^^^^^^^^^^^^^^^^^^
  File "C:\Users\zqmco\AppData\Local\hermes\hermes-agent\venv\Lib\site-packages\anyio\to_thread.py", line 63, in run_sync
    return await get_async_backend().run_sync_in_worker_thread(
           ^^^^^^^^^^^^^^^^^^^^^^^^^^^^^^^^^^^^^^^^^^^^^^^^^^^^
  File "C:\Users\zqmco\AppData\Local\hermes\hermes-agent\venv\Lib\site-packages\anyio\_backends\_asyncio.py", line 2502, in run_sync_in_worker_thread
    return await future
           ^^^^^^^^^^^^
  File "C:\Users\zqmco\AppData\Local\hermes\hermes-agent\venv\Lib\site-packages\anyio\_backends\_asyncio.py", line 986, in run
    result = context.run(func, *args)
             ^^^^^^^^^^^^^^^^^^^^^^^^
  File "C:\Users\zqmco\Docker\volusia-portal\backend\main.py", line 372, in get_badges_data
    import importlib.util as _iu
ModuleNotFoundError: No module named 'gamification.scoring'; 'gamification' is not a package
ERROR:    Exception in ASGI application
Traceback (most recent call last):
  File "C:\Users\zqmco\AppData\Local\hermes\hermes-agent\venv\Lib\site-packages\uvicorn\protocols\http\httptools_impl.py", line 399, in run_asgi
    result = await app(  # type: ignore[func-returns-value]
             ^^^^^^^^^^^^^^^^^^^^^^^^^^^^^^^^^^^^^^^^^^^^^^
  File "C:\Users\zqmco\AppData\Local\hermes\hermes-agent\venv\Lib\site-packages\uvicorn\middleware\proxy_headers.py", line 70, in __call__
    return await self.app(scope, receive, send)
           ^^^^^^^^^^^^^^^^^^^^^^^^^^^^^^^^^^^^
  File "C:\Users\zqmco\AppData\Local\hermes\hermes-agent\venv\Lib\site-packages\fastapi\applications.py", line 1054, in __call__
    await super().__call__(scope, receive, send)
  File "C:\Users\zqmco\AppData\Local\hermes\hermes-agent\venv\Lib\site-packages\starlette\applications.py", line 113, in __call__
    await self.middleware_stack(scope, receive, send)
  File "C:\Users\zqmco\AppData\Local\hermes\hermes-agent\venv\Lib\site-packages\starlette\middleware\errors.py", line 187, in __call__
    raise exc
  File "C:\Users\zqmco\AppData\Local\hermes\hermes-agent\venv\Lib\site-packages\starlette\middleware\errors.py", line 165, in __call__
    await self.app(scope, receive, _send)
  File "C:\Users\zqmco\AppData\Local\hermes\hermes-agent\venv\Lib\site-packages\starlette\middleware\cors.py", line 85, in __call__
    await self.app(scope, receive, send)
  File "C:\Users\zqmco\AppData\Local\hermes\hermes-agent\venv\Lib\site-packages\starlette\middleware\exceptions.py", line 62, in __call__
    await wrap_app_handling_exceptions(self.app, conn)(scope, receive, send)
  File "C:\Users\zqmco\AppData\Local\hermes\hermes-agent\venv\Lib\site-packages\starlette\_exception_handler.py", line 62, in wrapped_app
    raise exc
  File "C:\Users\zqmco\AppData\Local\hermes\hermes-agent\venv\Lib\site-packages\starlette\_exception_handler.py", line 51, in wrapped_app
    await app(scope, receive, sender)
  File "C:\Users\zqmco\AppData\Local\hermes\hermes-agent\venv\Lib\site-packages\starlette\routing.py", line 715, in __call__
    await self.middleware_stack(scope, receive, send)
  File "C:\Users\zqmco\AppData\Local\hermes\hermes-agent\venv\Lib\site-packages\starlette\routing.py", line 735, in app
    await route.handle(scope, receive, send)
  File "C:\Users\zqmco\AppData\Local\hermes\hermes-agent\venv\Lib\site-packages\starlette\routing.py", line 288, in handle
    await self.app(scope, receive, send)
  File "C:\Users\zqmco\AppData\Local\hermes\hermes-agent\venv\Lib\site-packages\starlette\routing.py", line 76, in app
    await wrap_app_handling_exceptions(app, request)(scope, receive, send)
  File "C:\Users\zqmco\AppData\Local\hermes\hermes-agent\venv\Lib\site-packages\starlette\_exception_handler.py", line 62, in wrapped_app
    raise exc
  File "C:\Users\zqmco\AppData\Local\hermes\hermes-agent\venv\Lib\site-packages\starlette\_exception_handler.py", line 51, in wrapped_app
    await app(scope, receive, sender)
  File "C:\Users\zqmco\AppData\Local\hermes\hermes-agent\venv\Lib\site-packages\starlette\routing.py", line 73, in app
    response = await f(request)
               ^^^^^^^^^^^^^^^^
  File "C:\Users\zqmco\AppData\Local\hermes\hermes-agent\venv\Lib\site-packages\fastapi\routing.py", line 301, in app
    raw_response = await run_endpoint_function(
                   ^^^^^^^^^^^^^^^^^^^^^^^^^^^^
  File "C:\Users\zqmco\AppData\Local\hermes\hermes-agent\venv\Lib\site-packages\fastapi\routing.py", line 214, in run_endpoint_function
    return await run_in_threadpool(dependant.call, **values)
           ^^^^^^^^^^^^^^^^^^^^^^^^^^^^^^^^^^^^^^^^^^^^^^^^^
  File "C:\Users\zqmco\AppData\Local\hermes\hermes-agent\venv\Lib\site-packages\starlette\concurrency.py", line 39, in run_in_threadpool
    return await anyio.to_thread.run_sync(func, *args)
           ^^^^^^^^^^^^^^^^^^^^^^^^^^^^^^^^^^^^^^^^^^^
  File "C:\Users\zqmco\AppData\Local\hermes\hermes-agent\venv\Lib\site-packages\anyio\to_thread.py", line 63, in run_sync
    return await get_async_backend().run_sync_in_worker_thread(
           ^^^^^^^^^^^^^^^^^^^^^^^^^^^^^^^^^^^^^^^^^^^^^^^^^^^^
  File "C:\Users\zqmco\AppData\Local\hermes\hermes-agent\venv\Lib\site-packages\anyio\_backends\_asyncio.py", line 2502, in run_sync_in_worker_thread
    return await future
           ^^^^^^^^^^^^
  File "C:\Users\zqmco\AppData\Local\hermes\hermes-agent\venv\Lib\site-packages\anyio\_backends\_asyncio.py", line 986, in run
    result = context.run(func, *args)
             ^^^^^^^^^^^^^^^^^^^^^^^^
  File "C:\Users\zqmco\Docker\volusia-portal\backend\main.py", line 372, in get_badges_data
    import importlib.util as _iu
ModuleNotFoundError: No module named 'gamification.scoring'; 'gamification' is not a package
ERROR:    Exception in ASGI application
Traceback (most recent call last):
  File "C:\Users\zqmco\AppData\Local\hermes\hermes-agent\venv\Lib\site-packages\uvicorn\protocols\http\httptools_impl.py", line 399, in run_asgi
    result = await app(  # type: ignore[func-returns-value]
             ^^^^^^^^^^^^^^^^^^^^^^^^^^^^^^^^^^^^^^^^^^^^^^
  File "C:\Users\zqmco\AppData\Local\hermes\hermes-agent\venv\Lib\site-packages\uvicorn\middleware\proxy_headers.py", line 70, in __call__
    return await self.app(scope, receive, send)
           ^^^^^^^^^^^^^^^^^^^^^^^^^^^^^^^^^^^^
  File "C:\Users\zqmco\AppData\Local\hermes\hermes-agent\venv\Lib\site-packages\fastapi\applications.py", line 1054, in __call__
    await super().__call__(scope, receive, send)
  File "C:\Users\zqmco\AppData\Local\hermes\hermes-agent\venv\Lib\site-packages\starlette\applications.py", line 113, in __call__
    await self.middleware_stack(scope, receive, send)
  File "C:\Users\zqmco\AppData\Local\hermes\hermes-agent\venv\Lib\site-packages\starlette\middleware\errors.py", line 187, in __call__
    raise exc
  File "C:\Users\zqmco\AppData\Local\hermes\hermes-agent\venv\Lib\site-packages\starlette\middleware\errors.py", line 165, in __call__
    await self.app(scope, receive, _send)
  File "C:\Users\zqmco\AppData\Local\hermes\hermes-agent\venv\Lib\site-packages\starlette\middleware\cors.py", line 85, in __call__
    await self.app(scope, receive, send)
  File "C:\Users\zqmco\AppData\Local\hermes\hermes-agent\venv\Lib\site-packages\starlette\middleware\exceptions.py", line 62, in __call__
    await wrap_app_handling_exceptions(self.app, conn)(scope, receive, send)
  File "C:\Users\zqmco\AppData\Local\hermes\hermes-agent\venv\Lib\site-packages\starlette\_exception_handler.py", line 62, in wrapped_app
    raise exc
  File "C:\Users\zqmco\AppData\Local\hermes\hermes-agent\venv\Lib\site-packages\starlette\_exception_handler.py", line 51, in wrapped_app
    await app(scope, receive, sender)
  File "C:\Users\zqmco\AppData\Local\hermes\hermes-agent\venv\Lib\site-packages\starlette\routing.py", line 715, in __call__
    await self.middleware_stack(scope, receive, send)
  File "C:\Users\zqmco\AppData\Local\hermes\hermes-agent\venv\Lib\site-packages\starlette\routing.py", line 735, in app
    await route.handle(scope, receive, send)
  File "C:\Users\zqmco\AppData\Local\hermes\hermes-agent\venv\Lib\site-packages\starlette\routing.py", line 288, in handle
    await self.app(scope, receive, send)
  File "C:\Users\zqmco\AppData\Local\hermes\hermes-agent\venv\Lib\site-packages\starlette\routing.py", line 76, in app
    await wrap_app_handling_exceptions(app, request)(scope, receive, send)
  File "C:\Users\zqmco\AppData\Local\hermes\hermes-agent\venv\Lib\site-packages\starlette\_exception_handler.py", line 62, in wrapped_app
    raise exc
  File "C:\Users\zqmco\AppData\Local\hermes\hermes-agent\venv\Lib\site-packages\starlette\_exception_handler.py", line 51, in wrapped_app
    await app(scope, receive, sender)
  File "C:\Users\zqmco\AppData\Local\hermes\hermes-agent\venv\Lib\site-packages\starlette\routing.py", line 73, in app
    response = await f(request)
               ^^^^^^^^^^^^^^^^
  File "C:\Users\zqmco\AppData\Local\hermes\hermes-agent\venv\Lib\site-packages\fastapi\routing.py", line 301, in app
    raw_response = await run_endpoint_function(
                   ^^^^^^^^^^^^^^^^^^^^^^^^^^^^
  File "C:\Users\zqmco\AppData\Local\hermes\hermes-agent\venv\Lib\site-packages\fastapi\routing.py", line 214, in run_endpoint_function
    return await run_in_threadpool(dependant.call, **values)
           ^^^^^^^^^^^^^^^^^^^^^^^^^^^^^^^^^^^^^^^^^^^^^^^^^
  File "C:\Users\zqmco\AppData\Local\hermes\hermes-agent\venv\Lib\site-packages\starlette\concurrency.py", line 39, in run_in_threadpool
    return await anyio.to_thread.run_sync(func, *args)
           ^^^^^^^^^^^^^^^^^^^^^^^^^^^^^^^^^^^^^^^^^^^
  File "C:\Users\zqmco\AppData\Local\hermes\hermes-agent\venv\Lib\site-packages\anyio\to_thread.py", line 63, in run_sync
    return await get_async_backend().run_sync_in_worker_thread(
           ^^^^^^^^^^^^^^^^^^^^^^^^^^^^^^^^^^^^^^^^^^^^^^^^^^^^
  File "C:\Users\zqmco\AppData\Local\hermes\hermes-agent\venv\Lib\site-packages\anyio\_backends\_asyncio.py", line 2502, in run_sync_in_worker_thread
    return await future
           ^^^^^^^^^^^^
  File "C:\Users\zqmco\AppData\Local\hermes\hermes-agent\venv\Lib\site-packages\anyio\_backends\_asyncio.py", line 986, in run
    result = context.run(func, *args)
             ^^^^^^^^^^^^^^^^^^^^^^^^
  File "C:\Users\zqmco\Docker\volusia-portal\backend\main.py", line 372, in get_badges_data
    import importlib.util as _iu
ModuleNotFoundError: No module named 'gamification.scoring'; 'gamification' is not a package
ERROR:    Exception in ASGI application
Traceback (most recent call last):
  File "C:\Users\zqmco\AppData\Local\hermes\hermes-agent\venv\Lib\site-packages\uvicorn\protocols\http\httptools_impl.py", line 399, in run_asgi
    result = await app(  # type: ignore[func-returns-value]
             ^^^^^^^^^^^^^^^^^^^^^^^^^^^^^^^^^^^^^^^^^^^^^^
  File "C:\Users\zqmco\AppData\Local\hermes\hermes-agent\venv\Lib\site-packages\uvicorn\middleware\proxy_headers.py", line 70, in __call__
    return await self.app(scope, receive, send)
           ^^^^^^^^^^^^^^^^^^^^^^^^^^^^^^^^^^^^
  File "C:\Users\zqmco\AppData\Local\hermes\hermes-agent\venv\Lib\site-packages\fastapi\applications.py", line 1054, in __call__
    await super().__call__(scope, receive, send)
  File "C:\Users\zqmco\AppData\Local\hermes\hermes-agent\venv\Lib\site-packages\starlette\applications.py", line 113, in __call__
    await self.middleware_stack(scope, receive, send)
  File "C:\Users\zqmco\AppData\Local\hermes\hermes-agent\venv\Lib\site-packages\starlette\middleware\errors.py", line 187, in __call__
    raise exc
  File "C:\Users\zqmco\AppData\Local\hermes\hermes-agent\venv\Lib\site-packages\starlette\middleware\errors.py", line 165, in __call__
    await self.app(scope, receive, _send)
  File "C:\Users\zqmco\AppData\Local\hermes\hermes-agent\venv\Lib\site-packages\starlette\middleware\cors.py", line 85, in __call__
    await self.app(scope, receive, send)
  File "C:\Users\zqmco\AppData\Local\hermes\hermes-agent\venv\Lib\site-packages\starlette\middleware\exceptions.py", line 62, in __call__
    await wrap_app_handling_exceptions(self.app, conn)(scope, receive, send)
  File "C:\Users\zqmco\AppData\Local\hermes\hermes-agent\venv\Lib\site-packages\starlette\_exception_handler.py", line 62, in wrapped_app
    raise exc
  File "C:\Users\zqmco\AppData\Local\hermes\hermes-agent\venv\Lib\site-packages\starlette\_exception_handler.py", line 51, in wrapped_app
    await app(scope, receive, sender)
  File "C:\Users\zqmco\AppData\Local\hermes\hermes-agent\venv\Lib\site-packages\starlette\routing.py", line 715, in __call__
    await self.middleware_stack(scope, receive, send)
  File "C:\Users\zqmco\AppData\Local\hermes\hermes-agent\venv\Lib\site-packages\starlette\routing.py", line 735, in app
    await route.handle(scope, receive, send)
  File "C:\Users\zqmco\AppData\Local\hermes\hermes-agent\venv\Lib\site-packages\starlette\routing.py", line 288, in handle
    await self.app(scope, receive, send)
  File "C:\Users\zqmco\AppData\Local\hermes\hermes-agent\venv\Lib\site-packages\starlette\routing.py", line 76, in app
    await wrap_app_handling_exceptions(app, request)(scope, receive, send)
  File "C:\Users\zqmco\AppData\Local\hermes\hermes-agent\venv\Lib\site-packages\starlette\_exception_handler.py", line 62, in wrapped_app
    raise exc
  File "C:\Users\zqmco\AppData\Local\hermes\hermes-agent\venv\Lib\site-packages\starlette\_exception_handler.py", line 51, in wrapped_app
    await app(scope, receive, sender)
  File "C:\Users\zqmco\AppData\Local\hermes\hermes-agent\venv\Lib\site-packages\starlette\routing.py", line 73, in app
    response = await f(request)
               ^^^^^^^^^^^^^^^^
  File "C:\Users\zqmco\AppData\Local\hermes\hermes-agent\venv\Lib\site-packages\fastapi\routing.py", line 301, in app
    raw_response = await run_endpoint_function(
                   ^^^^^^^^^^^^^^^^^^^^^^^^^^^^
  File "C:\Users\zqmco\AppData\Local\hermes\hermes-agent\venv\Lib\site-packages\fastapi\routing.py", line 214, in run_endpoint_function
    return await run_in_threadpool(dependant.call, **values)
           ^^^^^^^^^^^^^^^^^^^^^^^^^^^^^^^^^^^^^^^^^^^^^^^^^
  File "C:\Users\zqmco\AppData\Local\hermes\hermes-agent\venv\Lib\site-packages\starlette\concurrency.py", line 39, in run_in_threadpool
    return await anyio.to_thread.run_sync(func, *args)
           ^^^^^^^^^^^^^^^^^^^^^^^^^^^^^^^^^^^^^^^^^^^
  File "C:\Users\zqmco\AppData\Local\hermes\hermes-agent\venv\Lib\site-packages\anyio\to_thread.py", line 63, in run_sync
    return await get_async_backend().run_sync_in_worker_thread(
           ^^^^^^^^^^^^^^^^^^^^^^^^^^^^^^^^^^^^^^^^^^^^^^^^^^^^
  File "C:\Users\zqmco\AppData\Local\hermes\hermes-agent\venv\Lib\site-packages\anyio\_backends\_asyncio.py", line 2502, in run_sync_in_worker_thread
    return await future
           ^^^^^^^^^^^^
  File "C:\Users\zqmco\AppData\Local\hermes\hermes-agent\venv\Lib\site-packages\anyio\_backends\_asyncio.py", line 986, in run
    result = context.run(func, *args)
             ^^^^^^^^^^^^^^^^^^^^^^^^
  File "C:\Users\zqmco\Docker\volusia-portal\backend\gamification\scoring.py", line 160, in contribute
    if req.quality_score: qs=req.quality_score
       ^^^^^^^^^^^^^^^^^
  File "C:\Users\zqmco\AppData\Local\hermes\hermes-agent\venv\Lib\site-packages\pydantic\main.py", line 792, in __getattr__
    raise AttributeError(f'{type(self).__name__!r} object has no attribute {item!r}')
AttributeError: 'ContributeRequest' object has no attribute 'quality_score'
ERROR:    Exception in ASGI application
Traceback (most recent call last):
  File "C:\Users\zqmco\AppData\Local\hermes\hermes-agent\venv\Lib\site-packages\uvicorn\protocols\http\httptools_impl.py", line 399, in run_asgi
    result = await app(  # type: ignore[func-returns-value]
             ^^^^^^^^^^^^^^^^^^^^^^^^^^^^^^^^^^^^^^^^^^^^^^
  File "C:\Users\zqmco\AppData\Local\hermes\hermes-agent\venv\Lib\site-packages\uvicorn\middleware\proxy_headers.py", line 70, in __call__
    return await self.app(scope, receive, send)
           ^^^^^^^^^^^^^^^^^^^^^^^^^^^^^^^^^^^^
  File "C:\Users\zqmco\AppData\Local\hermes\hermes-agent\venv\Lib\site-packages\fastapi\applications.py", line 1054, in __call__
    await super().__call__(scope, receive, send)
  File "C:\Users\zqmco\AppData\Local\hermes\hermes-agent\venv\Lib\site-packages\starlette\applications.py", line 113, in __call__
    await self.middleware_stack(scope, receive, send)
  File "C:\Users\zqmco\AppData\Local\hermes\hermes-agent\venv\Lib\site-packages\starlette\middleware\errors.py", line 187, in __call__
    raise exc
  File "C:\Users\zqmco\AppData\Local\hermes\hermes-agent\venv\Lib\site-packages\starlette\middleware\errors.py", line 165, in __call__
    await self.app(scope, receive, _send)
  File "C:\Users\zqmco\AppData\Local\hermes\hermes-agent\venv\Lib\site-packages\starlette\middleware\cors.py", line 85, in __call__
    await self.app(scope, receive, send)
  File "C:\Users\zqmco\AppData\Local\hermes\hermes-agent\venv\Lib\site-packages\starlette\middleware\exceptions.py", line 62, in __call__
    await wrap_app_handling_exceptions(self.app, conn)(scope, receive, send)
  File "C:\Users\zqmco\AppData\Local\hermes\hermes-agent\venv\Lib\site-packages\starlette\_exception_handler.py", line 62, in wrapped_app
    raise exc
  File "C:\Users\zqmco\AppData\Local\hermes\hermes-agent\venv\Lib\site-packages\starlette\_exception_handler.py", line 51, in wrapped_app
    await app(scope, receive, sender)
  File "C:\Users\zqmco\AppData\Local\hermes\hermes-agent\venv\Lib\site-packages\starlette\routing.py", line 715, in __call__
    await self.middleware_stack(scope, receive, send)
  File "C:\Users\zqmco\AppData\Local\hermes\hermes-agent\venv\Lib\site-packages\starlette\routing.py", line 735, in app
    await route.handle(scope, receive, send)
  File "C:\Users\zqmco\AppData\Local\hermes\hermes-agent\venv\Lib\site-packages\starlette\routing.py", line 288, in handle
    await self.app(scope, receive, send)
  File "C:\Users\zqmco\AppData\Local\hermes\hermes-agent\venv\Lib\site-packages\starlette\routing.py", line 76, in app
    await wrap_app_handling_exceptions(app, request)(scope, receive, send)
  File "C:\Users\zqmco\AppData\Local\hermes\hermes-agent\venv\Lib\site-packages\starlette\_exception_handler.py", line 62, in wrapped_app
    raise exc
  File "C:\Users\zqmco\AppData\Local\hermes\hermes-agent\venv\Lib\site-packages\starlette\_exception_handler.py", line 51, in wrapped_app
    await app(scope, receive, sender)
  File "C:\Users\zqmco\AppData\Local\hermes\hermes-agent\venv\Lib\site-packages\starlette\routing.py", line 73, in app
    response = await f(request)
               ^^^^^^^^^^^^^^^^
  File "C:\Users\zqmco\AppData\Local\hermes\hermes-agent\venv\Lib\site-packages\fastapi\routing.py", line 301, in app
    raw_response = await run_endpoint_function(
                   ^^^^^^^^^^^^^^^^^^^^^^^^^^^^
  File "C:\Users\zqmco\AppData\Local\hermes\hermes-agent\venv\Lib\site-packages\fastapi\routing.py", line 214, in run_endpoint_function
    return await run_in_threadpool(dependant.call, **values)
           ^^^^^^^^^^^^^^^^^^^^^^^^^^^^^^^^^^^^^^^^^^^^^^^^^
  File "C:\Users\zqmco\AppData\Local\hermes\hermes-agent\venv\Lib\site-packages\starlette\concurrency.py", line 39, in run_in_threadpool
    return await anyio.to_thread.run_sync(func, *args)
           ^^^^^^^^^^^^^^^^^^^^^^^^^^^^^^^^^^^^^^^^^^^
  File "C:\Users\zqmco\AppData\Local\hermes\hermes-agent\venv\Lib\site-packages\anyio\to_thread.py", line 63, in run_sync
    return await get_async_backend().run_sync_in_worker_thread(
           ^^^^^^^^^^^^^^^^^^^^^^^^^^^^^^^^^^^^^^^^^^^^^^^^^^^^
  File "C:\Users\zqmco\AppData\Local\hermes\hermes-agent\venv\Lib\site-packages\anyio\_backends\_asyncio.py", line 2502, in run_sync_in_worker_thread
    return await future
           ^^^^^^^^^^^^
  File "C:\Users\zqmco\AppData\Local\hermes\hermes-agent\venv\Lib\site-packages\anyio\_backends\_asyncio.py", line 986, in run
    result = context.run(func, *args)
             ^^^^^^^^^^^^^^^^^^^^^^^^
  File "C:\Users\zqmco\Docker\volusia-portal\backend\gamification\scoring.py", line 160, in contribute
    if req.quality_score: qs=req.quality_score
       ^^^^^^^^^^^^^^^^^
  File "C:\Users\zqmco\AppData\Local\hermes\hermes-agent\venv\Lib\site-packages\pydantic\main.py", line 792, in __getattr__
    raise AttributeError(f'{type(self).__name__!r} object has no attribute {item!r}')
AttributeError: 'ContributeRequest' object has no attribute 'quality_score'
